CustomerID,Age,Gender,CityTier,AnnualIncome,MembershipYears,RecencyDays,Frequency,AvgOrderValue,TotalSpend,PreferredCategory,DiscountSensitivity,OnlineEngagementScore,CartAbandonRate,ReturnsRate,SupportTickets,ChurnRisk
CUST100000,40,Male,Tier 3,48295,0.0,6,5,52.99,283.97,Groceries,0.25,54.4,0.55,0.19,2,Medium
CUST100001,33,Female,Tier 2,48180,1.2,88,4,59.72,241.83,Electronics,0.35,63.4,0.22,0.1,1,Medium
CUST100002,42,Female,Tier 1,81641,0.9,45,5,77.3,436.66,Fashion,0.52,39.8,0.38,0.21,1,Medium
CUST100003,51,Female,Tier 2,59955,2.6,13,11,69.29,757.26,Sports,0.67,76.3,0.31,0.16,0,Low
CUST100004,32,Female,Tier 1,66290,3.2,36,8,40.2,327.51,Sports,0.19,71.1,0.23,0.16,1,Low
CUST100005,32,Female,Tier 1,82113,0.8,33,2,94.86,195.19,Beauty,0.24,49.0,0.1,0.25,1,Medium
CUST100006,52,Male,Tier 3,27431,3.7,47,7,41.03,279.45,Sports,0.92,70.0,0.63,0.13,0,Low
CUST100007,43,Male,Tier 1,96929,0.8,11,7,95.73,738.16,Beauty,0.07,64.7,0.24,0.08,0,Low
CUST100008,29,Female,Tier 2,58908,1.3,89,5,72.39,327.76,Electronics,0.42,65.7,0.2,0.1,1,Medium
CUST100009,40,Male,Tier 3,49593,2.9,16,8,39.82,323.8,Fashion,0.13,46.1,0.3,0.04,1,Low
CUST100010,29,Female,Tier 2,55993,2.6,53,7,95.6,713.82,Electronics,0.14,54.5,0.44,0.15,1,Low
CUST100011,29,Female,Tier 1,66923,9.6,1,21,74.23,1747.75,Electronics,0.64,91.0,0.49,0.15,0,Low
CUST100012,37,Male,Tier 1,39638,0.6,20,3,50.84,170.09,Electronics,0.42,21.9,0.37,0.05,0,Medium
CUST100013,18,Male,Tier 1,90108,2.4,19,5,80.61,404.11,Groceries,0.5,45.1,0.28,0.17,0,Medium
CUST100014,18,Female,Tier 2,53943,2.1,35,6,65.31,408.69,Beauty,0.21,48.7,0.26,0.06,0,Low
CUST100015,28,Male,Tier 1,75174,5.4,3,16,103.45,1602.68,Beauty,0.66,93.1,0.19,0.23,1,Low
CUST100016,23,Female,Tier 1,82327,0.4,70,6,104.14,618.87,Groceries,0.57,46.5,0.28,0.28,0,Medium
CUST100017,38,Male,Tier 3,37819,3.1,11,10,64.33,721.71,Sports,0.4,59.1,0.22,0.46,0,Low
CUST100018,25,Female,Tier 2,64522,1.8,50,4,81.96,370.2,Groceries,0.18,62.8,0.28,0.12,1,Medium
CUST100019,19,Male,Tier 1,58782,0.7,73,4,63.61,284.62,Beauty,0.67,31.3,0.33,0.08,0,Medium
CUST100020,51,Female,Tier 2,81641,1.4,37,6,66.28,354.54,Fashion,0.15,33.4,0.2,0.38,2,Low
CUST100021,32,Male,Tier 2,20509,0.9,60,7,34.08,263.61,Fashion,0.44,53.7,0.61,0.12,1,Low
CUST100022,35,Female,Tier 1,68216,1.9,48,9,73.31,748.54,Beauty,0.1,45.8,0.64,0.09,1,Low
CUST100023,19,Male,Tier 1,52749,4.8,19,8,79.69,610.98,Fashion,0.76,47.2,0.17,0.08,1,Low
CUST100024,29,Female,Tier 3,60380,1.9,74,7,74.96,527.66,Groceries,0.36,63.5,0.22,0.35,0,Medium
CUST100025,36,Female,Tier 2,68860,2.2,15,4,101.57,440.3,Fashion,0.13,67.0,0.34,0.27,2,Medium
CUST100026,22,Male,Tier 2,42062,1.6,38,6,73.01,446.22,Groceries,0.1,67.7,0.3,0.22,2,Low
CUST100027,39,Male,Tier 1,58780,0.1,61,4,62.14,285.36,Sports,0.62,65.2,0.24,0.46,0,Medium
CUST100028,28,Male,Tier 1,65208,0.6,21,3,47.41,140.34,Electronics,0.28,68.8,0.37,0.12,0,Medium
CUST100029,31,Female,Tier 1,52260,1.5,16,9,84.33,807.68,Beauty,0.04,40.9,0.57,0.36,0,Low
CUST100030,28,Female,Tier 1,82355,0.8,27,6,109.02,711.54,Electronics,0.34,64.7,0.26,0.21,1,Low
CUST100031,55,Female,Tier 1,71354,0.4,76,5,58.97,294.33,Fashion,0.88,46.0,0.29,0.1,0,Medium
CUST100032,34,Male,Tier 1,17274,1.5,119,8,57.03,505.1,Electronics,0.26,45.1,0.6,0.11,0,Medium
CUST100033,23,Male,Tier 3,43453,0.9,35,5,61.94,313.99,Home & Furniture,0.86,63.2,0.3,0.4,1,Medium
CUST100034,44,Female,Tier 3,39906,0.7,48,7,55.67,379.36,Electronics,0.72,38.4,0.57,0.06,0,Low
CUST100035,21,Male,Tier 2,25037,1.4,105,6,65.09,344.59,Groceries,0.53,30.5,0.23,0.25,0,Medium
CUST100036,37,Female,Tier 3,33526,0.3,4,3,68.11,197.8,Fashion,0.2,63.2,0.31,0.02,0,Medium
CUST100037,18,Male,Tier 1,65169,5.8,11,13,84.08,1169.75,Electronics,0.54,80.8,0.44,0.34,0,Low
CUST100038,20,Female,Tier 3,72915,4.4,55,1,87.86,98.96,Home & Furniture,0.35,48.1,0.19,0.05,0,Medium
CUST100039,37,Male,Tier 1,76437,2.7,78,11,92.94,946.18,Electronics,0.4,53.6,0.39,0.1,0,Medium
CUST100040,43,Male,Tier 3,47282,0.2,87,4,53.4,204.32,Fashion,0.24,58.2,0.59,0.1,2,Medium
CUST100041,36,Female,Tier 3,63606,3.3,24,6,72.18,388.12,Fashion,0.27,67.8,0.22,0.04,1,Low
CUST100042,33,Female,Tier 2,50936,3.6,4,10,48.91,517.08,Groceries,0.46,70.6,0.17,0.12,1,Low
CUST100043,31,Female,Tier 3,40897,3.2,25,6,49.09,335.2,Groceries,0.45,45.4,0.47,0.32,0,Low
CUST100044,18,Male,Tier 2,32421,0.3,11,5,41.52,216.38,Electronics,0.06,53.8,0.25,0.14,1,Medium
CUST100045,27,Male,Tier 1,35267,2.3,15,4,39.86,165.04,Fashion,0.61,66.6,0.21,0.14,0,Medium
CUST100046,29,Female,Tier 1,60581,4.0,66,2,72.54,147.41,Fashion,0.33,63.3,0.34,0.14,0,Medium
CUST100047,46,Female,Tier 2,67244,1.9,3,8,71.18,499.14,Fashion,0.22,61.8,0.14,0.05,1,Low
CUST100048,38,Male,Tier 1,69460,2.3,79,7,85.42,639.11,Beauty,0.65,53.1,0.41,0.01,0,Medium
CUST100049,18,Male,Tier 2,45712,1.3,25,6,33.76,208.76,Home & Furniture,0.35,57.6,0.43,0.13,2,Low
CUST100050,38,Male,Tier 3,39176,1.7,40,2,50.95,106.84,Groceries,0.32,53.3,0.11,0.17,0,Medium
CUST100051,30,Female,Tier 1,78948,0.1,4,2,87.76,196.52,Fashion,0.51,46.6,0.22,0.21,1,Medium
CUST100052,27,Male,Tier 2,33091,2.2,18,8,42.92,372.61,Home & Furniture,0.3,29.5,0.15,0.05,1,Low
CUST100053,41,Male,Tier 3,71368,0.2,4,4,76.89,333.48,Beauty,0.06,71.9,0.47,0.18,0,Medium
CUST100054,46,Male,Tier 3,41360,1.3,146,4,30.69,138.49,Groceries,0.18,64.9,0.3,0.04,0,Medium
CUST100055,45,Male,Tier 3,45456,0.8,74,7,63.23,507.67,Home & Furniture,0.65,49.3,0.42,0.02,0,Medium
CUST100056,25,Male,Tier 2,29597,1.7,27,4,54.38,222.82,Home & Furniture,0.14,42.5,0.43,0.24,1,Medium
CUST100057,31,Male,Tier 3,44374,0.3,11,7,64.38,397.78,Groceries,0.52,61.3,0.08,0.23,0,Low
CUST100058,38,Male,Tier 2,78755,2.6,121,9,101.21,899.72,Fashion,0.49,53.6,0.64,0.02,0,Medium
CUST100059,45,Female,Tier 1,83281,3.5,19,4,92.42,401.58,Home & Furniture,0.56,68.0,0.2,0.13,0,Medium
CUST100060,29,Male,Tier 2,75211,0.4,7,4,89.86,308.51,Electronics,0.36,58.0,0.47,0.16,0,Medium
CUST100061,32,Female,Tier 2,68198,0.2,37,6,79.17,411.87,Home & Furniture,0.17,48.8,0.52,0.15,0,Low
CUST100062,22,Female,Tier 1,44933,0.3,129,7,67.76,412.73,Beauty,0.31,35.3,0.09,0.25,1,Medium
CUST100063,21,Female,Tier 2,48445,4.6,1,9,36.71,353.29,Beauty,0.33,78.3,0.47,0.02,0,Low
CUST100064,43,Female,Tier 2,49156,1.7,12,5,47.56,237.88,Groceries,0.71,66.0,0.27,0.03,2,Medium
CUST100065,49,Male,Tier 1,99550,1.4,125,3,126.76,365.32,Electronics,0.58,56.2,0.37,0.04,0,Medium
CUST100066,34,Male,Tier 2,38057,0.2,8,4,14.81,52.23,Electronics,0.2,45.6,0.28,0.1,0,Medium
CUST100067,46,Female,Tier 2,80486,2.3,5,9,84.97,818.01,Home & Furniture,0.54,89.6,0.12,0.06,1,Low
CUST100068,38,Female,Tier 2,77273,4.5,37,14,101.98,1351.06,Beauty,0.09,53.4,0.43,0.15,2,Low
CUST100069,27,Female,Tier 1,99733,3.9,89,13,101.71,1229.14,Groceries,0.43,75.6,0.57,0.0,2,Medium
CUST100070,38,Female,Tier 1,63825,2.2,29,6,67.11,421.06,Electronics,0.39,36.2,0.3,0.01,0,Low
CUST100071,51,Female,Tier 1,89221,0.2,234,3,96.29,293.98,Sports,0.2,23.1,0.06,0.25,0,Medium
CUST100072,34,Male,Tier 3,95669,0.3,51,7,94.43,633.73,Sports,0.1,77.6,0.24,0.15,0,Low
CUST100073,52,Male,Tier 1,65682,0.1,3,5,75.2,391.96,Fashion,0.18,69.7,0.44,0.06,0,Medium
CUST100074,18,Female,Tier 2,25569,0.7,222,4,31.06,115.71,Groceries,0.19,29.2,0.51,0.07,3,Medium
CUST100075,44,Female,Tier 1,39759,0.3,23,7,69.76,531.51,Home & Furniture,0.17,55.5,0.24,0.35,0,Low
CUST100076,35,Male,Tier 1,82828,0.7,15,10,110.37,1014.07,Home & Furniture,0.52,69.7,0.17,0.12,1,Low
CUST100077,31,Female,Tier 3,19503,1.1,36,5,34.25,153.72,Sports,0.06,62.6,0.38,0.1,0,Medium
CUST100078,36,Male,Tier 2,53698,6.3,16,8,43.95,381.39,Electronics,0.64,79.4,0.5,0.22,1,Low
CUST100079,18,Female,Tier 1,71071,2.1,4,6,71.37,454.93,Groceries,0.17,56.1,0.56,0.04,0,Low
CUST100080,32,Male,Tier 1,72133,4.0,1,7,77.35,489.9,Home & Furniture,0.46,44.6,0.44,0.12,0,Low
CUST100081,38,Male,Tier 1,78858,2.7,26,5,93.3,412.79,Beauty,0.52,59.3,0.3,0.12,1,Medium
CUST100082,51,Female,Tier 2,70401,0.3,81,5,63.55,350.01,Beauty,0.63,46.4,0.17,0.16,0,Medium
CUST100083,29,Male,Tier 2,80619,2.9,38,5,75.65,409.64,Sports,0.53,40.6,0.13,0.37,1,Medium
CUST100084,26,Female,Tier 1,49258,0.7,321,6,68.71,390.9,Groceries,0.24,33.5,0.38,0.01,0,Medium
CUST100085,29,Female,Tier 1,55414,2.2,15,8,80.26,672.55,Beauty,0.21,61.9,0.24,0.14,1,Low
CUST100086,45,Female,Tier 1,60092,0.9,14,9,60.75,485.1,Fashion,0.52,70.3,0.54,0.06,0,Low
CUST100087,38,Male,Tier 3,71143,12.0,7,15,59.29,891.23,Fashion,0.57,68.6,0.45,0.07,1,Low
CUST100088,29,Male,Tier 3,68807,0.7,8,4,126.6,433.29,Fashion,0.37,63.0,0.19,0.26,1,Medium
CUST100089,40,Male,Tier 1,80122,0.7,15,5,98.52,476.58,Beauty,0.16,42.7,0.56,0.14,0,Medium
CUST100090,36,Female,Tier 2,81702,5.9,70,18,84.08,1320.41,Sports,0.37,69.1,0.45,0.05,0,Medium
CUST100091,45,Female,Tier 1,52795,0.1,106,3,77.03,229.37,Fashion,0.46,42.5,0.39,0.11,0,Medium
CUST100092,27,Female,Tier 1,96810,2.6,166,9,98.81,868.4,Electronics,0.15,72.3,0.38,0.02,0,Medium
CUST100093,31,Female,Tier 2,85818,2.8,11,7,104.52,719.43,Beauty,0.46,72.3,0.62,0.03,0,Low
CUST100094,30,Female,Tier 3,66241,4.0,95,13,77.59,871.09,Groceries,0.27,79.4,0.33,0.03,0,Medium
CUST100095,18,Female,Tier 3,80272,8.1,17,13,88.26,1099.75,Sports,0.25,91.3,0.27,0.17,1,Low
CUST100096,38,Male,Tier 2,31380,8.2,5,12,44.45,574.44,Fashion,0.42,100.0,0.31,0.14,0,Low
CUST100097,37,Female,Tier 1,61359,0.1,91,2,49.42,94.95,Electronics,0.62,45.4,0.5,0.3,1,Medium
CUST100098,35,Male,Tier 2,46764,3.8,45,8,88.04,749.78,Groceries,0.54,78.5,0.32,0.07,2,Low
CUST100099,32,Female,Tier 1,81786,2.3,8,12,74.03,853.58,Electronics,0.5,85.4,0.33,0.21,0,Low
CUST100100,19,Female,Tier 2,34697,2.3,25,6,28.51,167.12,Fashion,0.9,71.5,0.18,0.03,2,Low
CUST100101,30,Female,Tier 1,81634,0.3,15,11,84.84,951.13,Electronics,0.63,91.8,0.12,0.21,1,Low
CUST100102,31,Male,Tier 2,83069,2.3,60,6,74.8,509.48,Fashion,0.42,51.0,0.22,0.29,1,Low
CUST100103,26,Male,Tier 1,78913,8.9,27,17,84.99,1275.29,Electronics,0.31,75.3,0.2,0.1,1,Low
CUST100104,33,Male,Tier 1,74307,5.3,204,9,92.24,713.83,Sports,0.57,51.4,0.48,0.03,0,Medium
CUST100105,39,Male,Tier 3,38818,1.3,2,8,67.28,555.67,Fashion,0.51,63.6,0.19,0.04,1,Low
CUST100106,55,Male,Tier 1,62756,0.1,19,2,84.52,191.81,Fashion,0.13,55.9,0.23,0.04,2,Medium
CUST100107,36,Female,Tier 2,82893,1.0,29,11,84.49,1065.93,Beauty,0.31,87.9,0.45,0.14,0,Low
CUST100108,37,Female,Tier 1,84828,3.9,31,13,91.43,1182.94,Home & Furniture,0.13,67.2,0.29,0.35,0,Low
CUST100109,34,Male,Tier 1,68897,2.7,17,3,83.53,248.19,Groceries,0.16,50.6,0.18,0.02,0,Medium
CUST100110,18,Male,Tier 1,55677,1.4,58,4,40.03,167.08,Home & Furniture,0.24,54.3,0.06,0.16,0,Medium
CUST100111,34,Male,Tier 1,33135,0.1,93,5,56.17,285.54,Beauty,0.3,48.0,0.31,0.04,1,Medium
CUST100112,35,Female,Tier 3,35724,1.2,125,8,27.91,232.26,Beauty,0.27,30.5,0.42,0.13,0,Medium
CUST100113,62,Male,Tier 1,115205,1.4,73,6,146.61,978.36,Groceries,0.26,47.7,0.47,0.13,0,Medium
CUST100114,32,Female,Tier 3,30751,5.8,85,7,39.56,297.38,Beauty,0.43,63.7,0.59,0.14,0,Medium
CUST100115,38,Male,Tier 2,64610,2.3,35,7,71.07,497.02,Groceries,0.39,77.8,0.44,0.16,0,Low
CUST100116,34,Female,Tier 1,87733,0.8,78,5,81.57,403.18,Fashion,0.68,38.3,0.55,0.17,0,Medium
CUST100117,22,Female,Tier 2,32211,1.6,16,6,37.39,233.74,Beauty,0.52,46.5,0.16,0.24,0,Low
CUST100118,47,Male,Tier 2,68124,0.2,22,2,110.88,218.81,Groceries,0.45,52.2,0.67,0.2,0,Medium
CUST100119,43,Female,Tier 2,80082,7.9,17,12,100.84,1194.75,Beauty,0.61,47.4,0.49,0.14,1,Low
CUST100120,43,Male,Tier 1,73424,1.0,28,3,57.95,148.62,Electronics,0.18,47.9,0.44,0.26,1,Medium
CUST100121,24,Female,Tier 1,117231,1.4,15,6,140.26,759.27,Fashion,0.52,39.7,0.36,0.23,0,Low
CUST100122,50,Male,Tier 3,30965,1.0,146,4,63.7,253.92,Sports,0.25,59.8,0.19,0.15,1,Medium
CUST100123,19,Female,Tier 3,67657,2.5,16,6,72.16,474.87,Fashion,0.64,51.2,0.19,0.17,0,Low
CUST100124,41,Female,Tier 3,54289,2.4,4,8,69.84,521.63,Sports,0.45,85.4,0.18,0.12,0,Low
CUST100125,59,Female,Tier 1,93494,2.8,33,14,97.69,1376.95,Sports,0.24,88.1,0.34,0.39,1,Low
CUST100126,24,Female,Tier 2,63543,0.7,2,6,102.54,586.62,Beauty,0.7,54.0,0.39,0.13,0,Low
CUST100127,28,Male,Tier 2,44003,0.8,5,6,44.72,236.51,Groceries,0.52,48.6,0.56,0.06,0,Low
CUST100128,36,Male,Tier 2,64521,0.3,11,4,75.96,345.61,Groceries,0.33,54.6,0.42,0.1,0,Medium
CUST100129,29,Male,Tier 1,34157,2.3,28,4,42.04,186.05,Beauty,0.84,53.9,0.58,0.26,2,Medium
CUST100130,18,Male,Tier 2,64058,0.1,25,2,51.89,90.66,Home & Furniture,0.73,55.7,0.27,0.16,0,Medium
CUST100131,35,Female,Tier 1,75366,2.0,72,6,115.68,739.84,Groceries,0.37,45.5,0.35,0.03,2,Medium
CUST100132,23,Male,Tier 1,76695,4.5,60,9,66.19,568.47,Sports,0.06,71.0,0.65,0.16,0,Low
CUST100133,40,Female,Tier 3,76046,4.9,25,9,86.67,895.83,Home & Furniture,0.32,68.7,0.13,0.06,0,Low
CUST100134,24,Female,Tier 1,72217,1.3,18,5,54.07,254.32,Sports,0.53,54.1,0.22,0.42,1,Medium
CUST100135,52,Female,Tier 1,79465,1.4,17,8,80.23,591.53,Electronics,0.29,55.8,0.63,0.02,1,Low
CUST100136,26,Male,Tier 1,50540,0.2,66,4,68.45,279.38,Electronics,0.18,49.2,0.4,0.06,0,Medium
CUST100137,31,Female,Tier 3,40580,2.4,2,5,41.45,228.09,Fashion,0.43,50.0,0.6,0.26,1,Medium
CUST100138,43,Female,Tier 2,84561,3.8,1,11,99.27,991.24,Fashion,0.26,72.6,0.21,0.19,4,Low
CUST100139,21,Male,Tier 1,90254,0.6,71,2,91.18,193.82,Home & Furniture,0.55,47.9,0.15,0.17,1,Medium
CUST100140,37,Female,Tier 3,51514,1.2,29,8,80.33,558.08,Electronics,0.08,66.2,0.21,0.06,0,Low
CUST100141,49,Female,Tier 3,61428,4.0,6,7,91.62,721.94,Sports,0.68,84.6,0.64,0.18,0,Low
CUST100142,18,Male,Tier 1,46916,4.6,12,9,50.3,395.81,Fashion,0.59,65.2,0.65,0.03,1,Low
CUST100143,37,Male,Tier 2,81909,0.6,121,6,89.41,603.13,Fashion,0.1,62.0,0.22,0.2,1,Medium
CUST100144,37,Male,Tier 2,72777,1.8,88,7,83.4,582.19,Fashion,0.19,58.0,0.53,0.08,0,Medium
CUST100145,43,Male,Tier 2,98141,0.5,55,4,111.07,437.36,Groceries,0.33,49.6,0.51,0.18,0,Medium
CUST100146,21,Male,Tier 1,48590,0.2,29,6,60.71,415.98,Electronics,0.67,57.7,0.4,0.36,2,Low
CUST100147,20,Male,Tier 3,42195,5.3,33,8,58.02,532.45,Electronics,0.25,62.0,0.2,0.08,1,Low
CUST100148,40,Male,Tier 2,66166,3.8,166,7,71.49,522.98,Home & Furniture,0.38,50.8,0.36,0.02,1,Medium
CUST100149,38,Male,Tier 1,82836,3.1,151,7,90.76,564.25,Electronics,0.56,37.4,0.09,0.04,0,Medium
CUST100150,37,Female,Tier 1,66917,0.1,10,4,95.23,381.63,Fashion,0.43,39.4,0.25,0.05,0,Medium
CUST100151,38,Female,Tier 1,55486,4.1,74,11,75.93,842.54,Beauty,0.33,72.5,0.31,0.22,0,Medium
CUST100152,27,Female,Tier 1,82665,1.3,9,8,99.41,798.73,Electronics,0.19,75.9,0.12,0.08,0,Low
CUST100153,37,Male,Tier 2,73780,0.9,10,5,92.33,471.27,Fashion,0.52,67.9,0.25,0.01,0,Medium
CUST100154,38,Male,Tier 1,54707,1.7,50,6,63.28,324.86,Electronics,0.71,58.9,0.22,0.03,0,Low
CUST100155,27,Male,Tier 1,91197,0.2,23,6,100.78,643.0,Fashion,0.52,68.9,0.18,0.03,1,Low
CUST100156,55,Male,Tier 2,89063,3.1,120,12,77.94,994.87,Home & Furniture,0.35,70.6,0.58,0.05,1,Medium
CUST100157,40,Male,Tier 1,74417,1.9,4,3,101.05,268.18,Electronics,0.49,65.1,0.58,0.13,3,Medium
CUST100158,21,Female,Tier 3,50832,0.5,32,7,20.62,147.38,Beauty,0.35,50.5,0.26,0.16,1,Low
CUST100159,42,Male,Tier 1,82773,0.5,112,2,87.67,178.94,Beauty,0.53,29.6,0.33,0.09,1,Medium
CUST100160,24,Female,Tier 1,50089,0.4,105,5,78.85,415.83,Electronics,0.46,44.8,0.38,0.28,1,Medium
CUST100161,43,Female,Tier 1,73740,0.1,7,3,60.99,160.21,Sports,0.44,55.1,0.27,0.38,0,Medium
CUST100162,47,Male,Tier 1,36057,1.9,20,9,56.04,523.5,Fashion,0.33,63.1,0.23,0.03,2,Low
CUST100163,25,Male,Tier 1,81776,4.0,43,7,77.94,509.69,Electronics,0.41,37.2,0.29,0.13,1,Low
CUST100164,45,Female,Tier 2,35893,0.0,7,4,44.38,177.89,Electronics,0.24,78.0,0.06,0.09,2,Medium
CUST100165,39,Male,Tier 3,83661,0.1,154,8,103.91,899.44,Fashion,0.47,47.3,0.29,0.07,0,Medium
CUST100166,44,Male,Tier 1,67657,1.9,110,6,79.35,505.47,Groceries,0.33,53.1,0.37,0.19,0,Medium
CUST100167,55,Female,Tier 2,64189,3.8,8,3,42.98,114.2,Fashion,0.31,70.1,0.17,0.26,0,Medium
CUST100168,32,Male,Tier 2,47500,0.9,5,4,44.94,184.68,Beauty,0.89,29.4,0.28,0.1,1,Medium
CUST100169,26,Female,Tier 3,46215,0.9,4,5,73.14,417.17,Home & Furniture,0.06,53.5,0.3,0.05,1,Medium
CUST100170,25,Female,Tier 1,91533,2.0,108,11,103.01,1016.43,Fashion,0.48,56.6,0.58,0.07,0,Medium
CUST100171,26,Male,Tier 1,21619,0.7,9,3,64.24,213.12,Home & Furniture,0.11,51.1,0.25,0.19,0,Medium
CUST100172,34,Male,Tier 1,92585,0.1,24,3,122.39,389.48,Sports,0.37,51.5,0.3,0.16,1,Medium
CUST100173,38,Male,Tier 2,67284,2.9,26,9,70.94,690.94,Electronics,0.56,82.8,0.18,0.16,1,Low
CUST100174,38,Male,Tier 3,34473,2.2,41,8,86.28,645.09,Fashion,0.18,70.0,0.28,0.19,1,Low
CUST100175,44,Male,Tier 1,54244,1.9,3,4,65.57,245.59,Fashion,0.09,69.2,0.33,0.15,1,Medium
CUST100176,35,Female,Tier 1,100175,3.0,11,12,89.04,1198.63,Groceries,0.5,73.5,0.3,0.08,1,Low
CUST100177,50,Male,Tier 3,43980,2.5,120,6,47.15,271.0,Groceries,0.21,33.2,0.08,0.2,0,Medium
CUST100178,32,Male,Tier 3,33039,0.5,107,5,13.68,59.43,Fashion,0.17,24.3,0.3,0.31,0,Medium
CUST100179,64,Female,Tier 3,87071,1.0,68,7,116.66,841.26,Groceries,0.3,38.8,0.18,0.03,1,Medium
CUST100180,41,Female,Tier 2,68493,0.3,1,6,101.0,537.79,Groceries,0.81,66.2,0.1,0.2,1,Low
CUST100181,25,Female,Tier 1,49117,0.3,17,9,45.7,447.9,Groceries,0.32,66.7,0.17,0.05,0,Low
CUST100182,23,Male,Tier 2,59099,2.5,44,12,65.83,823.55,Electronics,0.28,67.1,0.45,0.05,1,Low
CUST100183,40,Female,Tier 2,43536,4.3,14,11,57.71,706.17,Groceries,0.29,66.2,0.18,0.11,2,Low
CUST100184,32,Female,Tier 1,88614,7.2,108,12,79.44,1034.74,Fashion,0.16,87.3,0.36,0.04,1,Medium
CUST100185,42,Male,Tier 2,81904,2.2,45,5,61.93,273.62,Groceries,0.29,45.6,0.29,0.25,1,Medium
CUST100186,40,Male,Tier 2,71576,0.4,3,11,76.49,811.37,Sports,0.67,82.8,0.31,0.15,0,Low
CUST100187,34,Female,Tier 1,76109,0.2,107,4,78.61,340.34,Groceries,0.18,47.3,0.18,0.21,1,Medium
CUST100188,25,Male,Tier 2,87701,3.7,142,6,87.26,510.58,Electronics,0.19,47.1,0.53,0.23,1,Medium
CUST100189,18,Male,Tier 2,53194,1.9,3,7,67.67,540.82,Fashion,0.2,77.8,0.59,0.06,0,Low
CUST100190,30,Male,Tier 3,31726,2.1,34,7,67.88,508.76,Beauty,0.14,78.2,0.32,0.13,0,Low
CUST100191,44,Male,Tier 1,81690,3.3,16,16,83.53,1142.22,Home & Furniture,0.66,77.5,0.37,0.13,0,Low
CUST100192,37,Female,Tier 1,108348,2.7,22,6,112.85,754.29,Groceries,0.58,69.4,0.17,0.04,1,Low
CUST100193,21,Female,Tier 2,36134,4.0,8,11,61.01,590.74,Fashion,0.36,75.6,0.3,0.11,0,Low
CUST100194,36,Female,Tier 1,63893,0.1,38,4,81.56,291.06,Fashion,0.63,54.3,0.33,0.08,0,Medium
CUST100195,39,Male,Tier 2,69096,3.0,142,11,68.36,804.86,Groceries,0.25,60.3,0.16,0.18,0,Medium
CUST100196,25,Male,Tier 2,55029,4.2,31,7,67.3,522.68,Sports,0.31,52.6,0.62,0.09,0,Low
CUST100197,36,Male,Tier 1,52718,0.7,3,4,72.14,291.71,Groceries,0.47,54.0,0.37,0.15,2,Medium
CUST100198,35,Male,Tier 2,80193,2.3,43,6,69.9,392.86,Home & Furniture,0.35,50.7,0.39,0.07,2,Low
CUST100199,22,Male,Tier 2,96560,0.8,18,7,119.42,798.65,Groceries,0.56,73.0,0.33,0.18,0,Low
CUST100200,38,Female,Tier 1,74730,7.0,87,13,103.75,1285.18,Fashion,0.63,66.2,0.43,0.14,2,Medium
CUST100201,41,Male,Tier 3,41126,0.1,25,4,43.43,164.69,Beauty,0.12,39.9,0.22,0.25,2,Medium
CUST100202,46,Female,Tier 3,31518,1.9,9,9,49.17,408.4,Groceries,0.7,58.4,0.46,0.2,0,Low
CUST100203,46,Male,Tier 2,69043,0.4,9,9,87.17,810.15,Sports,0.4,28.7,0.2,0.22,2,Low
CUST100204,19,Male,Tier 2,73469,2.7,65,6,73.04,490.88,Fashion,0.26,49.6,0.47,0.25,2,Medium
CUST100205,24,Male,Tier 2,64153,0.4,13,4,80.69,304.08,Electronics,0.35,57.2,0.24,0.42,1,Medium
CUST100206,40,Female,Tier 3,56956,0.6,65,8,69.91,506.71,Home & Furniture,0.49,57.9,0.41,0.06,2,Medium
CUST100207,40,Female,Tier 2,51393,1.5,10,9,40.81,404.6,Electronics,0.26,90.8,0.31,0.15,0,Low
CUST100208,40,Female,Tier 2,42341,5.4,17,15,62.17,1000.19,Fashion,0.53,85.2,0.18,0.13,2,Low
CUST100209,70,Male,Tier 3,84025,0.5,28,5,73.52,415.11,Fashion,0.3,63.6,0.57,0.14,1,Medium
CUST100210,41,Male,Tier 1,88847,0.3,129,6,108.13,583.68,Home & Furniture,0.79,29.4,0.32,0.21,0,Medium
CUST100211,47,Female,Tier 3,31976,3.1,120,8,36.58,261.41,Groceries,0.23,49.6,0.32,0.07,2,Medium
CUST100212,45,Male,Tier 1,102617,1.5,10,7,103.09,730.6,Electronics,0.35,57.2,0.45,0.08,0,Low
CUST100213,42,Female,Tier 1,83133,5.3,19,9,109.86,1022.68,Groceries,0.66,56.7,0.52,0.01,0,Low
CUST100214,31,Male,Tier 1,93592,0.3,7,9,105.44,943.32,Fashion,0.61,57.7,0.54,0.17,1,Low
CUST100215,43,Male,Tier 3,34041,2.3,32,3,32.18,99.41,Sports,0.34,31.1,0.22,0.04,0,Medium
CUST100216,26,Male,Tier 3,26815,0.6,27,2,27.12,49.04,Groceries,0.74,36.0,0.25,0.07,1,Medium
CUST100217,32,Male,Tier 2,56118,0.4,103,4,57.78,229.71,Home & Furniture,0.11,58.2,0.26,0.03,0,Medium
CUST100218,29,Female,Tier 2,66650,2.5,119,6,81.46,511.94,Electronics,0.41,48.4,0.53,0.37,0,Medium
CUST100219,35,Male,Tier 2,92334,2.0,21,5,102.32,501.27,Home & Furniture,0.31,51.8,0.64,0.11,2,Medium
CUST100220,60,Male,Tier 3,77709,3.1,30,14,72.11,1063.89,Home & Furniture,0.35,74.9,0.41,0.1,1,Low
CUST100221,18,Male,Tier 2,48831,0.8,101,4,43.18,170.19,Beauty,0.25,61.9,0.07,0.42,1,Medium
CUST100222,42,Male,Tier 1,54325,1.3,73,0,69.49,0.0,Electronics,0.39,42.8,0.63,0.09,1,Medium
CUST100223,18,Female,Tier 1,85340,1.1,1,4,88.39,332.73,Fashion,0.14,64.4,0.36,0.04,0,Medium
CUST100224,29,Female,Tier 2,40235,9.1,17,14,85.89,1170.32,Home & Furniture,0.4,66.1,0.25,0.1,1,Low
CUST100225,46,Female,Tier 2,93712,0.8,24,7,98.64,591.69,Electronics,0.32,54.2,0.3,0.03,1,Low
CUST100226,35,Female,Tier 1,64881,0.8,11,7,101.28,744.8,Fashion,0.42,67.1,0.35,0.13,0,Low
CUST100227,23,Male,Tier 1,93830,1.0,10,16,80.64,1423.82,Sports,0.36,100.0,0.6,0.17,0,Low
CUST100228,27,Female,Tier 3,64020,1.8,1,6,49.75,285.48,Fashion,0.28,79.1,0.5,0.2,0,Low
CUST100229,42,Male,Tier 1,70334,0.6,46,1,61.81,53.39,Sports,0.17,54.4,0.07,0.23,0,Medium
CUST100230,26,Male,Tier 2,47050,5.4,13,5,77.05,441.51,Electronics,0.48,60.5,0.33,0.03,1,Medium
CUST100231,37,Female,Tier 3,49663,0.7,2,3,87.73,244.53,Home & Furniture,0.32,72.6,0.16,0.43,1,Medium
CUST100232,35,Male,Tier 1,77709,5.0,11,12,73.02,778.09,Groceries,0.54,82.4,0.55,0.09,0,Low
CUST100233,27,Female,Tier 1,68188,0.2,72,8,69.91,537.43,Groceries,0.26,31.3,0.46,0.08,0,Medium
CUST100234,58,Male,Tier 2,58511,2.4,85,5,51.22,274.43,Sports,0.19,38.9,0.18,0.17,1,Medium
CUST100235,41,Female,Tier 3,54418,5.2,29,10,38.17,358.1,Electronics,0.12,71.2,0.32,0.03,0,Low
CUST100236,18,Female,Tier 2,54614,0.4,24,6,76.29,468.0,Beauty,0.29,38.2,0.57,0.09,0,Low
CUST100237,37,Female,Tier 3,17482,7.6,171,10,37.91,369.5,Home & Furniture,0.73,42.1,0.49,0.08,0,Medium
CUST100238,27,Female,Tier 1,75047,1.3,10,6,82.7,439.3,Fashion,0.12,52.6,0.26,0.05,0,Low
CUST100239,44,Female,Tier 2,45965,6.4,10,18,37.3,637.22,Beauty,0.18,81.9,0.24,0.32,0,Low
CUST100240,26,Male,Tier 2,35640,2.5,15,7,74.3,555.19,Fashion,0.34,59.1,0.34,0.07,0,Low
CUST100241,33,Male,Tier 3,23827,0.8,8,4,32.31,133.58,Beauty,0.28,53.7,0.61,0.17,0,Medium
CUST100242,40,Male,Tier 1,39709,0.5,21,2,61.1,108.26,Fashion,0.38,61.8,0.22,0.15,2,Medium
CUST100243,44,Female,Tier 3,34201,0.8,108,3,26.68,71.96,Beauty,0.47,42.0,0.47,0.37,0,Medium
CUST100244,21,Male,Tier 2,41637,0.2,42,6,51.84,324.17,Groceries,0.73,53.2,0.16,0.24,0,Low
CUST100245,31,Female,Tier 1,103558,0.3,23,7,110.67,847.53,Electronics,0.25,45.5,0.39,0.05,1,Low
CUST100246,29,Male,Tier 1,58134,0.2,122,5,73.35,350.19,Groceries,0.76,60.1,0.14,0.08,0,Medium
CUST100247,27,Male,Tier 3,54999,1.2,2,1,68.15,70.1,Electronics,0.66,43.7,0.44,0.04,5,Medium
CUST100248,54,Female,Tier 1,84808,3.5,10,7,98.09,618.79,Fashion,0.29,50.0,0.45,0.44,0,Low
CUST100249,39,Male,Tier 1,73959,0.3,37,4,64.67,244.04,Electronics,0.66,56.9,0.24,0.2,2,Medium
CUST100250,21,Male,Tier 1,63006,0.3,43,5,75.47,323.04,Electronics,0.2,46.5,0.54,0.18,0,Medium
CUST100251,45,Male,Tier 3,37484,2.3,1,6,52.94,343.2,Electronics,0.13,55.6,0.45,0.05,0,Low
CUST100252,58,Female,Tier 2,95316,0.5,23,2,102.91,199.71,Groceries,0.16,54.8,0.27,0.1,1,Medium
CUST100253,46,Female,Tier 2,96929,0.2,47,5,101.86,557.6,Groceries,0.33,51.4,0.46,0.04,0,Medium
CUST100254,18,Male,Tier 1,32912,0.4,53,4,28.33,120.4,Groceries,0.05,80.4,0.03,0.16,0,Medium
CUST100255,29,Male,Tier 2,39167,5.7,45,12,32.87,433.34,Fashion,0.16,68.6,0.58,0.08,2,Low
CUST100256,48,Male,Tier 2,60163,3.8,17,8,36.92,276.37,Home & Furniture,0.09,71.7,0.08,0.12,0,Low
CUST100257,27,Female,Tier 3,34438,1.0,4,3,60.96,165.6,Home & Furniture,0.77,32.3,0.22,0.16,0,Medium
CUST100258,39,Female,Tier 3,65707,2.3,25,4,87.17,398.04,Fashion,0.26,45.2,0.05,0.13,0,Medium
CUST100259,43,Male,Tier 1,60091,1.7,6,4,82.73,352.5,Beauty,0.58,44.4,0.37,0.16,1,Medium
CUST100260,24,Male,Tier 2,94571,2.5,132,8,103.41,910.18,Groceries,0.26,41.3,0.11,0.05,0,Medium
CUST100261,34,Male,Tier 1,91029,2.5,29,9,63.86,490.79,Home & Furniture,0.34,70.1,0.42,0.2,1,Low
CUST100262,18,Female,Tier 2,57026,2.2,17,4,52.12,199.38,Fashion,0.1,68.7,0.29,0.03,1,Medium
CUST100263,23,Female,Tier 1,83685,0.7,65,6,92.29,594.08,Electronics,0.23,59.6,0.09,0.1,0,Medium
CUST100264,32,Male,Tier 1,88706,0.1,31,5,95.95,419.01,Beauty,0.41,54.2,0.33,0.01,0,Medium
CUST100265,21,Male,Tier 1,54248,1.3,16,4,61.87,252.48,Beauty,0.1,48.8,0.19,0.21,0,Medium
CUST100266,52,Male,Tier 2,52108,4.9,75,13,68.96,877.4,Electronics,0.24,81.9,0.42,0.13,0,Medium
CUST100267,19,Female,Tier 1,65006,1.9,90,7,74.35,445.13,Fashion,0.39,79.9,0.16,0.2,0,Medium
CUST100268,30,Male,Tier 2,73509,3.9,50,9,83.07,688.41,Groceries,0.17,64.6,0.23,0.11,1,Low
CUST100269,36,Female,Tier 1,72903,10.5,2,13,71.17,865.48,Groceries,0.71,87.1,0.27,0.1,0,Low
CUST100270,50,Female,Tier 1,47614,0.4,37,8,74.41,525.96,Beauty,0.33,66.4,0.36,0.04,1,Low
CUST100271,19,Male,Tier 2,39149,2.6,64,5,46.16,239.91,Electronics,0.48,62.7,0.22,0.35,1,Medium
CUST100272,47,Male,Tier 1,73468,2.5,6,6,61.26,339.15,Fashion,0.32,47.4,0.55,0.31,0,Low
CUST100273,35,Male,Tier 1,68638,8.6,11,16,65.63,980.02,Electronics,0.48,75.0,0.47,0.34,0,Low
CUST100274,24,Female,Tier 2,91105,9.3,96,18,90.69,1827.45,Fashion,0.25,81.1,0.36,0.01,0,Medium
CUST100275,40,Female,Tier 1,47052,2.6,1,4,74.12,293.56,Electronics,0.13,72.4,0.59,0.15,1,Medium
CUST100276,37,Female,Tier 1,79900,0.6,62,6,85.95,499.01,Beauty,0.15,46.0,0.06,0.23,1,Medium
CUST100277,28,Female,Tier 1,94004,3.5,28,13,95.54,1325.44,Groceries,0.47,48.8,0.45,0.04,0,Low
CUST100278,35,Male,Tier 3,95886,0.2,26,8,81.18,729.25,Beauty,0.33,57.4,0.48,0.15,1,Low
CUST100279,30,Female,Tier 2,50720,3.3,1,7,74.05,444.49,Electronics,0.21,76.0,0.21,0.13,2,Low
CUST100280,36,Female,Tier 2,69245,5.3,77,8,67.92,534.92,Fashion,0.16,39.3,0.34,0.08,0,Medium
CUST100281,42,Male,Tier 2,73055,1.1,20,2,79.38,164.04,Fashion,0.3,37.9,0.37,0.02,0,Medium
CUST100282,52,Female,Tier 1,80318,2.2,35,12,109.13,1238.28,Fashion,0.39,72.4,0.14,0.23,0,Low
CUST100283,21,Female,Tier 1,62620,1.2,50,9,79.81,776.99,Beauty,0.5,61.6,0.45,0.12,0,Low
CUST100284,58,Female,Tier 2,77047,1.3,54,8,59.78,545.88,Fashion,0.5,67.7,0.52,0.42,1,Low
CUST100285,18,Female,Tier 1,17619,0.8,140,7,8.14,64.56,Electronics,0.64,35.3,0.3,0.14,0,Medium
CUST100286,33,Female,Tier 1,81477,3.2,34,9,86.93,727.44,Electronics,0.08,60.7,0.12,0.25,0,Low
CUST100287,41,Female,Tier 1,74671,6.1,22,11,64.03,646.51,Electronics,0.45,84.1,0.14,0.08,0,Low
CUST100288,38,Male,Tier 1,67195,6.2,138,10,85.72,974.85,Home & Furniture,0.3,41.9,0.2,0.19,0,Medium
CUST100289,28,Male,Tier 3,89043,0.4,46,7,94.84,655.64,Fashion,0.38,77.1,0.55,0.2,0,Low
CUST100290,32,Female,Tier 1,56651,4.6,15,8,69.69,508.73,Home & Furniture,0.27,51.7,0.36,0.03,0,Low
CUST100291,29,Male,Tier 2,50344,2.9,6,6,51.35,327.23,Home & Furniture,0.11,71.6,0.31,0.05,0,Low
CUST100292,28,Male,Tier 1,103047,0.6,83,3,131.99,370.36,Electronics,0.23,43.2,0.39,0.09,2,Medium
CUST100293,44,Male,Tier 3,43622,0.2,20,5,98.99,460.39,Electronics,0.31,44.3,0.49,0.25,1,Medium
CUST100294,38,Male,Tier 1,61297,0.7,48,5,66.9,372.56,Home & Furniture,0.39,49.2,0.37,0.35,1,Medium
CUST100295,27,Female,Tier 1,64153,5.4,28,8,78.76,566.28,Home & Furniture,0.44,69.7,0.81,0.04,3,Low
CUST100296,44,Female,Tier 2,78733,2.2,9,8,87.07,605.53,Fashion,0.16,65.0,0.3,0.06,1,Low
CUST100297,38,Male,Tier 2,64940,2.8,41,5,70.22,326.79,Electronics,0.37,69.3,0.54,0.22,1,Medium
CUST100298,43,Male,Tier 1,49932,0.7,2,1,49.13,50.71,Electronics,0.48,69.0,0.62,0.31,0,Medium
CUST100299,41,Male,Tier 1,62820,2.8,23,4,56.08,198.96,Fashion,0.41,41.5,0.4,0.05,0,Medium
CUST100300,25,Female,Tier 1,55067,0.1,35,4,48.86,193.77,Electronics,0.05,39.4,0.23,0.14,1,Medium
CUST100301,28,Female,Tier 1,65810,1.0,25,3,80.92,252.03,Fashion,0.38,37.8,0.23,0.04,1,Medium
CUST100302,43,Male,Tier 1,80865,2.2,62,9,79.59,791.25,Fashion,0.25,51.0,0.27,0.04,0,Medium
CUST100303,41,Female,Tier 2,69927,0.3,79,1,39.6,36.39,Electronics,0.25,57.4,0.29,0.03,0,Medium
CUST100304,34,Female,Tier 1,37631,3.8,66,8,58.03,508.44,Electronics,0.61,66.1,0.49,0.24,2,Medium
CUST100305,36,Female,Tier 1,89550,0.6,1,5,94.05,432.85,Beauty,0.54,53.4,0.24,0.11,0,Medium
CUST100306,49,Female,Tier 2,70146,2.3,9,7,98.66,727.24,Groceries,0.26,63.0,0.19,0.04,0,Low
CUST100307,28,Male,Tier 3,77121,1.1,34,9,89.86,791.92,Sports,0.3,81.5,0.12,0.26,0,Low
CUST100308,41,Female,Tier 2,70395,2.0,122,3,56.48,149.85,Fashion,0.17,66.7,0.56,0.11,0,Medium
CUST100309,32,Male,Tier 1,88623,0.3,81,5,60.41,321.47,Home & Furniture,0.11,55.0,0.31,0.23,3,Medium
CUST100310,32,Female,Tier 1,77197,0.0,83,9,73.54,605.82,Electronics,0.57,27.8,0.11,0.08,0,Medium
CUST100311,47,Female,Tier 3,84032,5.3,16,9,80.65,655.43,Groceries,0.68,70.0,0.31,0.1,1,Low
CUST100312,44,Female,Tier 1,83000,0.7,25,9,103.31,890.27,Electronics,0.66,76.7,0.23,0.14,0,Low
CUST100313,43,Female,Tier 1,71437,3.8,28,7,79.4,581.36,Electronics,0.83,63.9,0.47,0.09,1,Low
CUST100314,49,Male,Tier 2,106503,12.0,7,21,125.76,2430.21,Sports,0.48,100.0,0.05,0.12,1,Low
CUST100315,35,Female,Tier 2,76002,0.5,1,6,63.46,344.63,Groceries,0.31,66.2,0.22,0.22,1,Low
CUST100316,42,Female,Tier 2,73127,0.7,132,1,95.42,81.39,Sports,0.44,24.0,0.15,0.01,1,High
CUST100317,31,Female,Tier 1,45426,2.4,12,3,68.67,204.26,Fashion,0.41,44.2,0.27,0.01,0,Medium
CUST100318,38,Male,Tier 1,48010,7.4,12,18,29.73,523.68,Fashion,0.48,80.9,0.41,0.11,0,Low
CUST100319,33,Male,Tier 3,59468,5.4,3,13,89.4,1069.41,Fashion,0.36,88.5,0.44,0.25,0,Low
CUST100320,36,Male,Tier 1,73019,1.5,118,7,82.25,498.65,Home & Furniture,0.38,43.0,0.39,0.01,1,Medium
CUST100321,41,Female,Tier 2,51345,3.5,39,8,68.67,537.7,Groceries,0.5,67.6,0.19,0.16,1,Low
CUST100322,25,Female,Tier 2,58537,0.3,49,4,55.81,242.54,Sports,0.18,56.7,0.14,0.06,0,Medium
CUST100323,58,Male,Tier 2,97795,8.3,109,18,120.62,2311.38,Electronics,0.55,94.1,0.18,0.13,1,Medium
CUST100324,23,Male,Tier 1,77717,7.3,19,19,66.98,1410.37,Home & Furniture,0.48,85.6,0.25,0.18,1,Low
CUST100325,21,Female,Tier 1,43861,0.4,43,6,69.03,353.24,Fashion,0.07,36.6,0.05,0.09,1,Low
CUST100326,47,Female,Tier 2,62792,0.8,1,3,84.64,289.45,Electronics,0.48,63.7,0.12,0.19,1,Medium
CUST100327,43,Female,Tier 3,43710,0.2,9,10,41.81,398.21,Groceries,0.68,94.8,0.09,0.21,1,Low
CUST100328,41,Female,Tier 3,50421,0.7,80,2,91.77,210.54,Groceries,0.19,54.5,0.09,0.05,0,Medium
CUST100329,41,Male,Tier 1,64954,3.7,65,10,77.6,718.41,Electronics,0.55,54.0,0.19,0.15,0,Medium
CUST100330,34,Male,Tier 1,61002,1.0,19,5,80.64,399.76,Electronics,0.73,45.1,0.23,0.22,2,Medium
CUST100331,25,Female,Tier 3,28407,0.2,21,3,20.77,59.58,Fashion,0.43,42.5,0.09,0.23,1,Medium
CUST100332,35,Female,Tier 2,57702,0.9,34,7,99.85,668.71,Fashion,0.5,84.6,0.35,0.19,0,Low
CUST100333,27,Female,Tier 3,41709,8.8,1,12,36.39,481.52,Fashion,0.14,70.0,0.41,0.03,2,Low
CUST100334,45,Female,Tier 1,21269,2.2,12,4,53.1,228.1,Electronics,0.54,48.8,0.58,0.17,0,Medium
CUST100335,33,Female,Tier 2,96153,1.2,10,3,85.21,293.37,Electronics,0.42,53.1,0.48,0.17,0,Medium
CUST100336,25,Male,Tier 2,75597,0.4,12,2,73.71,152.44,Sports,0.6,49.0,0.23,0.06,2,Medium
CUST100337,31,Male,Tier 2,51626,9.4,73,20,74.85,1480.5,Sports,0.6,100.0,0.48,0.12,0,Medium
CUST100338,39,Male,Tier 1,71938,3.8,14,10,95.36,836.33,Groceries,0.45,56.4,0.35,0.04,0,Low
CUST100339,28,Male,Tier 1,46110,0.7,9,1,39.36,45.22,Sports,0.42,65.3,0.38,0.11,0,Medium
CUST100340,25,Female,Tier 2,86523,0.2,31,4,108.46,440.55,Home & Furniture,0.27,56.4,0.19,0.32,1,Medium
CUST100341,37,Female,Tier 1,104951,0.1,90,10,123.13,1305.35,Electronics,0.38,75.5,0.14,0.1,0,Medium
CUST100342,37,Male,Tier 2,63620,0.3,12,3,58.95,171.9,Electronics,0.69,73.8,0.28,0.06,2,Medium
CUST100343,29,Male,Tier 3,71023,1.9,3,9,103.17,941.82,Beauty,0.39,68.7,0.12,0.17,1,Low
CUST100344,29,Female,Tier 1,70755,5.8,19,9,57.11,582.23,Groceries,0.7,62.3,0.42,0.05,2,Low
CUST100345,37,Male,Tier 3,31738,1.5,61,4,37.08,133.48,Beauty,0.68,52.7,0.3,0.17,0,Medium
CUST100346,19,Female,Tier 1,56187,4.1,36,9,74.01,624.6,Beauty,0.23,63.3,0.28,0.16,0,Low
CUST100347,19,Female,Tier 2,55974,1.3,76,7,53.84,337.54,Fashion,0.35,36.5,0.56,0.15,2,Medium
CUST100348,27,Female,Tier 3,43618,2.7,144,6,60.31,393.58,Electronics,0.23,66.2,0.13,0.05,1,Medium
CUST100349,32,Male,Tier 1,64864,2.9,70,5,77.67,337.33,Electronics,0.63,55.9,0.1,0.16,2,Medium
CUST100350,38,Male,Tier 1,69554,0.4,41,3,75.16,197.18,Electronics,0.4,37.9,0.38,0.08,1,Medium
CUST100351,51,Female,Tier 1,74944,1.0,30,8,94.94,713.61,Electronics,0.41,38.2,0.24,0.12,1,Low
CUST100352,44,Female,Tier 1,74540,2.2,1,6,78.69,474.15,Fashion,0.54,34.0,0.35,0.05,2,Low
CUST100353,33,Male,Tier 2,40109,0.2,186,5,56.9,276.5,Electronics,0.82,50.6,0.49,0.13,1,Medium
CUST100354,34,Female,Tier 3,41693,1.0,21,8,71.94,496.93,Electronics,0.8,56.5,0.79,0.11,0,Low
CUST100355,23,Male,Tier 1,42077,1.7,7,6,66.92,456.63,Fashion,0.35,55.8,0.51,0.08,1,Low
CUST100356,34,Female,Tier 1,87200,12.0,49,15,104.46,1779.78,Fashion,0.71,81.0,0.3,0.07,0,Low
CUST100357,31,Male,Tier 1,30498,1.4,15,2,28.18,52.63,Fashion,0.58,46.3,0.19,0.07,1,Medium
CUST100358,38,Female,Tier 2,81964,3.7,39,10,96.18,1028.6,Fashion,0.55,72.7,0.36,0.0,0,Low
CUST100359,25,Male,Tier 1,90954,1.2,39,6,82.62,507.41,Groceries,0.86,59.2,0.22,0.17,0,Low
CUST100360,40,Male,Tier 2,56560,3.5,26,11,47.91,485.5,Sports,0.17,68.4,0.37,0.05,0,Low
CUST100361,51,Male,Tier 2,19543,2.0,81,4,35.21,130.79,Electronics,0.31,31.0,0.64,0.21,1,Medium
CUST100362,33,Male,Tier 2,52696,4.8,13,7,50.35,351.51,Electronics,0.68,52.9,0.83,0.19,1,Low
CUST100363,39,Female,Tier 1,70444,1.2,26,10,90.56,883.66,Beauty,0.31,74.6,0.35,0.09,0,Low
CUST100364,42,Female,Tier 2,44609,2.0,34,7,69.39,455.31,Groceries,0.49,52.4,0.22,0.04,0,Low
CUST100365,30,Male,Tier 1,58726,2.2,49,5,40.4,220.64,Home & Furniture,0.26,69.6,0.3,0.08,1,Medium
CUST100366,37,Male,Tier 1,98343,1.2,68,7,89.53,623.22,Electronics,0.31,85.4,0.28,0.31,0,Medium
CUST100367,35,Female,Tier 3,66968,0.3,22,4,53.91,225.66,Beauty,0.53,63.7,0.15,0.16,1,Medium
CUST100368,36,Female,Tier 2,43757,0.2,46,4,49.52,179.62,Sports,0.56,71.3,0.36,0.09,0,Medium
CUST100369,26,Female,Tier 1,37643,0.0,7,4,58.2,235.14,Groceries,0.29,65.9,0.19,0.05,1,Medium
CUST100370,35,Male,Tier 1,64113,4.5,121,11,69.79,725.77,Electronics,0.55,53.5,0.29,0.14,0,Medium
CUST100371,40,Male,Tier 1,68157,0.6,21,5,67.95,342.44,Beauty,0.35,60.3,0.36,0.1,0,Medium
CUST100372,50,Female,Tier 1,84931,0.5,58,8,110.28,956.57,Beauty,0.55,84.4,0.63,0.24,2,Low
CUST100373,45,Male,Tier 1,64364,2.9,1,12,39.06,506.53,Home & Furniture,0.41,67.6,0.58,0.04,1,Low
CUST100374,58,Female,Tier 1,88406,0.8,10,10,112.22,1073.12,Electronics,0.47,56.5,0.23,0.13,1,Low
CUST100375,26,Male,Tier 2,91232,1.6,30,5,87.86,464.9,Beauty,0.38,43.4,0.4,0.27,0,Medium
CUST100376,44,Female,Tier 2,78279,0.4,94,5,84.06,475.94,Electronics,0.13,48.0,0.52,0.05,1,Medium
CUST100377,37,Male,Tier 2,59934,7.1,33,9,62.03,579.32,Fashion,0.33,52.7,0.2,0.01,0,Low
CUST100378,59,Female,Tier 2,66303,4.2,119,12,98.4,1056.25,Groceries,0.46,82.2,0.38,0.08,2,Medium
CUST100379,26,Male,Tier 1,59979,4.4,29,9,51.52,488.68,Fashion,0.36,67.7,0.2,0.09,1,Low
CUST100380,25,Female,Tier 3,72251,1.1,30,10,80.39,708.61,Groceries,0.79,78.7,0.37,0.07,0,Low
CUST100381,28,Male,Tier 3,40908,3.2,5,10,62.0,689.21,Groceries,0.57,65.9,0.39,0.15,0,Low
CUST100382,18,Female,Tier 3,49014,0.3,73,6,36.68,221.18,Electronics,0.45,41.0,0.53,0.18,0,Medium
CUST100383,29,Female,Tier 3,53521,0.0,12,7,50.8,343.35,Groceries,0.46,47.1,0.62,0.17,0,Low
CUST100384,26,Female,Tier 3,42367,0.0,103,3,53.08,138.08,Sports,0.09,34.8,0.52,0.13,0,Medium
CUST100385,36,Female,Tier 2,35695,1.9,108,6,36.45,210.88,Electronics,0.47,55.4,0.53,0.15,0,Medium
CUST100386,38,Female,Tier 1,77013,1.3,129,4,71.94,322.57,Groceries,0.54,51.3,0.31,0.15,0,Medium
CUST100387,55,Female,Tier 2,66901,1.6,33,2,70.5,120.74,Fashion,0.26,57.9,0.15,0.04,0,Medium
CUST100388,45,Male,Tier 2,73004,0.0,50,3,90.58,269.67,Fashion,0.26,33.1,0.09,0.12,0,Medium
CUST100389,28,Female,Tier 2,47595,1.2,67,3,54.52,184.72,Fashion,0.16,49.3,0.5,0.18,1,Medium
CUST100390,25,Male,Tier 2,77974,2.8,6,8,101.15,783.67,Fashion,0.2,53.1,0.51,0.2,0,Low
CUST100391,40,Male,Tier 1,56218,1.3,41,6,51.88,304.57,Electronics,0.94,62.7,0.36,0.29,2,Low
CUST100392,20,Male,Tier 1,94816,2.9,1,12,80.23,985.45,Sports,0.58,79.6,0.6,0.09,1,Low
CUST100393,55,Male,Tier 3,31542,0.6,30,5,75.18,371.72,Groceries,0.47,42.9,0.29,0.08,0,Medium
CUST100394,47,Female,Tier 2,72625,3.7,7,9,70.65,572.63,Groceries,0.48,78.9,0.41,0.16,0,Low
CUST100395,29,Female,Tier 2,66157,2.0,9,9,55.47,427.12,Fashion,0.78,95.2,0.67,0.09,1,Low
CUST100396,18,Female,Tier 1,48879,0.5,20,4,34.6,142.96,Groceries,0.64,66.0,0.11,0.04,0,Medium
CUST100397,49,Male,Tier 1,83239,0.6,25,3,105.49,356.42,Fashion,0.09,51.5,0.3,0.06,0,Medium
CUST100398,33,Male,Tier 3,77231,2.2,43,14,79.24,978.35,Fashion,0.22,69.9,0.41,0.1,0,Low
CUST100399,48,Male,Tier 2,25297,3.9,3,9,37.28,306.43,Fashion,0.5,65.2,0.17,0.01,1,Low
CUST100400,18,Male,Tier 2,62249,1.2,31,8,69.49,534.28,Fashion,0.43,53.8,0.42,0.23,0,Low
CUST100401,28,Male,Tier 2,15000,0.7,9,3,47.69,156.32,Electronics,0.42,58.1,0.17,0.07,1,Medium
CUST100402,35,Male,Tier 2,42618,4.4,38,12,52.82,589.96,Groceries,0.15,56.5,0.37,0.11,1,Low
CUST100403,35,Male,Tier 1,99324,2.4,45,12,137.93,1844.87,Beauty,0.34,46.8,0.32,0.11,0,Low
CUST100404,30,Female,Tier 2,47527,1.3,36,7,61.61,373.69,Electronics,0.54,63.0,0.55,0.02,1,Low
CUST100405,41,Female,Tier 1,51270,1.5,60,8,78.65,712.43,Electronics,0.26,60.3,0.16,0.15,0,Low
CUST100406,23,Female,Tier 1,61637,0.5,18,13,83.44,1104.49,Fashion,0.13,67.3,0.2,0.1,1,Low
CUST100407,33,Female,Tier 2,96422,2.2,65,6,99.8,627.32,Sports,0.59,40.1,0.5,0.11,0,Medium
CUST100408,36,Female,Tier 3,22429,1.0,25,4,29.89,114.81,Beauty,0.12,59.0,0.15,0.12,0,Medium
CUST100409,40,Male,Tier 1,53076,12.0,29,13,69.21,975.85,Groceries,0.57,61.2,0.35,0.11,0,Low
CUST100410,42,Female,Tier 3,84753,1.4,46,4,98.28,353.8,Sports,0.38,51.7,0.4,0.11,0,Medium
CUST100411,22,Female,Tier 1,98238,1.5,1,8,93.28,645.25,Fashion,0.37,87.1,0.32,0.14,0,Low
CUST100412,18,Male,Tier 1,61338,1.8,47,7,73.61,499.12,Sports,0.56,67.1,0.48,0.02,0,Low
CUST100413,49,Male,Tier 1,53297,5.5,43,19,82.96,1743.49,Fashion,0.31,67.3,0.55,0.13,0,Low
CUST100414,38,Female,Tier 1,108925,3.5,16,9,141.82,1374.0,Fashion,0.66,51.1,0.43,0.14,0,Low
CUST100415,26,Male,Tier 2,85099,1.3,4,7,103.73,729.85,Groceries,0.26,65.4,0.13,0.21,2,Low
CUST100416,52,Female,Tier 1,89021,2.8,4,3,122.13,374.32,Fashion,0.48,39.1,0.25,0.23,2,Medium
CUST100417,36,Female,Tier 2,45776,1.9,115,8,48.71,346.41,Groceries,0.26,30.5,0.21,0.05,0,Medium
CUST100418,47,Male,Tier 3,58917,1.5,52,9,79.63,789.92,Fashion,0.45,69.2,0.44,0.09,2,Low
CUST100419,35,Male,Tier 1,67113,0.5,6,4,96.01,417.1,Groceries,0.52,61.3,0.23,0.01,1,Medium
CUST100420,57,Male,Tier 2,74755,1.4,19,5,68.85,360.41,Fashion,0.47,63.5,0.08,0.19,0,Medium
CUST100421,54,Male,Tier 1,103718,0.6,40,6,99.15,588.87,Electronics,0.16,61.2,0.56,0.21,0,Low
CUST100422,32,Male,Tier 2,74629,5.4,81,13,108.26,1603.48,Beauty,0.6,67.1,0.17,0.13,0,Medium
CUST100423,45,Female,Tier 1,54607,0.9,2,4,50.88,226.66,Beauty,0.62,49.9,0.29,0.27,0,Medium
CUST100424,42,Male,Tier 1,97576,6.7,12,16,81.2,1355.49,Sports,0.51,87.0,0.42,0.22,0,Low
CUST100425,50,Male,Tier 1,81636,1.7,99,8,110.95,853.46,Home & Furniture,0.25,74.5,0.25,0.02,1,Medium
CUST100426,24,Male,Tier 1,77967,2.2,1,4,102.92,426.26,Home & Furniture,0.34,51.9,0.27,0.42,1,Medium
CUST100427,42,Female,Tier 1,99197,1.7,10,7,109.15,781.34,Groceries,0.54,50.8,0.85,0.06,0,Low
CUST100428,46,Male,Tier 2,44391,0.3,143,5,56.31,272.62,Electronics,0.3,32.1,0.22,0.21,0,Medium
CUST100429,18,Male,Tier 3,47555,1.0,42,5,53.05,249.87,Electronics,0.47,45.4,0.59,0.02,1,Medium
CUST100430,21,Female,Tier 3,39833,0.2,13,5,57.42,279.09,Fashion,0.12,61.1,0.21,0.09,1,Medium
CUST100431,18,Female,Tier 2,24978,2.1,3,7,64.51,461.58,Beauty,0.38,38.0,0.52,0.06,0,Low
CUST100432,32,Male,Tier 1,75040,1.3,1,7,86.11,589.77,Electronics,0.66,69.2,0.16,0.18,0,Low
CUST100433,42,Female,Tier 1,118008,3.3,12,9,150.84,1261.27,Sports,0.13,74.5,0.14,0.08,0,Low
CUST100434,51,Male,Tier 1,43278,0.5,95,7,42.6,321.55,Groceries,0.17,32.9,0.48,0.12,1,Medium
CUST100435,35,Male,Tier 1,69418,0.4,24,8,77.55,626.26,Home & Furniture,0.25,51.8,0.22,0.04,0,Low
CUST100436,52,Male,Tier 2,78329,1.1,57,5,79.68,346.73,Electronics,0.09,55.3,0.71,0.11,1,Medium
CUST100437,19,Male,Tier 2,55815,5.7,112,11,50.24,530.81,Fashion,0.19,59.1,0.33,0.05,0,Medium
CUST100438,18,Female,Tier 1,61163,2.7,23,7,68.67,536.2,Sports,0.43,67.9,0.38,0.05,1,Low
CUST100439,34,Male,Tier 1,46214,1.2,9,5,64.77,348.65,Fashion,0.15,57.4,0.21,0.42,2,Medium
CUST100440,39,Male,Tier 3,60790,1.6,32,7,78.52,520.49,Fashion,0.3,76.0,0.13,0.04,0,Low
CUST100441,34,Female,Tier 2,45978,0.2,107,3,90.87,308.45,Electronics,0.54,41.4,0.28,0.17,0,Medium
CUST100442,18,Female,Tier 1,23781,9.2,73,15,46.78,612.57,Electronics,0.15,60.9,0.05,0.03,0,Medium
CUST100443,34,Male,Tier 3,76102,2.4,3,6,100.67,687.6,Fashion,0.48,48.9,0.46,0.05,1,Low
CUST100444,20,Female,Tier 3,66250,0.7,53,4,76.2,281.55,Groceries,0.65,61.5,0.23,0.19,0,Medium
CUST100445,42,Male,Tier 1,73729,1.9,38,7,106.61,636.37,Fashion,0.38,60.6,0.35,0.04,0,Low
CUST100446,39,Female,Tier 1,75723,0.3,107,5,119.08,583.58,Groceries,0.49,56.9,0.41,0.06,0,Medium
CUST100447,24,Female,Tier 2,74937,7.4,5,15,90.41,1298.77,Electronics,0.12,86.9,0.18,0.13,1,Low
CUST100448,29,Female,Tier 3,56638,0.4,34,3,52.31,158.77,Beauty,0.17,28.4,0.34,0.06,2,Medium
CUST100449,23,Male,Tier 3,66472,2.3,95,6,67.16,438.84,Home & Furniture,0.6,38.8,0.28,0.09,1,Medium
CUST100450,34,Male,Tier 1,64245,0.6,23,8,77.77,686.07,Electronics,0.12,51.5,0.22,0.44,1,Low
CUST100451,45,Male,Tier 1,97615,2.8,29,6,108.19,629.91,Fashion,0.34,49.3,0.33,0.08,2,Low
CUST100452,24,Male,Tier 2,61374,3.3,3,8,81.62,639.22,Electronics,0.27,60.7,0.22,0.16,0,Low
CUST100453,40,Male,Tier 2,65492,2.5,14,8,81.48,583.04,Beauty,0.51,76.6,0.63,0.28,0,Low
CUST100454,29,Female,Tier 1,44738,2.1,17,8,57.39,396.8,Home & Furniture,0.44,78.7,0.13,0.13,0,Low
CUST100455,26,Male,Tier 3,56565,4.9,130,16,57.59,960.48,Beauty,0.69,65.5,0.32,0.03,0,Medium
CUST100456,33,Male,Tier 2,44224,0.2,14,2,62.87,109.31,Fashion,0.71,49.6,0.18,0.15,3,Medium
CUST100457,23,Female,Tier 3,38710,0.9,27,6,80.08,514.19,Fashion,0.31,50.8,0.72,0.01,0,Low
CUST100458,28,Male,Tier 3,37523,0.6,50,7,66.57,471.45,Electronics,0.26,60.1,0.57,0.0,1,Low
CUST100459,21,Female,Tier 2,35207,9.7,7,16,57.36,834.77,Fashion,0.27,83.7,0.54,0.11,2,Low
CUST100460,56,Male,Tier 1,116645,1.1,29,9,132.65,1208.01,Groceries,0.12,74.8,0.03,0.04,1,Low
CUST100461,35,Male,Tier 2,83964,2.9,60,12,84.4,916.48,Electronics,0.69,77.6,0.41,0.28,1,Low
CUST100462,27,Male,Tier 1,101366,2.5,90,4,96.85,380.28,Home & Furniture,0.42,21.4,0.28,0.39,0,Medium
CUST100463,37,Male,Tier 2,38787,0.5,44,9,41.11,403.24,Groceries,0.73,61.8,0.53,0.42,0,Low
CUST100464,33,Female,Tier 1,70482,0.6,49,5,76.86,379.91,Beauty,0.24,71.7,0.29,0.21,1,Medium
CUST100465,32,Male,Tier 2,35516,0.7,6,2,43.27,77.42,Fashion,0.08,48.1,0.23,0.27,1,Medium
CUST100466,41,Female,Tier 1,59877,1.2,131,7,88.02,657.51,Beauty,0.16,64.6,0.38,0.02,3,Medium
CUST100467,43,Male,Tier 1,56673,0.6,6,5,60.1,272.26,Sports,0.35,55.7,0.44,0.09,0,Medium
CUST100468,29,Male,Tier 1,89912,0.0,67,1,82.89,88.82,Beauty,0.36,47.4,0.3,0.25,0,Medium
CUST100469,28,Female,Tier 1,60067,4.7,13,8,99.19,788.6,Home & Furniture,0.59,51.1,0.48,0.14,0,Low
CUST100470,31,Male,Tier 2,77630,7.4,122,12,77.92,922.06,Beauty,0.85,48.6,0.33,0.06,1,Medium
CUST100471,18,Female,Tier 2,64074,0.9,57,7,75.7,585.77,Groceries,0.33,67.0,0.38,0.12,0,Low
CUST100472,18,Female,Tier 2,94665,0.9,63,7,105.66,785.91,Electronics,0.21,68.3,0.69,0.15,0,Medium
CUST100473,50,Female,Tier 1,49370,0.0,11,8,44.09,303.29,Home & Furniture,0.28,65.2,0.29,0.03,1,Low
CUST100474,53,Female,Tier 1,99866,2.5,26,9,121.75,1028.75,Home & Furniture,0.71,50.7,0.51,0.22,0,Low
CUST100475,32,Male,Tier 1,89435,3.8,43,11,104.09,1272.4,Sports,0.52,68.2,0.44,0.11,0,Low
CUST100476,41,Male,Tier 1,54879,0.3,66,7,89.11,533.63,Groceries,0.26,72.5,0.24,0.24,1,Medium
CUST100477,38,Male,Tier 3,74328,0.4,4,9,71.75,654.52,Fashion,0.19,88.5,0.32,0.04,1,Low
CUST100478,68,Female,Tier 1,89250,3.4,147,7,95.86,716.88,Home & Furniture,0.39,45.5,0.22,0.03,0,Medium
CUST100479,47,Female,Tier 1,70705,2.1,99,9,79.51,741.75,Sports,0.52,38.2,0.22,0.09,0,Medium
CUST100480,33,Male,Tier 1,54369,0.1,14,5,69.27,373.42,Electronics,0.4,68.7,0.27,0.08,1,Medium
CUST100481,24,Female,Tier 1,52656,2.1,77,9,42.06,404.17,Fashion,0.18,57.0,0.12,0.03,0,Medium
CUST100482,18,Male,Tier 2,90096,0.8,32,9,96.74,920.82,Groceries,0.35,76.1,0.41,0.16,0,Low
CUST100483,37,Female,Tier 2,60812,1.0,27,5,49.28,270.17,Electronics,0.07,60.7,0.25,0.24,0,Medium
CUST100484,26,Male,Tier 1,80478,3.2,16,9,92.44,868.32,Electronics,0.35,55.8,0.69,0.23,1,Low
CUST100485,19,Female,Tier 1,49363,3.7,39,7,29.21,198.48,Fashion,0.19,60.8,0.18,0.04,1,Low
CUST100486,27,Female,Tier 1,52762,1.1,58,5,36.19,179.43,Beauty,0.28,69.9,0.57,0.03,0,Medium
CUST100487,23,Male,Tier 1,84675,6.5,23,14,102.84,1533.37,Electronics,0.24,73.9,0.76,0.18,0,Low
CUST100488,53,Male,Tier 1,52907,1.1,44,5,55.89,311.0,Fashion,0.54,43.2,0.4,0.13,1,Medium
CUST100489,44,Male,Tier 3,51126,3.3,54,9,47.79,400.72,Home & Furniture,0.72,43.5,0.31,0.26,0,Low
CUST100490,34,Male,Tier 2,60212,1.5,55,7,89.24,595.08,Sports,0.33,49.2,0.3,0.04,1,Low
CUST100491,51,Male,Tier 2,68404,5.0,2,9,81.92,832.55,Sports,0.33,62.9,0.47,0.2,0,Low
CUST100492,35,Female,Tier 1,66776,5.2,88,13,88.73,1180.66,Fashion,0.71,77.0,0.4,0.23,0,Medium
CUST100493,25,Female,Tier 1,73124,0.2,27,9,78.44,637.97,Sports,0.43,51.8,0.13,0.1,1,Low
CUST100494,51,Female,Tier 2,78871,6.1,13,10,125.92,1321.04,Electronics,0.33,87.3,0.14,0.03,1,Low
CUST100495,40,Male,Tier 2,75223,3.8,12,11,73.62,929.05,Home & Furniture,0.7,54.8,0.67,0.31,0,Low
CUST100496,23,Female,Tier 2,37455,3.4,29,4,77.38,339.55,Groceries,0.09,83.1,0.06,0.07,2,Medium
CUST100497,32,Female,Tier 1,63685,0.5,98,7,72.15,542.28,Fashion,0.27,74.9,0.19,0.07,0,Medium
CUST100498,25,Male,Tier 2,77505,3.6,21,10,59.77,545.35,Groceries,0.23,69.6,0.57,0.03,1,Low
CUST100499,19,Female,Tier 1,79703,4.2,62,5,93.66,521.14,Electronics,0.56,34.0,0.34,0.1,0,Medium
CUST100500,45,Female,Tier 3,34288,0.8,4,3,53.29,161.11,Beauty,0.67,54.9,0.63,0.1,0,Medium
CUST100501,56,Male,Tier 2,74726,6.7,29,8,66.5,594.13,Fashion,0.69,58.5,0.42,0.07,2,Low
CUST100502,19,Male,Tier 2,17991,0.1,215,1,21.16,20.08,Groceries,0.19,15.2,0.21,0.16,1,High
CUST100503,41,Male,Tier 1,73244,0.4,66,11,80.67,770.78,Electronics,0.62,68.9,0.33,0.08,0,Medium
CUST100504,27,Male,Tier 2,90959,1.7,10,4,101.05,401.29,Electronics,0.23,47.1,0.11,0.16,0,Medium
CUST100505,29,Female,Tier 1,50537,1.9,31,6,25.05,139.92,Sports,0.36,50.3,0.36,0.35,0,Low
CUST100506,28,Female,Tier 1,52182,2.3,11,6,79.28,506.39,Home & Furniture,0.54,58.5,0.39,0.03,1,Low
CUST100507,25,Female,Tier 1,79752,0.0,23,6,79.04,539.27,Sports,0.51,52.8,0.07,0.13,0,Low
CUST100508,35,Male,Tier 2,32229,7.1,68,16,26.88,454.72,Fashion,0.17,100.0,0.12,0.06,1,Medium
CUST100509,25,Male,Tier 1,54610,0.1,66,0,79.62,0.0,Electronics,0.29,37.0,0.08,0.18,0,Medium
CUST100510,37,Female,Tier 1,81535,0.3,11,4,87.59,345.42,Groceries,0.25,62.2,0.43,0.04,0,Medium
CUST100511,34,Female,Tier 3,43182,0.0,114,7,74.23,561.95,Groceries,0.22,54.3,0.52,0.27,1,Medium
CUST100512,32,Male,Tier 1,64552,1.8,40,12,80.36,1063.56,Electronics,0.47,74.2,0.17,0.05,0,Low
CUST100513,25,Male,Tier 2,69395,5.9,21,8,77.81,661.86,Home & Furniture,0.11,69.0,0.02,0.08,2,Low
CUST100514,28,Female,Tier 1,74787,2.4,31,9,80.03,721.95,Fashion,0.26,75.5,0.39,0.09,0,Low
CUST100515,43,Male,Tier 1,78002,3.8,41,7,92.24,670.06,Electronics,0.37,63.1,0.34,0.08,2,Low
CUST100516,40,Male,Tier 2,55895,0.0,36,3,60.38,192.04,Fashion,0.19,55.1,0.49,0.04,1,Medium
CUST100517,24,Female,Tier 1,72261,1.7,29,8,67.43,499.48,Groceries,0.39,63.8,0.25,0.08,1,Low
CUST100518,36,Male,Tier 2,58172,1.4,31,3,77.63,254.52,Home & Furniture,0.64,51.2,0.35,0.27,0,Medium
CUST100519,43,Male,Tier 2,71440,1.5,8,10,77.37,878.22,Groceries,0.24,58.3,0.14,0.2,0,Low
CUST100520,18,Male,Tier 2,44255,0.2,75,2,57.38,113.56,Groceries,0.37,45.8,0.58,0.31,0,Medium
CUST100521,40,Male,Tier 2,58713,2.5,35,12,85.27,1084.96,Electronics,0.57,73.4,0.59,0.03,2,Low
CUST100522,27,Female,Tier 1,48980,1.5,6,6,59.11,379.88,Beauty,0.15,66.2,0.58,0.01,2,Low
CUST100523,41,Male,Tier 1,71769,3.2,65,6,80.03,503.55,Sports,0.46,57.7,0.27,0.04,0,Medium
CUST100524,26,Male,Tier 2,41801,1.5,121,5,45.84,232.44,Home & Furniture,0.4,45.1,0.34,0.01,0,Medium
CUST100525,18,Female,Tier 2,33147,0.4,132,3,54.08,180.82,Electronics,0.26,42.1,0.07,0.06,1,Medium
CUST100526,18,Female,Tier 3,52855,2.3,20,4,69.29,272.91,Groceries,0.36,49.4,0.23,0.3,0,Medium
CUST100527,35,Female,Tier 3,58829,0.4,6,5,82.54,358.36,Groceries,0.54,63.2,0.16,0.28,0,Medium
CUST100528,37,Male,Tier 3,69891,4.5,32,12,69.56,921.0,Sports,0.26,68.1,0.33,0.13,1,Low
CUST100529,25,Male,Tier 2,48239,2.1,5,6,53.33,336.68,Sports,0.55,63.7,0.45,0.18,0,Low
CUST100530,42,Female,Tier 1,80144,0.4,122,7,98.67,763.06,Beauty,0.14,63.8,0.39,0.37,0,Medium
CUST100531,18,Female,Tier 2,63114,7.2,9,8,76.38,544.78,Electronics,0.28,56.6,0.37,0.03,0,Low
CUST100532,34,Male,Tier 2,67605,1.6,13,6,62.74,323.45,Sports,0.57,67.9,0.41,0.18,1,Low
CUST100533,21,Male,Tier 1,49538,0.2,23,5,80.88,457.1,Groceries,0.13,58.1,0.38,0.13,1,Medium
CUST100534,27,Male,Tier 3,54488,2.2,21,4,39.93,142.84,Beauty,0.35,80.2,0.34,0.14,0,Medium
CUST100535,35,Female,Tier 3,61554,0.6,71,6,83.06,544.66,Fashion,0.42,52.3,0.23,0.02,2,Medium
CUST100536,25,Female,Tier 2,56129,3.6,27,14,47.8,734.09,Fashion,0.35,83.6,0.14,0.03,0,Low
CUST100537,30,Male,Tier 1,30443,3.7,8,12,73.66,939.26,Fashion,0.7,73.4,0.42,0.03,0,Low
CUST100538,46,Male,Tier 1,77288,8.5,13,19,61.24,1034.85,Electronics,0.33,70.0,0.12,0.05,0,Low
CUST100539,28,Female,Tier 3,92025,1.5,32,2,113.97,239.39,Fashion,0.66,44.6,0.44,0.04,1,Medium
CUST100540,44,Female,Tier 3,52119,1.3,7,5,62.21,347.36,Beauty,0.46,69.9,0.53,0.06,1,Medium
CUST100541,22,Male,Tier 1,51694,3.1,42,8,57.58,450.35,Electronics,0.23,56.6,0.19,0.05,0,Low
CUST100542,40,Female,Tier 1,78720,0.3,37,6,88.38,516.52,Electronics,0.44,31.7,0.39,0.13,2,Low
CUST100543,50,Female,Tier 3,66622,1.7,56,8,85.0,668.34,Electronics,0.29,60.0,0.55,0.1,2,Low
CUST100544,18,Male,Tier 1,84669,1.7,124,9,76.99,606.08,Fashion,0.57,42.5,0.11,0.42,1,Medium
CUST100545,26,Female,Tier 2,33758,0.2,109,1,35.89,40.11,Sports,0.65,42.7,0.24,0.09,0,Medium
CUST100546,41,Male,Tier 3,70564,1.2,131,4,88.55,393.43,Electronics,0.63,63.5,0.2,0.15,0,Medium
CUST100547,32,Female,Tier 1,79427,4.2,12,7,60.58,487.4,Electronics,0.56,72.0,0.27,0.17,1,Low
CUST100548,39,Female,Tier 2,59041,4.3,6,5,60.44,309.92,Beauty,0.29,77.8,0.39,0.5,0,Medium
CUST100549,28,Female,Tier 1,73296,0.2,16,9,126.69,1226.13,Beauty,0.41,59.7,0.48,0.18,0,Low
CUST100550,35,Female,Tier 1,88530,0.2,101,6,79.25,433.09,Electronics,0.18,50.2,0.07,0.13,1,Medium
CUST100551,33,Male,Tier 3,69901,0.7,160,2,95.47,200.54,Home & Furniture,0.79,25.5,0.35,0.15,0,High
CUST100552,47,Female,Tier 1,54225,4.6,88,13,56.4,766.14,Groceries,0.31,59.0,0.08,0.01,0,Medium
CUST100553,37,Female,Tier 3,70562,0.3,5,6,86.44,581.06,Home & Furniture,0.57,50.4,0.7,0.19,2,Low
CUST100554,38,Male,Tier 2,60035,2.8,132,4,79.84,351.05,Groceries,0.1,29.1,0.65,0.17,0,Medium
CUST100555,30,Female,Tier 1,69311,0.2,24,4,94.69,428.58,Sports,0.4,72.0,0.25,0.03,1,Medium
CUST100556,29,Female,Tier 1,68917,2.1,1,6,74.43,495.99,Electronics,0.11,36.8,0.09,0.28,0,Low
CUST100557,30,Male,Tier 1,65295,1.0,26,8,104.25,926.25,Fashion,0.73,79.8,0.27,0.01,1,Low
CUST100558,39,Female,Tier 1,93050,3.4,2,7,88.7,539.63,Fashion,0.32,78.8,0.1,0.07,1,Low
CUST100559,30,Female,Tier 1,66493,0.6,35,7,78.92,609.78,Fashion,0.52,66.5,0.35,0.25,0,Low
CUST100560,38,Male,Tier 1,51048,2.2,18,6,66.22,410.13,Sports,0.48,46.8,0.32,0.05,1,Low
CUST100561,57,Female,Tier 2,61716,0.6,28,5,54.6,263.21,Groceries,0.15,38.2,0.43,0.09,1,Medium
CUST100562,44,Male,Tier 2,66816,2.8,42,6,71.39,371.35,Electronics,0.29,51.2,0.19,0.2,0,Low
CUST100563,31,Male,Tier 2,80525,4.6,91,8,89.53,754.42,Fashion,0.34,64.4,0.19,0.12,0,Medium
CUST100564,48,Male,Tier 2,76055,0.3,48,7,76.9,510.56,Fashion,0.06,59.2,0.17,0.21,0,Low
CUST100565,30,Female,Tier 1,52690,4.4,25,5,100.52,497.74,Sports,0.5,45.0,0.2,0.09,1,Medium
CUST100566,18,Female,Tier 1,107933,2.0,77,8,97.36,821.34,Groceries,0.08,72.1,0.31,0.06,0,Medium
CUST100567,23,Male,Tier 2,59965,0.3,106,6,87.66,590.93,Groceries,0.56,71.6,0.44,0.05,0,Medium
CUST100568,18,Male,Tier 2,76157,1.2,5,4,96.31,422.85,Home & Furniture,0.47,54.8,0.41,0.07,0,Medium
CUST100569,31,Female,Tier 1,65669,0.4,34,1,74.52,73.42,Home & Furniture,0.65,49.9,0.53,0.03,1,Medium
CUST100570,35,Male,Tier 3,64600,2.7,15,5,60.86,294.06,Groceries,0.05,40.4,0.33,0.07,0,Medium
CUST100571,53,Female,Tier 2,82310,3.1,2,14,77.07,994.75,Fashion,0.77,72.8,0.3,0.08,1,Low
CUST100572,38,Female,Tier 2,83127,0.2,49,6,81.5,470.29,Beauty,0.04,63.2,0.58,0.08,0,Low
CUST100573,32,Male,Tier 1,87832,1.6,89,7,66.41,410.63,Home & Furniture,0.51,59.4,0.41,0.27,0,Medium
CUST100574,44,Female,Tier 2,79299,3.7,8,5,71.03,405.34,Home & Furniture,0.1,53.1,0.07,0.13,0,Medium
CUST100575,18,Male,Tier 2,47528,6.1,75,7,37.37,267.39,Sports,0.32,53.2,0.51,0.25,0,Medium
CUST100576,37,Female,Tier 2,50508,1.6,86,10,82.28,730.93,Beauty,0.1,56.0,0.09,0.02,1,Medium
CUST100577,43,Female,Tier 2,69186,6.6,110,8,86.93,664.73,Beauty,0.25,51.7,0.18,0.22,0,Medium
CUST100578,18,Female,Tier 3,64996,1.7,13,8,85.95,697.3,Sports,0.48,69.8,0.48,0.06,0,Low
CUST100579,47,Male,Tier 2,60791,1.1,105,1,79.49,80.27,Electronics,0.48,17.9,0.28,0.07,1,Medium
CUST100580,38,Female,Tier 1,90373,4.1,17,14,97.82,1178.64,Groceries,0.29,75.4,0.16,0.08,1,Low
CUST100581,30,Male,Tier 2,84147,1.5,36,8,112.03,1017.46,Groceries,0.65,66.6,0.26,0.31,1,Low
CUST100582,41,Male,Tier 2,45906,1.4,2,2,49.09,91.56,Fashion,0.12,47.0,0.47,0.37,0,Medium
CUST100583,59,Male,Tier 2,54535,1.5,2,12,67.05,687.82,Beauty,0.11,68.0,0.16,0.21,0,Low
CUST100584,37,Female,Tier 1,68273,4.1,57,2,88.1,153.81,Home & Furniture,0.11,42.9,0.2,0.42,0,Medium
CUST100585,37,Female,Tier 1,76337,3.9,26,7,63.8,457.34,Home & Furniture,0.35,55.7,0.73,0.21,0,Low
CUST100586,29,Female,Tier 3,43157,1.1,13,4,102.41,365.13,Sports,0.08,56.8,0.24,0.05,0,Medium
CUST100587,25,Female,Tier 2,80339,0.9,9,6,87.38,452.2,Fashion,0.39,62.6,0.2,0.17,0,Low
CUST100588,44,Male,Tier 3,66233,1.5,49,5,77.32,372.64,Home & Furniture,0.43,29.9,0.69,0.2,3,Medium
CUST100589,25,Female,Tier 2,56710,1.9,1,12,86.11,1071.38,Groceries,0.3,81.7,0.39,0.43,3,Low
CUST100590,35,Male,Tier 2,34153,0.6,73,3,62.19,164.84,Fashion,0.11,45.2,0.52,0.2,1,Medium
CUST100591,29,Female,Tier 2,33915,3.5,3,5,48.83,230.48,Electronics,0.57,82.9,0.3,0.04,0,Medium
CUST100592,40,Female,Tier 3,62058,1.5,9,5,73.67,359.26,Beauty,0.42,44.8,0.38,0.08,0,Medium
CUST100593,38,Female,Tier 2,22813,0.9,21,2,16.45,29.54,Groceries,0.34,41.5,0.62,0.12,1,Medium
CUST100594,46,Female,Tier 2,82627,0.2,29,9,80.51,725.91,Beauty,0.25,62.7,0.49,0.16,0,Low
CUST100595,29,Male,Tier 1,64753,0.6,19,10,81.72,715.51,Groceries,0.46,73.1,0.41,0.17,1,Low
CUST100596,32,Male,Tier 2,117175,6.6,17,9,124.3,966.51,Electronics,0.77,42.9,0.26,0.27,2,Low
CUST100597,24,Female,Tier 2,97142,0.8,149,5,119.27,599.9,Fashion,0.24,35.2,0.29,0.14,0,Medium
CUST100598,30,Male,Tier 1,64733,0.4,46,5,72.14,333.42,Fashion,0.21,62.5,0.41,0.04,0,Medium
CUST100599,39,Male,Tier 1,69685,1.4,1,4,57.26,201.24,Sports,0.16,46.5,0.2,0.06,2,Medium
CUST100600,43,Male,Tier 1,91120,0.8,25,5,111.78,546.14,Electronics,0.41,73.9,0.22,0.12,0,Medium
CUST100601,24,Female,Tier 1,96257,0.1,93,5,121.76,684.62,Sports,0.54,45.3,0.49,0.14,0,Medium
CUST100602,44,Male,Tier 1,44115,0.9,16,1,70.24,74.96,Sports,0.16,39.6,0.45,0.04,1,Medium
CUST100603,49,Male,Tier 1,43445,1.7,4,6,53.75,353.04,Sports,0.38,68.9,0.3,0.15,0,Low
CUST100604,39,Female,Tier 3,45403,1.8,63,12,73.5,980.41,Groceries,0.35,87.0,0.18,0.25,1,Medium
CUST100605,55,Female,Tier 2,78489,1.0,41,3,136.84,468.73,Sports,0.41,56.9,0.56,0.02,0,Medium
CUST100606,26,Male,Tier 1,75343,1.3,38,8,84.51,729.47,Fashion,0.45,77.3,0.39,0.03,1,Low
CUST100607,21,Male,Tier 1,83655,7.4,2,11,70.04,795.5,Electronics,0.3,91.9,0.17,0.27,0,Low
CUST100608,18,Male,Tier 2,31605,1.0,6,7,37.54,252.17,Fashion,0.14,52.3,0.7,0.15,1,Low
CUST100609,51,Male,Tier 1,34709,0.7,43,6,58.31,316.45,Sports,0.15,69.0,0.43,0.22,2,Low
CUST100610,42,Male,Tier 3,73244,0.6,10,6,56.96,360.9,Electronics,0.23,42.7,0.17,0.06,1,Low
CUST100611,34,Female,Tier 2,44692,1.3,31,9,59.78,617.91,Groceries,0.51,70.0,0.21,0.06,0,Low
CUST100612,38,Female,Tier 2,24867,3.1,35,9,46.43,413.78,Electronics,0.17,63.6,0.19,0.27,0,Low
CUST100613,22,Female,Tier 1,67411,0.5,15,5,99.2,529.28,Fashion,0.41,73.4,0.38,0.02,0,Medium
CUST100614,61,Male,Tier 2,84677,2.7,133,5,110.22,550.29,Electronics,0.41,60.8,0.21,0.35,1,Medium
CUST100615,36,Female,Tier 1,68202,0.0,83,6,89.8,527.8,Beauty,0.86,60.5,0.44,0.07,0,Medium
CUST100616,36,Male,Tier 3,47158,1.2,57,4,26.86,104.55,Groceries,0.66,55.9,0.42,0.01,1,Medium
CUST100617,42,Female,Tier 2,59931,3.3,3,12,83.76,1006.51,Beauty,0.51,79.8,0.18,0.15,1,Low
CUST100618,40,Female,Tier 1,65329,0.9,5,5,85.02,408.13,Home & Furniture,0.29,60.2,0.25,0.01,0,Medium
CUST100619,37,Male,Tier 1,46535,1.8,30,10,62.62,672.93,Sports,0.31,66.3,0.23,0.22,0,Low
CUST100620,26,Female,Tier 1,53535,0.5,7,6,38.66,258.0,Groceries,0.44,78.6,0.29,0.2,0,Low
CUST100621,40,Male,Tier 2,71383,3.0,172,9,67.83,680.59,Groceries,0.16,69.6,0.14,0.01,0,Medium
CUST100622,55,Female,Tier 1,83790,0.1,7,3,72.32,199.24,Groceries,0.35,53.6,0.21,0.15,0,Medium
CUST100623,49,Male,Tier 2,68625,4.2,30,8,46.96,420.3,Groceries,0.66,65.9,0.2,0.1,0,Low
CUST100624,52,Male,Tier 1,58887,0.5,20,2,69.03,131.5,Beauty,0.08,53.0,0.3,0.17,1,Medium
CUST100625,29,Female,Tier 2,54332,4.6,45,12,53.31,603.12,Groceries,0.18,50.2,0.25,0.14,1,Low
CUST100626,24,Male,Tier 3,15000,1.0,6,4,71.88,307.08,Beauty,0.76,53.4,0.61,0.29,0,Medium
CUST100627,33,Female,Tier 2,62412,2.8,25,6,69.48,392.45,Home & Furniture,0.54,78.7,0.58,0.01,0,Low
CUST100628,35,Male,Tier 2,85719,0.8,14,9,110.84,863.78,Electronics,0.54,57.6,0.34,0.11,0,Low
CUST100629,47,Female,Tier 1,48265,5.2,98,9,36.68,317.6,Groceries,0.51,83.6,0.47,0.04,2,Medium
CUST100630,18,Female,Tier 1,52653,0.3,1,2,55.93,119.29,Electronics,0.17,68.0,0.36,0.19,2,Medium
CUST100631,51,Male,Tier 2,72323,0.4,110,8,81.72,619.82,Groceries,0.5,59.8,0.18,0.08,0,Medium
CUST100632,33,Male,Tier 1,91751,1.5,80,4,82.84,344.24,Home & Furniture,0.23,56.7,0.23,0.15,0,Medium
CUST100633,30,Male,Tier 1,59931,0.2,15,5,63.61,333.33,Sports,0.51,47.5,0.3,0.02,0,Medium
CUST100634,23,Male,Tier 1,52739,0.5,70,5,60.68,324.67,Electronics,0.27,49.8,0.34,0.1,2,Medium
CUST100635,18,Male,Tier 1,27759,6.3,1,6,39.62,266.04,Electronics,0.77,79.2,0.34,0.08,0,Low
CUST100636,44,Female,Tier 1,75461,8.3,153,8,110.71,867.76,Electronics,0.12,43.3,0.4,0.05,2,Medium
CUST100637,35,Female,Tier 3,91757,1.0,33,2,102.14,183.84,Fashion,0.18,63.4,0.17,0.07,0,Medium
CUST100638,20,Female,Tier 1,68992,5.6,16,11,84.69,880.98,Beauty,0.57,53.9,0.63,0.18,0,Low
CUST100639,20,Female,Tier 2,53598,1.7,20,8,72.76,570.23,Beauty,0.34,49.6,0.38,0.23,0,Low
CUST100640,31,Female,Tier 1,74197,0.7,3,4,91.02,387.44,Home & Furniture,0.44,80.5,0.45,0.22,0,Medium
CUST100641,53,Female,Tier 2,67000,2.7,204,8,74.59,509.56,Beauty,0.53,45.5,0.12,0.24,0,Medium
CUST100642,32,Male,Tier 1,54165,2.4,1,9,60.33,512.96,Fashion,0.41,61.4,0.37,0.02,2,Low
CUST100643,18,Female,Tier 3,63019,9.9,47,9,75.02,731.86,Electronics,0.23,79.7,0.6,0.18,2,Low
CUST100644,32,Female,Tier 3,57863,0.7,26,8,85.57,719.65,Electronics,0.27,78.3,0.18,0.19,1,Low
CUST100645,32,Female,Tier 1,69117,2.5,133,11,94.49,1111.65,Beauty,0.17,69.7,0.34,0.04,1,Medium
CUST100646,18,Male,Tier 3,30643,0.1,12,4,41.93,183.41,Home & Furniture,0.57,50.0,0.34,0.12,0,Medium
CUST100647,34,Male,Tier 3,78063,0.3,34,2,96.57,209.55,Home & Furniture,0.6,47.2,0.31,0.01,0,Medium
CUST100648,32,Male,Tier 3,65764,0.0,29,5,71.88,379.04,Fashion,0.17,60.8,0.28,0.38,0,Medium
CUST100649,42,Female,Tier 3,47847,12.0,54,21,60.38,1245.03,Fashion,0.33,94.9,0.13,0.09,1,Low
CUST100650,55,Female,Tier 1,96032,3.6,3,9,92.92,957.61,Sports,0.72,61.6,0.45,0.13,1,Low
CUST100651,47,Male,Tier 2,55843,3.4,9,9,63.81,586.19,Electronics,0.41,69.1,0.2,0.15,0,Low
CUST100652,32,Female,Tier 1,54723,1.6,10,5,85.72,390.38,Home & Furniture,0.61,62.2,0.44,0.1,1,Medium
CUST100653,22,Male,Tier 1,51125,0.8,60,5,63.99,300.06,Fashion,0.27,69.4,0.48,0.07,0,Medium
CUST100654,63,Male,Tier 3,34320,0.4,9,4,50.63,214.28,Electronics,0.5,66.2,0.22,0.12,3,Medium
CUST100655,35,Male,Tier 1,78487,0.7,38,6,63.7,430.9,Home & Furniture,0.5,40.1,0.36,0.02,0,Low
CUST100656,35,Female,Tier 2,27039,1.0,10,5,37.89,171.19,Fashion,0.77,56.4,0.75,0.08,3,Medium
CUST100657,34,Female,Tier 3,32488,3.1,89,10,43.45,380.06,Home & Furniture,0.12,50.0,0.33,0.16,1,Medium
CUST100658,37,Male,Tier 3,18439,1.7,128,9,22.93,229.99,Home & Furniture,0.87,62.0,0.34,0.48,0,Medium
CUST100659,33,Female,Tier 3,52650,0.2,32,5,64.2,360.99,Groceries,0.69,67.9,0.26,0.05,0,Medium
CUST100660,28,Male,Tier 1,64494,0.0,19,2,67.31,125.59,Home & Furniture,0.41,53.3,0.32,0.1,1,Medium
CUST100661,28,Female,Tier 1,61319,0.2,11,7,72.3,487.47,Groceries,0.55,59.7,0.14,0.2,0,Low
CUST100662,34,Female,Tier 1,50833,1.2,2,4,64.18,269.06,Fashion,0.32,58.6,0.35,0.1,1,Medium
CUST100663,29,Female,Tier 1,46499,6.0,14,7,44.41,295.01,Home & Furniture,0.57,65.1,0.33,0.06,0,Low
CUST100664,27,Male,Tier 1,75158,2.2,47,9,76.65,767.9,Groceries,0.19,55.6,0.17,0.1,1,Low
CUST100665,36,Female,Tier 1,60490,3.6,34,9,71.57,568.3,Electronics,0.44,50.0,0.14,0.04,0,Low
CUST100666,32,Female,Tier 2,64494,1.4,129,1,91.51,78.83,Beauty,0.44,14.5,0.22,0.27,1,High
CUST100667,51,Male,Tier 2,50465,1.0,22,6,65.9,360.82,Groceries,0.64,75.0,0.19,0.33,2,Low
CUST100668,18,Female,Tier 1,66459,0.3,53,4,65.45,245.0,Beauty,0.29,58.7,0.38,0.23,1,Medium
CUST100669,47,Male,Tier 2,88259,4.6,30,9,99.53,791.75,Beauty,0.17,69.4,0.07,0.09,0,Low
CUST100670,48,Female,Tier 1,85750,3.4,32,8,117.07,814.53,Fashion,0.73,78.0,0.15,0.17,1,Low
CUST100671,18,Male,Tier 1,55776,0.4,14,6,80.23,518.29,Groceries,0.49,45.5,0.5,0.08,0,Low
CUST100672,31,Female,Tier 2,63029,1.6,27,4,80.74,290.43,Fashion,0.35,34.5,0.22,0.14,0,Medium
CUST100673,30,Female,Tier 2,53668,1.5,28,4,75.61,340.0,Fashion,0.39,59.8,0.44,0.1,0,Medium
CUST100674,19,Male,Tier 2,53741,2.2,55,5,86.38,414.8,Beauty,0.68,58.0,0.17,0.04,2,Medium
CUST100675,26,Male,Tier 1,60539,6.4,127,10,86.58,910.11,Home & Furniture,0.31,36.5,0.55,0.05,0,Medium
CUST100676,22,Male,Tier 3,46841,1.9,17,7,67.54,433.83,Electronics,0.38,66.6,0.35,0.05,0,Low
CUST100677,54,Male,Tier 2,71417,1.7,1,10,95.54,880.97,Groceries,0.38,65.1,0.36,0.07,0,Low
CUST100678,45,Male,Tier 2,46119,0.1,30,7,42.21,302.09,Sports,0.44,51.3,0.29,0.06,0,Low
CUST100679,48,Female,Tier 2,46914,0.1,35,3,36.56,111.68,Groceries,0.45,48.5,0.17,0.25,0,Medium
CUST100680,42,Male,Tier 3,32806,0.5,8,1,49.69,53.7,Home & Furniture,0.77,21.9,0.3,0.1,0,Medium
CUST100681,22,Male,Tier 2,25995,0.1,64,0,42.69,0.0,Home & Furniture,0.58,36.5,0.45,0.04,2,Medium
CUST100682,29,Female,Tier 2,35688,3.0,188,5,41.58,218.55,Fashion,0.26,32.7,0.2,0.11,1,Medium
CUST100683,40,Male,Tier 3,59870,2.8,131,6,82.28,486.15,Fashion,0.21,55.6,0.08,0.02,3,Medium
CUST100684,21,Female,Tier 2,38329,0.3,9,4,24.0,107.25,Home & Furniture,0.19,55.2,0.27,0.08,1,Medium
CUST100685,42,Female,Tier 1,82045,4.0,93,15,80.35,1249.57,Groceries,0.57,78.4,0.23,0.26,0,Medium
CUST100686,32,Female,Tier 2,59424,0.4,54,6,62.25,428.43,Groceries,0.41,26.0,0.4,0.09,1,Low
CUST100687,30,Female,Tier 1,32566,0.8,27,4,22.59,99.02,Home & Furniture,0.31,45.2,0.36,0.09,0,Medium
CUST100688,42,Female,Tier 1,84589,0.6,35,4,112.91,389.9,Home & Furniture,0.63,61.2,0.18,0.05,0,Medium
CUST100689,39,Male,Tier 2,76194,1.0,85,7,63.11,417.99,Fashion,0.66,51.8,0.44,0.16,0,Medium
CUST100690,31,Male,Tier 3,35510,0.6,29,7,40.77,291.54,Electronics,0.06,71.2,0.37,0.14,1,Low
CUST100691,47,Male,Tier 3,67363,1.5,21,5,89.76,478.62,Fashion,0.19,36.2,0.45,0.2,0,Medium
CUST100692,23,Female,Tier 1,49783,1.2,30,9,71.18,650.29,Groceries,0.47,73.8,0.45,0.29,1,Low
CUST100693,41,Male,Tier 2,64158,9.5,38,17,56.84,1049.22,Fashion,0.32,72.5,0.42,0.02,2,Low
CUST100694,41,Female,Tier 1,49639,0.1,9,3,71.6,200.79,Groceries,0.29,46.3,0.52,0.04,2,Medium
CUST100695,31,Female,Tier 3,21124,0.3,104,4,41.95,151.89,Electronics,0.34,59.5,0.58,0.1,2,Medium
CUST100696,38,Female,Tier 3,49309,0.1,50,5,96.09,416.15,Groceries,0.58,68.9,0.37,0.03,0,Medium
CUST100697,21,Female,Tier 2,52172,2.2,45,7,69.54,497.49,Fashion,0.63,71.9,0.41,0.13,2,Low
CUST100698,45,Male,Tier 3,51841,0.1,4,6,61.08,387.22,Groceries,0.34,86.1,0.21,0.12,0,Low
CUST100699,32,Female,Tier 2,37487,4.0,41,8,38.39,291.1,Fashion,0.5,77.1,0.15,0.04,0,Low
CUST100700,29,Female,Tier 2,50401,1.6,5,4,50.84,210.29,Fashion,0.35,48.0,0.39,0.13,1,Medium
CUST100701,46,Male,Tier 1,79247,1.6,3,8,73.65,510.04,Beauty,0.23,67.4,0.37,0.15,2,Low
CUST100702,27,Male,Tier 2,55991,1.8,33,3,87.23,230.23,Electronics,0.46,48.4,0.37,0.08,0,Medium
CUST100703,19,Female,Tier 2,56885,0.4,23,6,67.67,430.59,Home & Furniture,0.17,84.0,0.5,0.06,1,Low
CUST100704,18,Female,Tier 2,41137,0.5,39,6,62.76,361.66,Sports,0.51,71.4,0.11,0.16,0,Low
CUST100705,41,Female,Tier 1,93490,0.8,4,11,120.62,1395.02,Groceries,0.64,69.3,0.45,0.39,0,Low
CUST100706,20,Female,Tier 3,27828,2.0,25,6,8.0,52.78,Beauty,0.22,70.0,0.14,0.37,1,Low
CUST100707,54,Female,Tier 1,86376,0.5,8,4,111.16,491.68,Electronics,0.42,42.4,0.42,0.21,3,Medium
CUST100708,18,Male,Tier 2,74474,0.3,195,3,82.89,224.21,Groceries,0.55,39.5,0.11,0.06,0,Medium
CUST100709,53,Male,Tier 2,75856,7.7,37,7,89.74,625.6,Fashion,0.62,49.0,0.39,0.14,0,Low
CUST100710,37,Male,Tier 2,57154,0.0,52,3,55.2,177.22,Electronics,0.58,30.5,0.76,0.13,0,Medium
CUST100711,33,Male,Tier 2,49690,3.6,17,12,50.08,650.36,Fashion,0.7,81.7,0.28,0.15,0,Low
CUST100712,29,Female,Tier 1,86249,3.4,4,11,99.21,1184.51,Fashion,0.32,82.5,0.21,0.04,1,Low
CUST100713,39,Female,Tier 1,45986,0.8,167,3,94.09,259.25,Groceries,0.38,44.8,0.48,0.09,0,Medium
CUST100714,34,Female,Tier 2,42137,0.3,15,2,70.16,127.38,Sports,0.14,50.3,0.39,0.03,0,Medium
CUST100715,47,Male,Tier 2,57643,0.3,24,6,87.02,536.22,Electronics,0.27,44.4,0.2,0.01,0,Low
CUST100716,36,Female,Tier 1,92677,2.6,47,12,94.35,1214.09,Fashion,0.59,55.4,0.36,0.14,0,Low
CUST100717,36,Female,Tier 2,67235,2.3,1,9,67.03,570.54,Fashion,0.3,56.3,0.33,0.19,1,Low
CUST100718,31,Female,Tier 2,40975,3.4,74,7,42.43,261.79,Fashion,0.68,53.8,0.46,0.09,0,Medium
CUST100719,34,Female,Tier 2,54014,6.1,34,15,57.69,921.62,Home & Furniture,0.56,89.5,0.52,0.11,0,Low
CUST100720,38,Male,Tier 3,45142,2.6,14,5,26.83,126.09,Fashion,0.91,71.3,0.45,0.13,0,Medium
CUST100721,18,Male,Tier 1,50423,0.4,2,6,51.15,276.18,Electronics,0.29,42.0,0.38,0.03,1,Low
CUST100722,20,Male,Tier 1,81620,0.6,7,3,79.61,213.59,Home & Furniture,0.59,47.0,0.27,0.15,1,Medium
CUST100723,43,Male,Tier 2,38508,4.1,101,7,49.46,327.0,Beauty,0.55,45.3,0.66,0.27,2,Medium
CUST100724,36,Male,Tier 2,89358,0.5,52,4,96.44,396.49,Groceries,0.37,22.4,0.32,0.04,0,Medium
CUST100725,32,Female,Tier 2,73708,0.2,12,3,86.86,249.51,Groceries,0.26,61.6,0.38,0.05,1,Medium
CUST100726,35,Female,Tier 3,74635,2.7,3,9,81.97,631.64,Electronics,0.4,64.7,0.51,0.22,0,Low
CUST100727,38,Female,Tier 3,47867,1.1,52,6,51.17,269.89,Fashion,0.16,55.4,0.25,0.01,2,Low
CUST100728,29,Female,Tier 3,49901,5.6,38,11,32.13,331.22,Fashion,0.48,84.4,0.4,0.26,1,Low
CUST100729,26,Male,Tier 2,30603,2.3,23,8,36.87,309.09,Fashion,0.43,64.8,0.38,0.02,0,Low
CUST100730,37,Female,Tier 2,51356,0.2,20,6,48.21,254.42,Sports,0.47,54.8,0.67,0.13,1,Low
CUST100731,24,Male,Tier 1,74485,6.5,10,8,89.06,725.45,Groceries,0.37,71.9,0.17,0.05,0,Low
CUST100732,39,Male,Tier 1,94929,0.7,49,8,112.75,799.14,Electronics,0.31,73.8,0.11,0.23,0,Low
CUST100733,18,Male,Tier 2,33271,0.9,158,6,61.8,338.72,Fashion,0.36,49.8,0.31,0.1,1,Medium
CUST100734,46,Male,Tier 1,67820,1.1,8,6,87.87,475.37,Fashion,0.16,69.5,0.31,0.11,0,Low
CUST100735,40,Male,Tier 3,54276,0.1,40,3,63.23,165.06,Groceries,0.55,50.3,0.09,0.35,0,Medium
CUST100736,37,Male,Tier 2,35675,1.5,24,4,41.9,176.21,Fashion,0.34,54.6,0.36,0.13,2,Medium
CUST100737,45,Male,Tier 2,74644,0.3,26,4,71.0,280.88,Fashion,0.57,56.8,0.1,0.09,1,Medium
CUST100738,53,Female,Tier 1,64168,1.1,13,11,50.86,615.02,Groceries,0.31,61.7,0.27,0.07,1,Low
CUST100739,46,Male,Tier 1,70882,1.0,78,4,93.95,330.58,Fashion,0.4,43.4,0.43,0.19,0,Medium
CUST100740,18,Male,Tier 1,55064,3.3,29,13,63.27,734.85,Electronics,0.2,89.6,0.13,0.04,0,Low
CUST100741,20,Male,Tier 1,49791,3.6,35,5,42.8,201.57,Electronics,0.79,80.6,0.44,0.05,1,Medium
CUST100742,28,Female,Tier 1,67073,0.4,16,6,63.5,411.39,Fashion,0.69,79.5,0.29,0.07,0,Low
CUST100743,35,Male,Tier 2,56119,1.0,9,10,53.76,506.27,Electronics,0.52,53.2,0.35,0.12,0,Low
CUST100744,40,Male,Tier 3,50306,1.0,4,2,62.57,121.7,Fashion,0.66,36.6,0.42,0.07,0,Medium
CUST100745,27,Male,Tier 3,38687,0.4,56,2,68.25,128.38,Home & Furniture,0.49,34.1,0.31,0.07,0,Medium
CUST100746,37,Male,Tier 2,66551,3.5,9,10,70.24,613.94,Home & Furniture,0.31,70.7,0.41,0.12,1,Low
CUST100747,26,Male,Tier 1,96165,2.7,52,9,66.35,675.87,Groceries,0.34,29.1,0.38,0.08,0,Low
CUST100748,28,Male,Tier 3,54717,0.5,22,3,62.76,191.02,Beauty,0.36,46.7,0.46,0.11,1,Medium
CUST100749,19,Male,Tier 3,66530,1.0,24,3,73.1,238.24,Fashion,0.27,70.5,0.07,0.08,1,Medium
CUST100750,24,Male,Tier 1,40576,0.2,28,3,50.44,158.51,Beauty,0.26,65.0,0.54,0.07,1,Medium
CUST100751,20,Male,Tier 2,56839,2.2,20,4,57.95,232.79,Fashion,0.59,49.9,0.33,0.21,1,Medium
CUST100752,24,Female,Tier 1,45847,0.3,4,5,61.47,269.52,Fashion,0.27,54.4,0.18,0.05,0,Medium
CUST100753,46,Female,Tier 3,32815,9.4,16,16,48.34,806.56,Fashion,0.22,87.2,0.14,0.07,1,Low
CUST100754,24,Male,Tier 3,37291,3.3,49,12,50.7,545.5,Electronics,0.34,80.3,0.2,0.17,0,Low
CUST100755,63,Male,Tier 1,102654,1.1,49,3,111.73,326.58,Sports,0.82,44.7,0.39,0.07,1,Medium
CUST100756,40,Female,Tier 3,74100,1.9,15,4,75.3,312.87,Electronics,0.28,53.7,0.22,0.05,1,Medium
CUST100757,37,Male,Tier 2,65174,5.3,27,12,67.01,872.2,Fashion,0.74,64.5,0.51,0.24,0,Low
CUST100758,25,Male,Tier 3,23411,1.8,9,9,60.21,571.97,Fashion,0.07,51.1,0.14,0.09,0,Low
CUST100759,42,Female,Tier 2,59266,0.4,10,7,77.78,572.48,Electronics,0.11,60.4,0.35,0.05,1,Low
CUST100760,28,Male,Tier 3,57630,1.0,1,4,80.43,287.85,Electronics,0.78,54.3,0.47,0.13,1,Medium
CUST100761,36,Male,Tier 1,73559,4.1,102,13,99.69,1236.15,Electronics,0.57,50.7,0.4,0.08,1,Medium
CUST100762,63,Male,Tier 1,48011,2.3,10,10,67.9,585.89,Fashion,0.82,76.8,0.3,0.01,1,Low
CUST100763,33,Female,Tier 1,53174,2.3,11,3,78.24,250.17,Beauty,0.66,60.7,0.24,0.14,1,Medium
CUST100764,47,Male,Tier 3,58646,4.4,14,7,45.18,359.2,Fashion,0.5,70.9,0.43,0.1,1,Low
CUST100765,27,Female,Tier 3,61453,4.9,6,8,74.27,552.11,Electronics,0.27,56.2,0.23,0.07,0,Low
CUST100766,34,Female,Tier 3,15069,5.6,45,10,29.82,261.32,Groceries,0.77,41.7,0.29,0.42,1,Low
CUST100767,54,Male,Tier 3,59681,0.2,3,4,94.9,376.82,Sports,0.51,63.3,0.25,0.25,0,Medium
CUST100768,28,Male,Tier 1,69774,1.7,6,3,92.06,305.73,Fashion,0.29,47.4,0.48,0.2,0,Medium
CUST100769,54,Male,Tier 1,92893,3.0,46,11,87.95,982.53,Fashion,0.25,56.7,0.42,0.15,1,Low
CUST100770,42,Male,Tier 1,85271,3.1,18,6,96.65,501.05,Sports,0.13,45.1,0.08,0.07,0,Low
CUST100771,28,Male,Tier 1,77686,2.1,55,7,87.25,697.65,Electronics,0.64,55.2,0.44,0.05,1,Low
CUST100772,41,Female,Tier 1,58001,0.4,36,2,75.15,165.12,Groceries,0.13,69.3,0.08,0.06,0,Medium
CUST100773,45,Female,Tier 2,29655,3.5,13,6,29.43,157.06,Fashion,0.79,54.6,0.34,0.05,1,Low
CUST100774,41,Female,Tier 1,65325,2.8,47,4,79.84,359.77,Sports,0.6,40.2,0.46,0.4,1,Medium
CUST100775,18,Male,Tier 1,81229,0.2,5,7,84.27,581.16,Sports,0.66,71.3,0.3,0.04,2,Low
CUST100776,27,Female,Tier 1,91882,1.4,34,5,100.81,484.68,Beauty,0.48,58.7,0.08,0.11,1,Medium
CUST100777,32,Female,Tier 1,81589,0.4,25,4,77.13,304.92,Fashion,0.11,30.1,0.51,0.02,0,Medium
CUST100778,34,Female,Tier 3,62328,0.9,14,10,63.16,694.99,Fashion,0.42,76.5,0.49,0.4,0,Low
CUST100779,41,Male,Tier 2,69233,0.0,41,2,95.3,199.72,Fashion,0.23,75.4,0.3,0.03,1,Medium
CUST100780,36,Female,Tier 3,45389,1.1,92,10,42.05,364.9,Beauty,0.43,29.6,0.34,0.06,0,Medium
CUST100781,20,Male,Tier 1,61658,1.8,306,4,56.72,258.03,Beauty,0.04,12.6,0.42,0.18,1,Medium
CUST100782,39,Male,Tier 1,101643,2.1,42,11,103.93,1022.43,Fashion,0.13,33.6,0.12,0.03,0,Low
CUST100783,41,Male,Tier 2,45433,2.4,23,4,46.28,198.76,Groceries,0.1,54.8,0.15,0.21,0,Medium
CUST100784,41,Female,Tier 1,101466,4.0,11,12,91.28,1140.1,Electronics,0.59,84.8,0.27,0.03,0,Low
CUST100785,46,Female,Tier 1,68603,0.5,13,6,78.75,428.21,Fashion,0.53,62.0,0.82,0.03,2,Low
CUST100786,44,Male,Tier 1,97457,0.3,29,3,78.64,212.62,Groceries,0.79,69.8,0.39,0.11,1,Medium
CUST100787,40,Male,Tier 1,46677,4.2,20,8,43.78,389.15,Fashion,0.43,74.0,0.43,0.09,1,Low
CUST100788,34,Male,Tier 1,80146,0.4,110,6,117.6,688.6,Fashion,0.34,71.4,0.41,0.1,0,Medium
CUST100789,18,Male,Tier 1,49938,8.1,20,16,68.51,1146.99,Electronics,0.25,93.9,0.35,0.13,0,Low
CUST100790,39,Male,Tier 2,36125,4.1,21,11,38.91,428.53,Beauty,0.33,65.1,0.09,0.08,0,Low
CUST100791,37,Male,Tier 1,74733,1.5,21,5,88.55,472.95,Beauty,0.23,58.7,0.1,0.13,0,Medium
CUST100792,37,Female,Tier 1,88970,8.8,81,13,102.65,1326.14,Sports,0.11,57.5,0.41,0.2,0,Medium
CUST100793,20,Male,Tier 3,33791,0.2,47,4,63.08,236.23,Home & Furniture,0.55,50.5,0.46,0.06,3,Medium
CUST100794,23,Male,Tier 1,38217,0.8,42,9,49.94,431.04,Groceries,0.31,64.5,0.29,0.22,0,Low
CUST100795,46,Male,Tier 1,72746,2.2,18,5,95.27,527.66,Fashion,0.75,57.2,0.33,0.05,0,Medium
CUST100796,34,Female,Tier 3,53026,0.9,76,8,33.61,266.3,Sports,0.53,74.5,0.12,0.12,0,Medium
CUST100797,42,Female,Tier 1,82669,5.8,1,11,73.05,734.47,Groceries,0.17,67.9,0.15,0.08,0,Low
CUST100798,35,Female,Tier 1,87092,0.1,92,6,95.03,644.52,Home & Furniture,0.52,41.6,0.42,0.11,0,Medium
CUST100799,35,Male,Tier 2,58930,1.8,32,6,74.05,483.83,Home & Furniture,0.63,48.4,0.29,0.01,0,Low
CUST100800,45,Female,Tier 1,107399,2.0,22,9,95.82,747.42,Beauty,0.72,73.7,0.47,0.01,2,Low
CUST100801,29,Male,Tier 2,61636,2.3,30,4,75.25,346.05,Electronics,0.46,38.2,0.37,0.42,1,Medium
CUST100802,36,Female,Tier 3,49164,0.6,49,6,51.61,327.77,Fashion,0.56,54.7,0.34,0.04,0,Low
CUST100803,29,Female,Tier 1,38591,1.0,1,7,48.0,301.75,Groceries,0.34,79.8,0.15,0.27,0,Low
CUST100804,30,Female,Tier 2,53272,4.1,92,8,79.76,587.77,Beauty,0.2,60.3,0.25,0.32,1,Medium
CUST100805,31,Female,Tier 2,52345,0.5,26,4,77.25,326.84,Home & Furniture,0.6,54.5,0.3,0.06,1,Medium
CUST100806,37,Female,Tier 1,88085,3.9,18,6,78.45,510.21,Fashion,0.39,59.8,0.31,0.13,0,Low
CUST100807,29,Male,Tier 2,65924,1.8,6,5,59.08,272.27,Fashion,0.77,47.0,0.26,0.13,0,Medium
CUST100808,48,Female,Tier 1,53971,3.2,26,5,58.81,272.61,Home & Furniture,0.79,47.1,0.41,0.11,1,Medium
CUST100809,25,Male,Tier 2,59100,2.8,30,7,68.85,454.06,Home & Furniture,0.07,58.7,0.57,0.08,1,Low
CUST100810,32,Female,Tier 1,80887,0.5,23,6,77.54,478.92,Groceries,0.48,63.0,0.23,0.17,0,Low
CUST100811,30,Male,Tier 2,85504,1.9,51,10,106.86,963.39,Fashion,0.23,76.3,0.71,0.11,1,Low
CUST100812,50,Male,Tier 1,91975,4.5,24,16,101.86,1436.26,Sports,0.2,80.7,0.41,0.07,0,Low
CUST100813,37,Male,Tier 3,69495,1.2,146,11,84.0,973.58,Groceries,0.26,73.6,0.18,0.19,0,Medium
CUST100814,46,Male,Tier 1,75481,7.5,41,18,63.9,1246.51,Beauty,0.19,100.0,0.15,0.09,1,Low
CUST100815,18,Male,Tier 1,70189,1.3,74,9,96.0,864.24,Electronics,0.25,70.1,0.57,0.36,0,Medium
CUST100816,37,Female,Tier 2,83291,0.3,5,5,47.11,225.93,Fashion,0.26,74.2,0.1,0.08,1,Medium
CUST100817,44,Male,Tier 2,39610,1.1,22,7,65.52,449.29,Beauty,0.88,49.9,0.31,0.02,0,Low
CUST100818,35,Male,Tier 2,53710,6.7,18,13,78.77,989.73,Electronics,0.75,60.4,0.3,0.13,0,Low
CUST100819,46,Female,Tier 2,50493,0.8,37,2,55.59,126.52,Groceries,0.56,56.5,0.32,0.11,1,Medium
CUST100820,29,Male,Tier 2,64424,4.5,88,7,92.78,701.69,Groceries,0.46,39.1,0.44,0.22,0,Medium
CUST100821,50,Female,Tier 3,83143,4.7,3,10,88.34,806.04,Home & Furniture,0.3,66.2,0.18,0.36,1,Low
CUST100822,60,Female,Tier 1,69254,0.9,3,5,78.65,379.59,Fashion,0.7,69.0,0.28,0.06,1,Medium
CUST100823,31,Female,Tier 2,15374,0.2,85,3,37.9,115.2,Electronics,0.44,64.5,0.37,0.05,0,Medium
CUST100824,30,Female,Tier 3,45580,2.8,10,5,105.78,546.83,Sports,0.4,55.9,0.36,0.1,0,Medium
CUST100825,50,Male,Tier 3,77442,0.8,49,9,104.7,933.31,Groceries,0.49,55.3,0.53,0.1,0,Low
CUST100826,52,Female,Tier 3,71477,3.4,35,7,90.08,689.23,Electronics,0.68,64.3,0.17,0.05,0,Low
CUST100827,29,Male,Tier 1,75307,1.3,80,7,69.06,522.23,Electronics,0.37,43.1,0.42,0.13,1,Medium
CUST100828,30,Male,Tier 1,62960,1.5,6,6,74.62,448.41,Sports,0.17,59.3,0.26,0.1,1,Low
CUST100829,31,Female,Tier 2,35377,3.3,6,9,37.28,371.2,Electronics,0.05,67.3,0.34,0.1,1,Low
CUST100830,20,Male,Tier 2,63275,1.1,36,6,85.06,548.8,Groceries,0.17,58.1,0.19,0.24,0,Low
CUST100831,24,Female,Tier 2,40582,1.3,131,4,55.93,242.42,Fashion,0.49,46.0,0.46,0.12,0,Medium
CUST100832,23,Female,Tier 2,94513,1.0,24,6,81.89,558.61,Beauty,0.24,49.6,0.18,0.34,0,Low
CUST100833,26,Female,Tier 3,61669,1.0,17,5,72.61,337.61,Home & Furniture,0.51,49.6,0.43,0.13,0,Medium
CUST100834,34,Female,Tier 1,59148,1.6,41,9,56.55,473.47,Groceries,0.57,54.9,0.42,0.1,0,Low
CUST100835,37,Male,Tier 3,44795,3.6,119,5,59.6,332.77,Electronics,0.5,28.7,0.25,0.03,3,Medium
CUST100836,52,Male,Tier 1,75127,1.0,81,1,69.72,75.41,Beauty,0.16,48.0,0.65,0.04,1,Medium
CUST100837,24,Female,Tier 1,61288,1.6,243,8,71.49,645.1,Fashion,0.23,52.4,0.4,0.1,1,Medium
CUST100838,45,Male,Tier 2,84103,2.4,1,5,101.34,440.29,Sports,0.78,69.5,0.23,0.29,0,Medium
CUST100839,32,Female,Tier 2,62155,0.7,5,4,71.0,294.88,Groceries,0.75,54.4,0.37,0.02,0,Medium
CUST100840,34,Female,Tier 1,56430,0.7,42,6,61.16,327.84,Home & Furniture,0.76,48.1,0.23,0.18,1,Low
CUST100841,42,Female,Tier 1,106827,6.0,77,11,112.07,1234.21,Electronics,0.61,73.2,0.42,0.03,2,Medium
CUST100842,22,Male,Tier 3,50687,2.8,15,6,72.7,391.15,Home & Furniture,0.72,68.2,0.49,0.24,0,Low
CUST100843,39,Male,Tier 1,85439,1.9,12,5,74.59,331.34,Fashion,0.13,61.4,0.16,0.05,1,Medium
CUST100844,36,Male,Tier 2,49451,2.3,69,11,65.12,611.49,Fashion,0.23,86.0,0.08,0.15,2,Medium
CUST100845,40,Male,Tier 2,68536,0.1,2,7,96.88,704.66,Electronics,0.49,63.5,0.1,0.11,0,Low
CUST100846,38,Female,Tier 2,66799,2.1,20,1,84.27,80.71,Electronics,0.2,46.9,0.55,0.07,2,Medium
CUST100847,62,Male,Tier 2,36786,1.6,31,5,51.52,227.09,Electronics,0.38,52.1,0.34,0.05,0,Medium
CUST100848,27,Male,Tier 1,103074,1.7,36,10,115.49,1093.52,Fashion,0.27,47.7,0.33,0.21,1,Low
CUST100849,29,Male,Tier 2,80831,1.0,58,2,94.15,169.6,Beauty,0.71,56.1,0.29,0.05,2,Medium
CUST100850,28,Female,Tier 1,60050,0.2,19,9,81.35,829.17,Fashion,0.36,64.8,0.2,0.03,0,Low
CUST100851,28,Female,Tier 2,37359,0.5,42,6,20.77,117.89,Home & Furniture,0.27,63.9,0.1,0.2,1,Low
CUST100852,27,Male,Tier 1,73056,6.6,39,8,57.58,437.69,Electronics,0.78,84.2,0.63,0.17,0,Low
CUST100853,48,Male,Tier 2,66760,1.2,35,4,90.71,399.83,Groceries,0.2,49.8,0.14,0.19,0,Medium
CUST100854,50,Male,Tier 1,82402,1.4,46,10,66.09,690.2,Groceries,0.39,37.3,0.38,0.01,0,Low
CUST100855,28,Male,Tier 1,70648,0.1,13,3,84.9,270.76,Sports,0.64,60.5,0.41,0.07,2,Medium
CUST100856,25,Female,Tier 1,75112,0.1,3,4,77.31,321.86,Beauty,0.17,59.7,0.23,0.02,0,Medium
CUST100857,40,Female,Tier 1,98051,2.8,5,10,86.77,983.85,Fashion,0.37,60.7,0.18,0.12,0,Low
CUST100858,28,Male,Tier 3,62425,1.7,11,9,77.27,634.3,Home & Furniture,0.15,71.7,0.34,0.12,0,Low
CUST100859,41,Male,Tier 1,53506,1.6,31,4,67.6,310.07,Electronics,0.52,64.3,0.23,0.26,1,Medium
CUST100860,37,Female,Tier 3,80326,0.6,82,5,118.59,651.82,Groceries,0.61,40.4,0.18,0.08,2,Medium
CUST100861,18,Male,Tier 3,77731,3.0,54,7,75.4,541.89,Electronics,0.27,55.0,0.17,0.05,0,Low
CUST100862,52,Female,Tier 2,123537,0.4,70,2,144.55,303.18,Fashion,0.35,64.7,0.24,0.12,0,Medium
CUST100863,54,Male,Tier 1,57377,0.5,19,6,73.1,458.18,Fashion,0.6,51.4,0.13,0.04,0,Low
CUST100864,28,Male,Tier 1,71571,1.4,23,11,69.73,665.41,Home & Furniture,0.27,70.5,0.06,0.2,0,Low
CUST100865,30,Male,Tier 2,20522,0.7,22,3,49.09,134.81,Groceries,0.2,22.3,0.07,0.24,0,Medium
CUST100866,38,Male,Tier 1,81156,0.6,9,5,96.12,547.13,Home & Furniture,0.51,41.3,0.32,0.09,1,Medium
CUST100867,38,Female,Tier 1,61332,2.3,2,11,71.65,796.28,Groceries,0.42,73.7,0.07,0.13,1,Low
CUST100868,42,Male,Tier 2,97422,2.3,40,6,105.18,608.05,Electronics,0.29,72.7,0.07,0.13,0,Low
CUST100869,57,Male,Tier 3,49856,3.8,203,4,52.59,226.9,Home & Furniture,0.57,21.4,0.52,0.05,0,Medium
CUST100870,33,Male,Tier 2,28794,1.2,8,4,31.61,127.37,Beauty,0.45,58.1,0.19,0.15,0,Medium
CUST100871,26,Male,Tier 1,57917,0.2,2,5,79.66,340.13,Beauty,0.48,55.3,0.31,0.03,0,Medium
CUST100872,19,Male,Tier 2,18041,0.7,68,1,31.68,33.93,Groceries,0.57,56.6,0.49,0.1,1,Medium
CUST100873,26,Male,Tier 1,79919,8.6,13,14,85.4,1278.89,Home & Furniture,0.34,62.1,0.19,0.06,1,Low
CUST100874,34,Female,Tier 1,32428,2.0,79,9,51.22,414.67,Home & Furniture,0.41,65.3,0.47,0.11,2,Medium
CUST100875,54,Male,Tier 3,63112,2.7,54,6,76.57,522.36,Electronics,0.39,48.8,0.31,0.1,3,Low
CUST100876,29,Male,Tier 1,30199,0.0,131,2,23.73,43.53,Electronics,0.33,43.6,0.37,0.17,0,High
CUST100877,37,Female,Tier 1,65034,1.6,23,5,93.49,461.52,Electronics,0.34,58.5,0.53,0.09,2,Medium
CUST100878,34,Male,Tier 1,99180,0.1,48,7,104.47,646.77,Fashion,0.58,56.2,0.24,0.34,1,Low
CUST100879,48,Female,Tier 3,66691,1.9,28,10,72.54,747.88,Groceries,0.38,72.9,0.41,0.15,0,Low
CUST100880,62,Male,Tier 2,55257,5.6,44,11,72.51,767.81,Sports,0.19,68.1,0.03,0.6,1,Low
CUST100881,29,Female,Tier 2,57038,7.6,26,13,71.08,883.34,Fashion,0.12,71.8,0.05,0.18,1,Low
CUST100882,29,Female,Tier 2,57924,1.7,9,5,79.78,438.03,Home & Furniture,0.16,54.8,0.37,0.04,0,Medium
CUST100883,46,Female,Tier 1,82907,1.3,31,9,97.16,745.78,Home & Furniture,0.14,65.8,0.21,0.15,0,Low
CUST100884,42,Female,Tier 2,38196,6.4,33,20,62.6,1363.91,Electronics,0.75,89.4,0.35,0.17,1,Low
CUST100885,55,Male,Tier 1,88666,2.5,74,9,114.15,1049.37,Electronics,0.52,48.7,0.17,0.01,0,Medium
CUST100886,41,Female,Tier 1,23720,0.1,59,5,53.02,303.76,Groceries,0.36,49.9,0.38,0.11,2,Medium
CUST100887,31,Male,Tier 2,47062,1.4,49,5,56.81,291.67,Home & Furniture,0.75,42.4,0.59,0.14,0,Medium
CUST100888,41,Male,Tier 3,48611,0.6,5,3,43.67,113.54,Sports,0.54,55.0,0.29,0.05,0,Medium
CUST100889,47,Male,Tier 1,86199,1.4,57,2,116.85,202.2,Fashion,0.15,41.2,0.29,0.16,1,Medium
CUST100890,44,Female,Tier 1,74007,1.3,31,6,78.11,522.53,Beauty,0.15,68.1,0.29,0.19,1,Low
CUST100891,40,Male,Tier 1,46699,1.9,101,6,51.82,342.75,Fashion,0.33,60.0,0.17,0.05,0,Medium
CUST100892,46,Female,Tier 1,56670,1.0,113,3,41.17,117.8,Home & Furniture,0.31,33.6,0.24,0.15,0,Medium
CUST100893,47,Female,Tier 3,63376,0.4,2,9,77.89,725.83,Groceries,0.44,67.8,0.11,0.06,0,Low
CUST100894,50,Female,Tier 2,64576,1.5,77,6,76.05,454.88,Electronics,0.59,62.0,0.69,0.17,0,Medium
CUST100895,42,Female,Tier 2,52375,3.9,1,14,40.92,653.17,Electronics,0.35,75.8,0.4,0.17,1,Low
CUST100896,33,Male,Tier 2,50544,2.4,20,6,68.92,469.34,Electronics,0.89,51.3,0.44,0.25,0,Low
CUST100897,36,Male,Tier 1,82931,0.9,35,2,81.64,186.98,Fashion,0.52,37.4,0.34,0.04,0,Medium
CUST100898,48,Male,Tier 2,55881,6.0,7,6,106.92,712.05,Home & Furniture,0.49,71.6,0.72,0.1,1,Low
CUST100899,26,Male,Tier 1,64814,5.4,61,11,65.47,808.65,Electronics,0.37,76.7,0.06,0.06,3,Medium
CUST100900,39,Male,Tier 2,100658,0.5,1,7,97.35,623.65,Groceries,0.64,61.4,0.15,0.21,0,Low
CUST100901,30,Male,Tier 3,27373,0.1,8,3,29.69,97.91,Fashion,0.43,64.4,0.49,0.2,0,Medium
CUST100902,35,Male,Tier 2,26666,3.0,39,10,61.39,652.37,Beauty,0.24,30.5,0.51,0.24,0,Low
CUST100903,49,Female,Tier 1,89704,3.9,56,7,89.16,710.77,Beauty,0.42,74.3,0.28,0.06,0,Low
CUST100904,37,Female,Tier 3,43584,7.6,111,13,45.45,603.48,Home & Furniture,0.5,63.0,0.62,0.04,1,Medium
CUST100905,35,Male,Tier 1,64271,4.9,55,4,84.16,294.75,Groceries,0.3,54.2,0.37,0.13,1,Medium
CUST100906,20,Female,Tier 1,49939,2.0,50,8,40.91,336.84,Fashion,0.26,57.2,0.71,0.16,0,Low
CUST100907,43,Male,Tier 1,68523,1.7,22,3,86.48,273.96,Beauty,0.39,70.5,0.48,0.02,0,Medium
CUST100908,42,Male,Tier 1,101573,0.1,1,3,131.37,361.04,Electronics,0.43,43.2,0.37,0.02,1,Medium
CUST100909,58,Female,Tier 2,83638,0.6,5,4,98.2,380.32,Fashion,0.5,75.2,0.27,0.09,2,Medium
CUST100910,31,Male,Tier 2,73920,1.4,34,14,91.17,1314.1,Electronics,0.6,79.4,0.48,0.15,0,Low
CUST100911,37,Male,Tier 3,30307,2.2,50,6,58.31,336.65,Home & Furniture,0.41,64.5,0.14,0.11,1,Low
CUST100912,37,Female,Tier 2,40079,1.8,24,5,79.04,380.37,Home & Furniture,0.33,53.6,0.2,0.2,0,Medium
CUST100913,52,Female,Tier 2,15696,3.0,59,7,51.23,319.14,Groceries,0.49,42.4,0.29,0.16,0,Low
CUST100914,33,Female,Tier 1,54631,0.7,33,13,72.12,1061.53,Fashion,0.26,83.9,0.53,0.31,1,Low
CUST100915,38,Female,Tier 1,88420,1.8,3,7,107.24,807.09,Electronics,0.16,67.4,0.38,0.14,2,Low
CUST100916,41,Female,Tier 2,71705,0.2,9,4,66.47,226.1,Beauty,0.29,73.4,0.45,0.19,0,Medium
CUST100917,37,Male,Tier 1,66812,1.2,82,3,87.32,282.83,Groceries,0.34,45.5,0.46,0.07,1,Medium
CUST100918,30,Male,Tier 3,52598,3.1,58,9,48.75,470.31,Fashion,0.38,57.2,0.52,0.1,1,Low
CUST100919,37,Male,Tier 1,58400,2.6,101,5,63.16,269.35,Groceries,0.33,66.6,0.33,0.11,1,Medium
CUST100920,46,Male,Tier 1,78085,10.3,5,14,38.83,522.35,Electronics,0.45,100.0,0.42,0.18,1,Low
CUST100921,23,Female,Tier 1,78985,0.7,208,9,91.84,853.03,Electronics,0.41,47.3,0.38,0.1,0,Medium
CUST100922,36,Male,Tier 1,41314,1.5,10,5,44.77,220.68,Fashion,0.31,50.0,0.52,0.02,0,Medium
CUST100923,27,Female,Tier 1,72193,0.9,1,6,96.83,629.43,Fashion,0.14,71.6,0.25,0.1,0,Low
CUST100924,48,Female,Tier 2,81983,1.3,268,4,94.17,368.26,Fashion,0.1,28.2,0.18,0.25,0,Medium
CUST100925,18,Female,Tier 1,55728,4.3,14,10,83.3,746.5,Beauty,0.15,75.8,0.07,0.04,1,Low
CUST100926,28,Female,Tier 2,69812,2.5,49,4,61.92,283.08,Groceries,0.29,50.0,0.27,0.13,1,Medium
CUST100927,39,Female,Tier 1,122263,4.7,8,16,137.46,2029.16,Groceries,0.22,100.0,0.19,0.05,0,Low
CUST100928,52,Male,Tier 1,74921,0.5,39,7,114.02,850.26,Home & Furniture,0.35,51.7,0.32,0.23,0,Low
CUST100929,34,Female,Tier 1,76679,4.5,105,10,95.36,851.51,Sports,0.17,65.3,0.09,0.19,0,Medium
CUST100930,28,Male,Tier 3,38914,0.1,17,6,64.28,365.9,Electronics,0.28,54.4,0.09,0.04,0,Low
CUST100931,55,Female,Tier 1,81262,4.8,49,8,90.26,709.52,Beauty,0.13,57.7,0.13,0.09,0,Low
CUST100932,19,Male,Tier 2,61884,0.9,9,2,63.7,115.64,Groceries,0.17,48.2,0.62,0.02,0,Medium
CUST100933,18,Female,Tier 1,66707,0.8,44,6,87.01,514.22,Electronics,0.5,66.5,0.26,0.14,0,Low
CUST100934,39,Female,Tier 2,43245,1.6,18,3,33.45,90.03,Fashion,0.55,65.2,0.34,0.04,0,Medium
CUST100935,29,Male,Tier 1,71314,6.2,10,18,73.16,1340.19,Groceries,0.2,91.7,0.5,0.14,0,Low
CUST100936,23,Male,Tier 2,81519,0.1,16,7,61.37,450.69,Home & Furniture,0.27,61.1,0.32,0.34,1,Low
CUST100937,42,Female,Tier 2,70875,1.0,8,4,68.51,238.07,Fashion,0.38,58.9,0.33,0.11,0,Medium
CUST100938,37,Male,Tier 3,73115,4.3,104,14,90.56,1409.0,Groceries,0.72,78.4,0.2,0.01,0,Medium
CUST100939,28,Female,Tier 1,62933,1.1,22,6,80.03,434.82,Home & Furniture,0.35,71.0,0.57,0.04,0,Low
CUST100940,20,Female,Tier 1,77498,0.5,12,3,85.35,234.95,Fashion,0.18,22.5,0.18,0.05,1,Medium
CUST100941,44,Male,Tier 1,78626,1.2,26,9,88.08,831.09,Beauty,0.64,62.1,0.22,0.11,0,Low
CUST100942,42,Male,Tier 3,40683,1.1,17,4,25.61,101.48,Beauty,0.13,53.6,0.35,0.2,1,Medium
CUST100943,33,Male,Tier 2,64933,5.4,61,7,68.52,479.55,Groceries,0.35,65.9,0.45,0.05,0,Medium
CUST100944,55,Female,Tier 2,50149,3.2,159,6,51.57,274.9,Sports,0.71,45.3,0.3,0.05,0,Medium
CUST100945,23,Male,Tier 1,53808,1.5,25,5,54.95,299.95,Electronics,0.15,66.1,0.14,0.03,0,Medium
CUST100946,18,Male,Tier 1,66607,9.8,88,11,84.5,962.14,Electronics,0.35,50.3,0.2,0.12,0,Medium
CUST100947,27,Male,Tier 1,72150,1.4,37,7,67.22,419.07,Fashion,0.34,63.4,0.27,0.04,1,Low
CUST100948,34,Female,Tier 3,33193,0.1,7,2,38.59,74.26,Groceries,0.85,64.1,0.42,0.15,1,Medium
CUST100949,37,Female,Tier 2,79771,0.7,52,2,55.17,120.62,Groceries,0.52,31.1,0.21,0.02,1,Medium
CUST100950,32,Female,Tier 3,64096,1.3,32,7,69.0,492.9,Groceries,0.6,91.0,0.9,0.12,1,Low
CUST100951,38,Male,Tier 1,58514,0.4,47,2,52.44,92.57,Electronics,0.5,63.6,0.63,0.03,0,Medium
CUST100952,21,Female,Tier 2,26723,6.5,99,9,43.46,376.21,Electronics,0.59,58.1,0.32,0.0,2,Medium
CUST100953,50,Female,Tier 2,63391,3.2,26,6,58.56,324.24,Beauty,0.34,49.5,0.16,0.05,0,Low
CUST100954,34,Female,Tier 1,61573,0.7,104,3,72.88,219.79,Beauty,0.51,43.5,0.16,0.43,1,Medium
CUST100955,47,Female,Tier 3,61836,2.0,62,6,69.36,459.03,Home & Furniture,0.17,56.8,0.59,0.19,1,Medium
CUST100956,38,Male,Tier 3,49663,2.8,30,20,86.47,1696.33,Groceries,0.08,92.3,0.38,0.19,1,Low
CUST100957,40,Male,Tier 3,20865,6.2,41,11,44.85,483.48,Groceries,0.86,85.9,0.16,0.05,0,Low
CUST100958,41,Female,Tier 2,55409,4.7,17,7,38.58,302.9,Electronics,0.75,56.6,0.48,0.17,0,Low
CUST100959,39,Male,Tier 1,66098,1.6,184,6,56.11,344.35,Fashion,0.69,50.4,0.18,0.05,0,Medium
CUST100960,42,Female,Tier 1,84205,3.3,49,4,91.0,371.23,Home & Furniture,0.5,37.6,0.2,0.06,0,Medium
CUST100961,49,Female,Tier 3,48032,1.8,2,3,46.08,128.37,Groceries,0.86,50.8,0.48,0.17,1,Medium
CUST100962,37,Male,Tier 1,101016,1.8,17,12,59.65,738.93,Electronics,0.41,76.8,0.26,0.17,0,Low
CUST100963,42,Female,Tier 2,28390,0.3,43,4,63.9,261.42,Sports,0.83,62.0,0.63,0.15,0,Medium
CUST100964,34,Male,Tier 2,83201,0.3,2,4,100.14,388.16,Beauty,0.58,48.8,0.49,0.07,1,Medium
CUST100965,50,Male,Tier 2,61962,1.7,1,8,79.45,729.17,Fashion,0.62,60.6,0.36,0.46,3,Low
CUST100966,27,Female,Tier 3,67272,0.7,26,5,66.95,373.1,Groceries,0.42,74.9,0.11,0.12,1,Medium
CUST100967,54,Female,Tier 1,79036,0.0,18,7,92.28,694.33,Sports,0.63,76.1,0.28,0.09,1,Low
CUST100968,34,Male,Tier 1,90111,2.8,25,10,84.53,854.77,Electronics,0.18,70.0,0.16,0.03,1,Low
CUST100969,19,Male,Tier 1,56627,0.1,13,6,70.26,416.76,Groceries,0.62,33.9,0.28,0.07,0,Low
CUST100970,36,Female,Tier 1,50624,2.0,8,8,48.38,350.45,Fashion,0.58,95.3,0.47,0.06,0,Low
CUST100971,27,Female,Tier 1,92369,1.7,52,2,119.72,225.49,Fashion,0.73,48.6,0.36,0.02,0,Medium
CUST100972,44,Female,Tier 1,71557,7.6,32,12,56.08,728.27,Beauty,0.62,67.0,0.24,0.04,2,Low
CUST100973,27,Male,Tier 3,55788,1.5,10,4,84.97,335.16,Fashion,0.46,50.7,0.23,0.18,0,Medium
CUST100974,30,Male,Tier 3,75225,0.1,17,5,83.27,464.1,Electronics,0.57,62.8,0.17,0.11,0,Medium
CUST100975,18,Male,Tier 1,44624,1.8,40,6,49.84,267.45,Electronics,0.4,62.6,0.19,0.11,0,Low
CUST100976,30,Female,Tier 1,78718,4.0,3,10,88.1,883.21,Electronics,0.29,81.1,0.34,0.33,0,Low
CUST100977,18,Male,Tier 3,37581,12.0,7,16,62.32,1041.08,Fashion,0.37,70.2,0.43,0.02,1,Low
CUST100978,18,Male,Tier 1,60820,1.2,3,9,91.18,824.77,Home & Furniture,0.22,64.0,0.2,0.09,2,Low
CUST100979,43,Female,Tier 1,74501,0.8,75,6,86.78,581.48,Electronics,0.43,78.9,0.44,0.27,1,Medium
CUST100980,43,Male,Tier 1,46196,5.2,62,10,45.14,517.7,Groceries,0.56,66.5,0.3,0.26,0,Medium
CUST100981,39,Female,Tier 2,47580,0.5,62,6,60.48,321.06,Home & Furniture,0.13,53.7,0.52,0.08,1,Medium
CUST100982,24,Female,Tier 1,89919,2.1,56,8,122.18,868.93,Fashion,0.54,49.1,0.41,0.31,0,Low
CUST100983,34,Female,Tier 3,70551,1.1,49,5,99.01,440.15,Groceries,0.27,61.2,0.33,0.22,0,Medium
CUST100984,34,Male,Tier 1,68472,0.1,29,8,90.69,764.95,Home & Furniture,0.56,75.5,0.39,0.05,1,Low
CUST100985,22,Male,Tier 2,59176,0.9,46,5,81.25,390.73,Fashion,0.43,65.9,0.45,0.31,1,Medium
CUST100986,51,Female,Tier 1,71103,0.7,1,4,89.74,384.09,Fashion,0.48,54.8,0.24,0.18,1,Medium
CUST100987,44,Female,Tier 2,88018,2.5,43,14,110.73,1506.26,Groceries,0.08,78.0,0.6,0.09,1,Low
CUST100988,32,Female,Tier 2,55193,6.5,67,9,59.14,552.64,Sports,0.33,81.4,0.16,0.25,2,Medium
CUST100989,35,Male,Tier 2,64173,0.7,31,11,53.15,631.98,Fashion,0.45,81.8,0.39,0.14,0,Low
CUST100990,37,Female,Tier 2,81428,3.7,19,12,88.89,1082.11,Fashion,0.56,62.7,0.41,0.29,0,Low
CUST100991,18,Female,Tier 2,39207,0.1,14,4,40.41,163.56,Fashion,0.42,26.0,0.46,0.07,0,Medium
CUST100992,32,Female,Tier 3,81858,1.7,46,10,72.39,634.48,Electronics,0.52,69.0,0.14,0.15,0,Low
CUST100993,27,Female,Tier 3,24251,0.2,53,6,29.4,171.68,Groceries,0.07,66.3,0.68,0.1,1,Low
CUST100994,23,Female,Tier 2,84533,6.0,92,12,127.72,1553.69,Fashion,0.35,51.7,0.18,0.03,1,Medium
CUST100995,31,Female,Tier 1,61691,3.2,18,12,73.45,871.35,Electronics,0.75,72.1,0.46,0.07,0,Low
CUST100996,54,Male,Tier 1,73231,2.4,66,8,86.45,774.75,Fashion,0.46,56.2,0.38,0.07,4,Medium
CUST100997,42,Male,Tier 1,38779,3.8,37,6,33.98,228.75,Electronics,0.28,59.6,0.43,0.17,3,Low
CUST100998,28,Male,Tier 2,49013,2.3,96,7,33.19,254.77,Fashion,0.44,47.9,0.3,0.05,1,Medium
CUST100999,41,Male,Tier 1,53683,7.6,33,17,52.45,858.29,Electronics,0.34,96.2,0.12,0.02,0,Low
CUST101000,50,Male,Tier 1,65062,2.8,32,6,95.79,612.21,Electronics,0.52,60.6,0.46,0.02,0,Low
CUST101001,45,Male,Tier 3,56528,5.7,38,11,72.12,768.4,Beauty,0.6,57.7,0.33,0.37,1,Low
CUST101002,35,Male,Tier 3,72240,1.6,62,4,89.18,328.1,Beauty,0.48,62.8,0.34,0.05,1,Medium
CUST101003,27,Male,Tier 3,55536,0.3,150,6,77.36,442.28,Electronics,0.47,31.8,0.09,0.15,0,Medium
CUST101004,42,Female,Tier 1,78338,1.7,3,7,76.41,466.03,Groceries,0.3,79.1,0.68,0.14,0,Low
CUST101005,39,Female,Tier 2,41880,0.3,2,5,75.72,359.49,Fashion,0.29,71.7,0.15,0.13,0,Medium
CUST101006,44,Male,Tier 1,57746,2.0,124,3,58.63,173.82,Groceries,0.49,60.3,0.2,0.06,1,Medium
CUST101007,41,Female,Tier 1,104777,1.4,33,10,128.41,1459.56,Fashion,0.18,64.8,0.32,0.12,0,Low
CUST101008,46,Female,Tier 1,61166,2.1,42,6,77.61,439.59,Fashion,0.36,51.8,0.39,0.08,0,Low
CUST101009,29,Male,Tier 1,97411,0.0,29,5,74.34,416.58,Home & Furniture,0.6,58.1,0.5,0.12,0,Medium
CUST101010,49,Male,Tier 1,71224,0.5,4,4,68.13,250.35,Electronics,0.81,56.6,0.2,0.11,1,Medium
CUST101011,37,Male,Tier 3,55841,1.5,65,6,39.76,216.44,Electronics,0.65,47.7,0.73,0.26,0,Medium
CUST101012,57,Female,Tier 1,98066,6.6,61,13,119.17,1558.04,Home & Furniture,0.65,63.3,0.28,0.5,0,Medium
CUST101013,27,Female,Tier 2,79694,1.1,16,3,86.04,271.48,Groceries,0.09,50.0,0.39,0.04,1,Medium
CUST101014,54,Male,Tier 2,65605,1.2,16,11,41.25,391.72,Groceries,0.55,56.4,0.24,0.14,0,Low
CUST101015,37,Male,Tier 1,63811,2.8,81,8,78.81,577.72,Fashion,0.52,66.0,0.59,0.16,2,Medium
CUST101016,27,Male,Tier 2,55793,2.0,3,6,58.44,345.98,Groceries,0.28,61.1,0.21,0.24,0,Low
CUST101017,29,Male,Tier 1,73683,0.8,95,8,59.15,449.21,Fashion,0.4,52.8,0.26,0.05,0,Medium
CUST101018,31,Male,Tier 2,74443,1.2,13,3,107.21,342.15,Fashion,0.49,41.4,0.51,0.08,1,Medium
CUST101019,39,Male,Tier 1,71676,0.5,40,1,81.34,81.61,Groceries,0.25,34.1,0.54,0.1,0,Medium
CUST101020,40,Female,Tier 1,83139,7.4,123,11,84.88,838.55,Groceries,0.69,82.9,0.46,0.09,0,Medium
CUST101021,28,Female,Tier 1,96690,0.3,51,7,94.58,740.41,Home & Furniture,0.56,51.4,0.32,0.13,2,Low
CUST101022,34,Male,Tier 2,66463,1.0,24,7,52.69,345.92,Home & Furniture,0.38,68.9,0.31,0.23,0,Low
CUST101023,58,Female,Tier 3,69809,0.1,52,5,58.61,313.37,Fashion,0.65,56.8,0.54,0.31,1,Medium
CUST101024,54,Male,Tier 1,50259,0.6,18,8,81.16,703.8,Fashion,0.34,30.9,0.55,0.19,0,Low
CUST101025,39,Male,Tier 2,15000,3.3,14,10,25.39,289.18,Fashion,0.45,90.1,0.19,0.18,1,Low
CUST101026,35,Male,Tier 2,66990,0.5,256,4,76.16,304.5,Groceries,0.17,40.6,0.08,0.1,0,Medium
CUST101027,36,Female,Tier 3,53693,0.2,62,5,34.08,176.32,Fashion,0.62,44.6,0.15,0.1,1,Medium
CUST101028,41,Female,Tier 3,48133,1.4,46,5,40.34,191.71,Beauty,0.06,55.1,0.5,0.12,1,Medium
CUST101029,23,Female,Tier 2,59583,0.0,19,4,78.8,332.05,Home & Furniture,0.58,42.3,0.31,0.12,2,Medium
CUST101030,32,Male,Tier 2,57712,0.2,2,6,73.76,437.7,Beauty,0.28,83.7,0.22,0.2,0,Low
CUST101031,18,Female,Tier 3,68500,3.6,1,3,103.38,304.34,Home & Furniture,0.36,45.0,0.21,0.06,0,Medium
CUST101032,39,Male,Tier 1,73149,3.2,36,4,101.1,447.53,Sports,0.05,48.1,0.6,0.07,1,Medium
CUST101033,42,Female,Tier 1,59355,5.4,64,10,66.0,570.93,Groceries,0.16,54.8,0.52,0.07,1,Medium
CUST101034,29,Male,Tier 1,85422,4.2,34,6,98.28,657.25,Sports,0.56,59.6,0.35,0.25,0,Low
CUST101035,52,Male,Tier 3,57891,2.5,82,10,63.49,701.96,Electronics,0.25,78.2,0.44,0.02,0,Medium
CUST101036,21,Female,Tier 3,58877,0.1,1,4,99.89,400.32,Electronics,0.44,79.4,0.4,0.27,0,Medium
CUST101037,18,Female,Tier 1,54606,3.4,20,10,82.74,824.97,Groceries,0.21,63.2,0.22,0.06,2,Low
CUST101038,37,Male,Tier 2,49103,4.1,12,5,63.46,304.15,Sports,0.6,63.3,0.41,0.17,1,Medium
CUST101039,46,Female,Tier 2,65915,3.5,26,12,77.94,1073.94,Fashion,0.7,72.4,0.31,0.21,2,Low
CUST101040,53,Male,Tier 1,77430,1.6,3,7,106.2,656.68,Electronics,0.7,51.9,0.58,0.17,0,Low
CUST101041,29,Female,Tier 3,61236,0.6,138,5,79.72,409.39,Groceries,0.22,75.3,0.33,0.14,2,Medium
CUST101042,46,Female,Tier 1,69564,4.1,11,16,101.35,1709.98,Groceries,0.6,97.3,0.42,0.24,2,Low
CUST101043,34,Female,Tier 1,36545,2.9,114,5,17.55,99.18,Fashion,0.76,50.9,0.33,0.07,1,Medium
CUST101044,33,Female,Tier 2,51410,8.7,24,16,69.76,1209.99,Home & Furniture,0.19,98.6,0.33,0.05,0,Low
CUST101045,44,Female,Tier 2,77888,0.4,190,4,77.18,322.04,Sports,0.29,53.5,0.44,0.03,1,Medium
CUST101046,42,Male,Tier 1,67447,0.6,36,4,102.55,363.04,Beauty,0.38,55.4,0.34,0.11,0,Medium
CUST101047,18,Female,Tier 2,48765,0.5,120,3,83.83,241.96,Fashion,0.41,47.9,0.51,0.21,1,Medium
CUST101048,51,Male,Tier 2,84154,3.5,1,10,90.62,808.02,Fashion,0.21,88.0,0.42,0.15,2,Low
CUST101049,50,Male,Tier 1,63184,0.5,62,7,95.69,746.43,Fashion,0.36,46.4,0.39,0.25,0,Medium
CUST101050,28,Male,Tier 1,39429,0.2,105,8,79.6,684.49,Fashion,0.34,75.6,0.31,0.07,1,Medium
CUST101051,39,Male,Tier 2,58708,12.0,6,13,70.04,980.87,Electronics,0.19,72.7,0.35,0.18,0,Low
CUST101052,40,Female,Tier 1,63284,0.1,4,5,109.82,574.18,Home & Furniture,0.56,77.9,0.44,0.04,2,Medium
CUST101053,37,Male,Tier 3,38407,4.0,24,9,51.54,464.84,Fashion,0.2,65.5,0.15,0.23,1,Low
CUST101054,28,Female,Tier 3,49043,1.0,122,1,57.65,51.6,Beauty,0.31,43.9,0.23,0.09,0,High
CUST101055,27,Male,Tier 3,60647,4.1,35,4,83.53,317.05,Sports,0.34,54.1,0.12,0.11,1,Medium
CUST101056,34,Male,Tier 1,69432,1.8,33,6,72.55,387.88,Electronics,0.43,52.3,0.4,0.21,0,Low
CUST101057,47,Male,Tier 3,65325,5.1,6,16,75.72,1293.27,Sports,0.22,78.2,0.23,0.05,2,Low
CUST101058,40,Male,Tier 1,104641,5.7,1,4,128.34,461.03,Home & Furniture,0.36,74.4,0.19,0.02,1,Medium
CUST101059,30,Male,Tier 1,61828,0.0,74,3,71.81,228.49,Groceries,0.44,20.8,0.3,0.03,0,Medium
CUST101060,43,Female,Tier 1,78210,0.2,4,3,59.75,189.59,Fashion,0.45,40.7,0.15,0.16,0,Medium
CUST101061,18,Male,Tier 1,54034,0.6,45,4,70.54,278.72,Groceries,0.17,44.8,0.12,0.26,0,Medium
CUST101062,47,Female,Tier 2,49565,2.4,110,8,50.86,362.35,Fashion,0.17,42.1,0.2,0.06,0,Medium
CUST101063,18,Male,Tier 2,42671,4.8,10,7,68.54,453.12,Groceries,0.37,81.1,0.21,0.15,1,Low
CUST101064,31,Male,Tier 1,59782,1.4,49,5,80.26,379.64,Electronics,0.6,70.2,0.39,0.16,0,Medium
CUST101065,22,Female,Tier 2,61270,2.1,3,7,93.13,691.1,Groceries,0.24,70.8,0.1,0.16,1,Low
CUST101066,20,Male,Tier 1,106283,0.5,41,7,122.18,756.15,Fashion,0.17,52.2,0.3,0.09,1,Low
CUST101067,47,Male,Tier 2,51911,3.6,8,6,79.61,524.81,Electronics,0.47,77.2,0.12,0.1,0,Low
CUST101068,29,Male,Tier 1,60100,7.5,59,10,60.05,647.52,Groceries,0.52,45.0,0.56,0.23,1,Low
CUST101069,38,Male,Tier 3,55063,0.7,16,11,77.95,776.76,Groceries,0.57,96.1,0.24,0.09,0,Low
CUST101070,34,Female,Tier 3,61724,1.5,28,8,100.96,860.78,Fashion,0.34,55.0,0.22,0.12,0,Low
CUST101071,40,Male,Tier 2,66743,0.2,41,5,65.29,342.95,Electronics,0.09,52.8,0.5,0.01,0,Medium
CUST101072,35,Female,Tier 1,93113,1.8,8,5,124.59,669.32,Beauty,0.28,54.0,0.12,0.06,1,Medium
CUST101073,20,Female,Tier 1,20324,1.5,60,7,28.7,182.15,Groceries,0.09,45.1,0.36,0.08,1,Low
CUST101074,45,Male,Tier 3,16035,0.3,16,1,20.58,18.47,Electronics,0.35,73.5,0.6,0.07,0,Medium
CUST101075,29,Female,Tier 1,58674,1.3,48,4,73.34,270.17,Groceries,0.38,62.7,0.29,0.2,2,Medium
CUST101076,18,Male,Tier 1,82951,0.9,7,5,99.86,479.21,Groceries,0.48,73.9,0.19,0.13,0,Medium
CUST101077,30,Female,Tier 1,39818,1.6,52,6,66.86,436.5,Electronics,0.32,42.1,0.15,0.41,0,Low
CUST101078,51,Male,Tier 2,15000,1.9,6,7,18.07,135.52,Groceries,0.65,65.6,0.4,0.13,0,Low
CUST101079,44,Female,Tier 2,73881,0.0,24,3,88.09,298.0,Beauty,0.74,59.9,0.32,0.27,0,Medium
CUST101080,31,Male,Tier 3,57785,3.1,12,6,57.87,301.24,Home & Furniture,0.56,64.0,0.09,0.08,0,Low
CUST101081,31,Male,Tier 1,48776,2.7,62,6,38.31,196.18,Electronics,0.43,41.9,0.33,0.16,1,Medium
CUST101082,31,Female,Tier 1,50660,1.0,13,5,48.29,255.87,Beauty,0.45,71.6,0.35,0.23,1,Medium
CUST101083,57,Female,Tier 3,46344,0.1,96,4,47.36,176.9,Fashion,0.44,49.9,0.22,0.05,2,Medium
CUST101084,39,Male,Tier 3,58589,3.1,100,7,76.65,509.84,Sports,0.36,42.5,0.46,0.04,1,Medium
CUST101085,39,Male,Tier 1,60326,6.8,9,9,87.55,799.01,Electronics,0.45,44.8,0.06,0.0,2,Low
CUST101086,46,Female,Tier 2,73293,0.6,42,3,58.98,155.84,Groceries,0.34,59.1,0.38,0.18,1,Medium
CUST101087,37,Female,Tier 1,19416,0.9,4,9,41.46,389.11,Groceries,0.62,97.0,0.49,0.02,0,Low
CUST101088,32,Female,Tier 3,38376,0.4,22,4,34.33,130.12,Fashion,0.4,43.6,0.53,0.25,0,Medium
CUST101089,32,Female,Tier 1,48531,1.9,56,2,69.88,145.32,Home & Furniture,0.38,50.4,0.39,0.43,0,Medium
CUST101090,34,Female,Tier 3,49985,0.4,48,6,52.31,345.31,Groceries,0.38,70.5,0.25,0.1,1,Low
CUST101091,34,Female,Tier 2,49915,1.0,44,14,45.83,578.31,Electronics,0.12,58.4,0.29,0.19,1,Low
CUST101092,43,Male,Tier 2,77561,2.6,14,10,96.63,1091.21,Groceries,0.18,62.8,0.15,0.04,1,Low
CUST101093,35,Male,Tier 1,36531,1.8,21,5,41.64,210.12,Groceries,0.17,47.6,0.2,0.15,0,Medium
CUST101094,43,Female,Tier 2,64018,1.1,4,3,68.61,231.95,Electronics,0.46,67.4,0.24,0.15,2,Medium
CUST101095,34,Female,Tier 1,79650,1.2,57,3,53.08,145.28,Sports,0.1,66.2,0.35,0.17,0,Medium
CUST101096,35,Male,Tier 1,103419,1.8,31,9,120.38,1117.41,Beauty,0.49,66.8,0.1,0.05,0,Low
CUST101097,18,Male,Tier 2,44528,0.0,55,4,69.42,269.67,Fashion,0.44,42.4,0.35,0.11,0,Medium
CUST101098,45,Female,Tier 3,64840,0.2,12,4,74.12,320.87,Groceries,0.46,51.5,0.22,0.15,0,Medium
CUST101099,38,Male,Tier 2,28730,4.7,17,5,21.03,108.49,Fashion,0.41,50.7,0.57,0.02,0,Medium
CUST101100,45,Male,Tier 2,20944,0.2,18,5,55.59,277.49,Home & Furniture,0.53,46.5,0.39,0.18,0,Medium
CUST101101,18,Male,Tier 1,78405,2.7,1,8,75.34,677.39,Sports,0.57,64.7,0.12,0.06,1,Low
CUST101102,57,Male,Tier 1,78699,5.6,18,9,78.78,682.88,Fashion,0.37,73.1,0.37,0.2,1,Low
CUST101103,33,Male,Tier 1,90413,0.7,73,2,130.02,238.2,Beauty,0.52,52.6,0.49,0.04,1,Medium
CUST101104,47,Male,Tier 2,40078,1.0,102,3,42.84,132.69,Groceries,0.07,45.7,0.31,0.08,0,Medium
CUST101105,23,Male,Tier 3,59558,1.9,32,2,80.76,167.53,Fashion,0.63,51.5,0.26,0.01,1,Medium
CUST101106,41,Female,Tier 2,96038,4.7,27,12,108.46,1277.74,Sports,0.12,70.3,0.34,0.18,1,Low
CUST101107,23,Male,Tier 1,72754,6.3,1,12,86.48,1033.59,Groceries,0.41,58.3,0.46,0.26,1,Low
CUST101108,28,Female,Tier 1,72178,3.0,95,7,84.38,672.09,Fashion,0.45,56.4,0.77,0.03,1,Medium
CUST101109,56,Female,Tier 2,68554,0.2,1,7,82.77,619.83,Home & Furniture,0.45,56.9,0.54,0.09,0,Low
CUST101110,32,Male,Tier 1,40524,2.4,130,10,57.85,510.92,Fashion,0.36,40.8,0.43,0.06,0,Medium
CUST101111,37,Female,Tier 3,80200,1.2,30,7,86.05,550.33,Fashion,0.28,65.4,0.32,0.06,0,Low
CUST101112,44,Male,Tier 3,47604,1.4,18,8,82.34,752.7,Sports,0.5,56.9,0.14,0.05,0,Low
CUST101113,40,Female,Tier 2,71080,0.1,116,6,59.54,381.51,Home & Furniture,0.39,53.1,0.37,0.08,1,Medium
CUST101114,36,Male,Tier 1,42265,0.5,1,4,70.54,317.29,Beauty,0.11,68.1,0.21,0.02,1,Medium
CUST101115,39,Female,Tier 1,50369,3.4,39,6,74.31,419.62,Fashion,0.55,46.7,0.53,0.16,1,Low
CUST101116,61,Female,Tier 1,106231,1.3,35,5,119.0,638.17,Groceries,0.62,57.6,0.21,0.02,1,Medium
CUST101117,34,Male,Tier 1,63348,0.8,11,5,89.54,476.44,Sports,0.26,37.2,0.34,0.19,0,Medium
CUST101118,37,Male,Tier 1,96958,1.1,25,7,99.41,653.01,Fashion,0.46,79.9,0.58,0.03,1,Low
CUST101119,46,Female,Tier 2,62991,4.2,47,12,44.46,541.65,Electronics,0.31,53.0,0.33,0.02,1,Low
CUST101120,47,Female,Tier 2,31645,3.0,58,6,45.29,282.13,Groceries,0.45,50.0,0.51,0.31,0,Low
CUST101121,48,Male,Tier 1,91257,0.7,1,9,81.18,726.48,Fashion,0.61,84.0,0.46,0.13,0,Low
CUST101122,42,Female,Tier 1,62181,0.3,124,5,60.84,334.06,Electronics,0.3,44.8,0.72,0.17,2,Medium
CUST101123,22,Male,Tier 1,77376,0.6,8,3,65.84,217.24,Beauty,0.48,40.8,0.28,0.18,0,Medium
CUST101124,52,Female,Tier 1,77253,5.6,11,19,77.22,1621.5,Sports,0.08,95.5,0.09,0.28,0,Low
CUST101125,22,Male,Tier 3,22023,1.9,13,8,29.4,256.61,Groceries,0.26,73.0,0.13,0.29,1,Low
CUST101126,38,Female,Tier 1,74157,1.7,1,5,46.13,229.83,Home & Furniture,0.18,52.3,0.1,0.33,2,Medium
CUST101127,26,Male,Tier 1,105932,2.0,5,5,118.78,572.78,Beauty,0.8,53.2,0.28,0.06,0,Medium
CUST101128,34,Male,Tier 1,78473,1.0,193,7,118.7,913.5,Home & Furniture,0.44,39.5,0.36,0.33,0,Medium
CUST101129,38,Male,Tier 3,55164,3.6,17,10,75.06,748.39,Electronics,0.24,65.8,0.36,0.12,1,Low
CUST101130,38,Male,Tier 2,80556,1.6,5,6,84.09,466.15,Electronics,0.53,38.8,0.37,0.07,1,Low
CUST101131,39,Male,Tier 1,75392,0.3,5,4,82.01,328.76,Electronics,0.15,55.3,0.27,0.09,0,Medium
CUST101132,52,Male,Tier 2,70571,0.3,57,9,72.49,582.31,Electronics,0.51,83.7,0.77,0.05,0,Low
CUST101133,39,Female,Tier 2,41950,1.7,86,4,56.31,238.19,Fashion,0.3,38.6,0.34,0.13,2,Medium
CUST101134,32,Male,Tier 3,58009,6.1,13,11,67.79,708.98,Fashion,0.54,63.7,0.47,0.07,1,Low
CUST101135,45,Male,Tier 1,92637,0.8,1,8,84.58,628.06,Fashion,0.12,51.7,0.22,0.07,0,Low
CUST101136,48,Male,Tier 3,45150,4.5,11,7,82.87,659.53,Electronics,0.03,70.2,0.35,0.06,0,Low
CUST101137,21,Male,Tier 3,75040,3.2,2,6,60.23,391.4,Groceries,0.55,76.2,0.2,0.01,1,Low
CUST101138,41,Male,Tier 3,55749,0.6,4,4,77.23,335.52,Fashion,0.32,71.8,0.09,0.03,1,Medium
CUST101139,42,Male,Tier 2,46820,0.1,25,5,57.5,298.17,Beauty,0.58,42.5,0.3,0.02,0,Medium
CUST101140,31,Male,Tier 2,76357,0.2,11,9,112.14,1111.95,Electronics,0.5,72.9,0.23,0.13,0,Low
CUST101141,50,Male,Tier 1,70837,2.9,32,13,84.14,1178.86,Beauty,0.59,90.0,0.29,0.18,2,Low
CUST101142,33,Female,Tier 2,72871,0.5,13,5,75.33,387.81,Sports,0.58,64.8,0.28,0.15,0,Medium
CUST101143,36,Female,Tier 2,55148,1.0,127,7,62.24,495.95,Home & Furniture,0.37,57.0,0.15,0.24,0,Medium
CUST101144,33,Male,Tier 2,58123,1.5,106,6,69.03,375.86,Home & Furniture,0.63,45.7,0.2,0.17,0,Medium
CUST101145,35,Male,Tier 1,78884,2.8,37,8,68.59,621.71,Sports,0.49,64.9,0.18,0.15,0,Low
CUST101146,22,Female,Tier 2,60036,0.3,19,3,58.53,170.4,Electronics,0.71,68.9,0.3,0.08,0,Medium
CUST101147,19,Male,Tier 3,15000,1.1,21,3,8.0,24.2,Sports,0.15,57.8,0.03,0.01,1,Medium
CUST101148,52,Female,Tier 1,56617,1.5,23,6,53.34,283.82,Home & Furniture,0.24,44.7,0.19,0.16,2,Low
CUST101149,25,Male,Tier 3,67729,1.7,58,6,77.85,472.72,Home & Furniture,0.35,50.7,0.34,0.17,1,Low
CUST101150,24,Female,Tier 2,53221,3.8,27,5,68.85,355.73,Fashion,0.47,71.8,0.43,0.07,1,Medium
CUST101151,18,Female,Tier 3,38772,0.4,87,5,22.62,129.99,Groceries,0.65,55.2,0.27,0.17,0,Medium
CUST101152,27,Female,Tier 1,42345,3.6,129,9,53.23,547.37,Groceries,0.28,56.5,0.29,0.1,1,Medium
CUST101153,20,Female,Tier 1,44564,2.6,18,5,65.59,373.84,Groceries,0.48,51.6,0.38,0.17,0,Medium
CUST101154,53,Male,Tier 3,25807,1.8,37,4,39.06,149.13,Home & Furniture,0.33,68.6,0.46,0.17,0,Medium
CUST101155,46,Male,Tier 1,72576,2.6,4,6,70.97,488.58,Electronics,0.38,81.5,0.09,0.04,0,Low
CUST101156,27,Female,Tier 3,41028,1.2,10,3,48.01,142.11,Fashion,0.73,70.2,0.26,0.04,1,Medium
CUST101157,59,Female,Tier 2,52201,0.3,24,7,55.39,428.66,Fashion,0.49,78.9,0.36,0.1,0,Low
CUST101158,45,Male,Tier 2,62773,2.4,10,10,62.76,574.19,Fashion,0.64,64.7,0.29,0.21,0,Low
CUST101159,31,Male,Tier 1,74951,1.6,94,4,85.07,340.88,Electronics,0.65,42.6,0.17,0.17,0,Medium
CUST101160,18,Male,Tier 2,90877,2.2,7,9,130.35,1337.16,Electronics,0.18,65.4,0.27,0.26,1,Low
CUST101161,60,Male,Tier 1,52786,0.9,27,3,52.83,179.75,Fashion,0.3,53.8,0.42,0.42,1,Medium
CUST101162,19,Female,Tier 1,84468,5.2,41,6,85.62,542.04,Groceries,0.49,75.1,0.79,0.01,0,Low
CUST101163,18,Male,Tier 1,80715,1.9,52,6,86.49,565.3,Electronics,0.53,70.8,0.53,0.09,1,Low
CUST101164,46,Male,Tier 1,60376,0.2,21,7,60.0,379.23,Sports,0.86,68.4,0.41,0.03,0,Low
CUST101165,61,Male,Tier 3,69058,1.3,91,6,94.02,601.63,Home & Furniture,0.75,35.7,0.33,0.07,0,Medium
CUST101166,50,Male,Tier 3,52762,3.1,37,8,28.41,235.33,Home & Furniture,0.48,42.0,0.5,0.02,0,Low
CUST101167,41,Male,Tier 1,75742,3.5,26,8,75.15,527.53,Electronics,0.07,66.3,0.26,0.07,0,Low
CUST101168,41,Female,Tier 2,89564,1.5,3,5,106.91,472.51,Groceries,0.15,70.3,0.42,0.15,0,Medium
CUST101169,44,Female,Tier 1,84500,5.0,28,12,86.01,910.88,Groceries,0.61,70.2,0.21,0.03,1,Low
CUST101170,43,Female,Tier 2,72354,0.7,77,5,67.98,362.78,Sports,0.49,75.3,0.17,0.12,2,Medium
CUST101171,38,Male,Tier 3,48454,1.2,42,4,66.99,239.16,Home & Furniture,0.7,40.8,0.31,0.09,2,Medium
CUST101172,36,Female,Tier 3,28686,5.0,80,7,57.5,398.6,Groceries,0.1,41.5,0.09,0.09,0,Medium
CUST101173,34,Female,Tier 1,65847,5.0,30,6,78.03,448.09,Beauty,0.45,51.0,0.24,0.04,0,Low
CUST101174,26,Female,Tier 2,78118,2.5,5,10,73.08,741.87,Electronics,0.3,61.1,0.31,0.14,0,Low
CUST101175,31,Male,Tier 1,40910,4.3,1,8,60.93,517.63,Electronics,0.22,72.2,0.32,0.04,0,Low
CUST101176,18,Male,Tier 3,29208,0.2,16,3,38.31,121.3,Home & Furniture,0.04,49.3,0.28,0.12,0,Medium
CUST101177,33,Male,Tier 1,71472,4.4,53,10,90.74,911.62,Electronics,0.21,46.1,0.04,0.35,0,Low
CUST101178,24,Male,Tier 2,37876,0.9,70,3,73.81,219.06,Electronics,0.7,59.7,0.32,0.22,3,Medium
CUST101179,22,Male,Tier 2,40534,0.4,15,3,14.69,42.72,Home & Furniture,0.43,33.4,0.63,0.04,3,Medium
CUST101180,36,Male,Tier 2,52775,0.6,30,2,65.65,145.56,Fashion,0.4,38.1,0.4,0.07,0,Medium
CUST101181,50,Male,Tier 1,51418,1.2,24,5,36.81,174.71,Groceries,0.69,38.1,0.16,0.35,0,Medium
CUST101182,45,Female,Tier 3,41465,0.6,23,3,91.18,253.79,Beauty,0.47,56.2,0.71,0.16,1,Medium
CUST101183,18,Male,Tier 1,75861,0.9,11,7,76.2,572.34,Fashion,0.19,65.1,0.24,0.14,0,Low
CUST101184,24,Male,Tier 2,32067,0.3,6,2,57.92,110.97,Electronics,0.28,76.4,0.41,0.11,0,Medium
CUST101185,45,Female,Tier 1,45238,0.8,9,3,57.17,189.36,Electronics,0.49,66.1,0.33,0.12,0,Medium
CUST101186,24,Female,Tier 1,54259,1.9,2,7,53.17,352.97,Electronics,0.4,81.1,0.3,0.53,1,Low
CUST101187,32,Female,Tier 2,71975,1.3,9,10,66.15,701.58,Electronics,0.57,72.6,0.17,0.26,0,Low
CUST101188,41,Female,Tier 1,68855,0.9,1,5,101.16,436.77,Electronics,0.59,48.2,0.16,0.29,1,Medium
CUST101189,24,Female,Tier 1,57237,3.0,44,4,82.04,316.89,Fashion,0.15,55.1,0.15,0.13,1,Medium
CUST101190,36,Female,Tier 1,71198,4.9,17,9,108.49,930.49,Fashion,0.2,73.4,0.16,0.05,1,Low
CUST101191,20,Male,Tier 1,32577,3.1,162,6,47.98,315.23,Home & Furniture,0.25,54.2,0.23,0.06,0,Medium
CUST101192,28,Male,Tier 2,66104,0.9,9,7,79.41,633.76,Beauty,0.41,57.4,0.26,0.13,0,Low
CUST101193,38,Male,Tier 3,63101,3.0,19,7,68.58,474.43,Home & Furniture,0.18,68.0,0.55,0.36,1,Low
CUST101194,18,Male,Tier 1,55832,0.4,19,6,62.22,409.7,Groceries,0.15,48.9,0.53,0.2,0,Low
CUST101195,39,Male,Tier 1,89706,0.3,1,3,79.13,251.61,Electronics,0.44,43.4,0.36,0.04,1,Medium
CUST101196,34,Female,Tier 1,49305,0.9,82,7,62.35,497.65,Home & Furniture,0.35,42.4,0.63,0.09,1,Medium
CUST101197,41,Female,Tier 1,92702,3.6,1,15,85.41,1400.72,Fashion,0.68,80.2,0.67,0.34,0,Low
CUST101198,37,Female,Tier 2,63580,0.6,126,4,79.61,278.08,Electronics,0.12,31.3,0.22,0.08,0,Medium
CUST101199,50,Male,Tier 2,59942,0.1,100,0,72.5,0.0,Beauty,0.79,34.9,0.22,0.13,1,Medium
