CustomerID,Age,Gender,CityTier,AnnualIncome,MembershipYears,RecencyDays,Frequency,AvgOrderValue,TotalSpend,PreferredCategory,DiscountSensitivity,OnlineEngagementScore,CartAbandonRate,ReturnsRate,SupportTickets,ChurnRisk,Segment,PC1,PC2,SegmentName
CUST100000,40,Male,Tier 3,48295,0.0,6,5,52.99,283.97,Groceries,0.25,54.4,0.55,0.19,2,Medium,3,-1.5460030422127804,-0.4772950760440246,Budget-Conscious / New
CUST100001,33,Female,Tier 2,48180,1.2,88,4,59.72,241.83,Electronics,0.35,63.4,0.22,0.1,1,Medium,3,-1.4273888998655495,-0.3498677078758988,Budget-Conscious / New
CUST100002,42,Female,Tier 1,81641,0.9,45,5,77.3,436.66,Fashion,0.52,39.8,0.38,0.21,1,Medium,1,-0.717397552508459,1.3920054855393131,Mainstream Regulars
CUST100003,51,Female,Tier 2,59955,2.6,13,11,69.29,757.26,Sports,0.67,76.3,0.31,0.16,0,Low,2,1.407575194995527,-0.9856101318154274,Champions (High-Value Loyal)
CUST100004,32,Female,Tier 1,66290,3.2,36,8,40.2,327.51,Sports,0.19,71.1,0.23,0.16,1,Low,3,-0.0632258733181415,-1.2949419336800778,Budget-Conscious / New
CUST100005,32,Female,Tier 1,82113,0.8,33,2,94.86,195.19,Beauty,0.24,49.0,0.1,0.25,1,Medium,1,-1.0660413563334787,1.8587161173848263,Mainstream Regulars
CUST100006,52,Male,Tier 3,27431,3.7,47,7,41.03,279.45,Sports,0.92,70.0,0.63,0.13,0,Low,3,-0.8464479139872001,-2.335822125435449,Budget-Conscious / New
CUST100007,43,Male,Tier 1,96929,0.8,11,7,95.73,738.16,Beauty,0.07,64.7,0.24,0.08,0,Low,1,1.175570126278915,1.5985751569643336,Mainstream Regulars
CUST100008,29,Female,Tier 2,58908,1.3,89,5,72.39,327.76,Electronics,0.42,65.7,0.2,0.1,1,Medium,0,-0.7422509896019277,0.1539615713807662,At-Risk / Dormant
CUST100009,40,Male,Tier 3,49593,2.9,16,8,39.82,323.8,Fashion,0.13,46.1,0.3,0.04,1,Low,3,-0.9292771967814992,-1.2980978133162753,Budget-Conscious / New
CUST100010,29,Female,Tier 2,55993,2.6,53,7,95.6,713.82,Electronics,0.14,54.5,0.44,0.15,1,Low,1,0.4705914846991924,0.460921922067932,Mainstream Regulars
CUST100011,29,Female,Tier 1,66923,9.6,1,21,74.23,1747.75,Electronics,0.64,91.0,0.49,0.15,0,Low,2,6.175707600962494,-2.8017040524390984,Champions (High-Value Loyal)
CUST100012,37,Male,Tier 1,39638,0.6,20,3,50.84,170.09,Electronics,0.42,21.9,0.37,0.05,0,Medium,3,-2.859060522271325,-0.0389262465063441,Budget-Conscious / New
CUST100013,18,Male,Tier 1,90108,2.4,19,5,80.61,404.11,Groceries,0.5,45.1,0.28,0.17,0,Medium,1,-0.1523045192873086,1.2799079203736072,Mainstream Regulars
CUST100014,18,Female,Tier 2,53943,2.1,35,6,65.31,408.69,Beauty,0.21,48.7,0.26,0.06,0,Low,3,-0.7825594509063656,-0.2011383707651437,Budget-Conscious / New
CUST100015,28,Male,Tier 1,75174,5.4,3,16,103.45,1602.68,Beauty,0.66,93.1,0.19,0.23,1,Low,2,5.075640835940018,-0.7735724669465767,Champions (High-Value Loyal)
CUST100016,23,Female,Tier 1,82327,0.4,70,6,104.14,618.87,Groceries,0.57,46.5,0.28,0.28,0,Medium,1,0.0997429724132428,2.074017730446071,Mainstream Regulars
CUST100017,38,Male,Tier 3,37819,3.1,11,10,64.33,721.71,Sports,0.4,59.1,0.22,0.46,0,Low,3,0.4855510053572063,-1.4140409709610178,Budget-Conscious / New
CUST100018,25,Female,Tier 2,64522,1.8,50,4,81.96,370.2,Groceries,0.18,62.8,0.28,0.12,1,Medium,1,-0.4923135768700588,0.5027665993390268,Mainstream Regulars
CUST100019,19,Male,Tier 1,58782,0.7,73,4,63.61,284.62,Beauty,0.67,31.3,0.33,0.08,0,Medium,0,-1.940861214400225,0.7354331740500208,At-Risk / Dormant
CUST100020,51,Female,Tier 2,81641,1.4,37,6,66.28,354.54,Fashion,0.15,33.4,0.2,0.38,2,Low,1,-0.9032132122714146,1.0333625379057063,Mainstream Regulars
CUST100021,32,Male,Tier 2,20509,0.9,60,7,34.08,263.61,Fashion,0.44,53.7,0.61,0.12,1,Low,3,-1.9681411450445525,-1.889346302092057,Budget-Conscious / New
CUST100022,35,Female,Tier 1,68216,1.9,48,9,73.31,748.54,Beauty,0.1,45.8,0.64,0.09,1,Low,1,0.3902368589872677,0.3519843684720061,Mainstream Regulars
CUST100023,19,Male,Tier 1,52749,4.8,19,8,79.69,610.98,Fashion,0.76,47.2,0.17,0.08,1,Low,1,0.4660197275763026,-0.4620214637529868,Mainstream Regulars
CUST100024,29,Female,Tier 3,60380,1.9,74,7,74.96,527.66,Groceries,0.36,63.5,0.22,0.35,0,Medium,1,0.0052146591919698,0.0277643220835372,Mainstream Regulars
CUST100025,36,Female,Tier 2,68860,2.2,15,4,101.57,440.3,Fashion,0.13,67.0,0.34,0.27,2,Medium,1,0.1937254827358822,0.8812607266924082,Mainstream Regulars
CUST100026,22,Male,Tier 2,42062,1.6,38,6,73.01,446.22,Groceries,0.1,67.7,0.3,0.22,2,Low,3,-0.4576596671677817,-0.6251523871028069,Budget-Conscious / New
CUST100027,39,Male,Tier 1,58780,0.1,61,4,62.14,285.36,Sports,0.62,65.2,0.24,0.46,0,Medium,3,-1.2469778780535292,0.0819466954137529,Budget-Conscious / New
CUST100028,28,Male,Tier 1,65208,0.6,21,3,47.41,140.34,Electronics,0.28,68.8,0.37,0.12,0,Medium,3,-1.458069570912636,-0.3328741618664873,Budget-Conscious / New
CUST100029,31,Female,Tier 1,52260,1.5,16,9,84.33,807.68,Beauty,0.04,40.9,0.57,0.36,0,Low,1,0.2666148152249399,0.2501400472691147,Mainstream Regulars
CUST100030,28,Female,Tier 1,82355,0.8,27,6,109.02,711.54,Electronics,0.34,64.7,0.26,0.21,1,Low,1,0.9036432005161243,1.6510785444548552,Mainstream Regulars
CUST100031,55,Female,Tier 1,71354,0.4,76,5,58.97,294.33,Fashion,0.88,46.0,0.29,0.1,0,Medium,0,-1.3647774917513673,0.660210400995584,At-Risk / Dormant
CUST100032,34,Male,Tier 1,17274,1.5,119,8,57.03,505.1,Electronics,0.26,45.1,0.6,0.11,0,Medium,0,-1.4072418887957472,-1.1769729778717082,At-Risk / Dormant
CUST100033,23,Male,Tier 3,43453,0.9,35,5,61.94,313.99,Home & Furniture,0.86,63.2,0.3,0.4,1,Medium,3,-1.1569779400701743,-0.6131232711133667,Budget-Conscious / New
CUST100034,44,Female,Tier 3,39906,0.7,48,7,55.67,379.36,Electronics,0.72,38.4,0.57,0.06,0,Low,3,-1.5523203126575589,-0.4616232734833706,Budget-Conscious / New
CUST100035,21,Male,Tier 2,25037,1.4,105,6,65.09,344.59,Groceries,0.53,30.5,0.23,0.25,0,Medium,0,-2.045399444164407,-0.3458557384069635,At-Risk / Dormant
CUST100036,37,Female,Tier 3,33526,0.3,4,3,68.11,197.8,Fashion,0.2,63.2,0.31,0.02,0,Medium,3,-1.736599246434,-0.5920462114735044,Budget-Conscious / New
CUST100037,18,Male,Tier 1,65169,5.8,11,13,84.08,1169.75,Electronics,0.54,80.8,0.44,0.34,0,Low,2,3.3024839911008264,-1.174789280247798,Champions (High-Value Loyal)
CUST100038,20,Female,Tier 3,72915,4.4,55,1,87.86,98.96,Home & Furniture,0.35,48.1,0.19,0.05,0,Medium,1,-1.0438433035504626,0.9802837377159538,Mainstream Regulars
CUST100039,37,Male,Tier 1,76437,2.7,78,11,92.94,946.18,Electronics,0.4,53.6,0.39,0.1,0,Medium,2,1.6357817231116512,0.7651787962638422,Champions (High-Value Loyal)
CUST100040,43,Male,Tier 3,47282,0.2,87,4,53.4,204.32,Fashion,0.24,58.2,0.59,0.1,2,Medium,3,-1.879117139089847,-0.2792552172602731,Budget-Conscious / New
CUST100041,36,Female,Tier 3,63606,3.3,24,6,72.18,388.12,Fashion,0.27,67.8,0.22,0.04,1,Low,1,0.1048950432256693,-0.36465361278377,Mainstream Regulars
CUST100042,33,Female,Tier 2,50936,3.6,4,10,48.91,517.08,Groceries,0.46,70.6,0.17,0.12,1,Low,3,0.5246774861601977,-1.8017363557054769,Budget-Conscious / New
CUST100043,31,Female,Tier 3,40897,3.2,25,6,49.09,335.2,Groceries,0.45,45.4,0.47,0.32,0,Low,3,-1.1872308311558697,-1.148291413743714,Budget-Conscious / New
CUST100044,18,Male,Tier 2,32421,0.3,11,5,41.52,216.38,Electronics,0.06,53.8,0.25,0.14,1,Medium,3,-2.031654155490116,-1.2580938882361672,Budget-Conscious / New
CUST100045,27,Male,Tier 1,35267,2.3,15,4,39.86,165.04,Fashion,0.61,66.6,0.21,0.14,0,Medium,3,-1.5945126726671,-1.7154500232811818,Budget-Conscious / New
CUST100046,29,Female,Tier 1,60581,4.0,66,2,72.54,147.41,Fashion,0.33,63.3,0.34,0.14,0,Medium,3,-0.962257807184906,-0.0429204560492029,Budget-Conscious / New
CUST100047,46,Female,Tier 2,67244,1.9,3,8,71.18,499.14,Fashion,0.22,61.8,0.14,0.05,1,Low,1,0.2713008030295035,-0.1505589190300109,Mainstream Regulars
CUST100048,38,Male,Tier 1,69460,2.3,79,7,85.42,639.11,Beauty,0.65,53.1,0.41,0.01,0,Medium,1,0.2852231992281949,0.7319751493044092,Mainstream Regulars
CUST100049,18,Male,Tier 2,45712,1.3,25,6,33.76,208.76,Home & Furniture,0.35,57.6,0.43,0.13,2,Low,3,-1.5660610633342822,-1.3565071960740422,Budget-Conscious / New
CUST100050,38,Male,Tier 3,39176,1.7,40,2,50.95,106.84,Groceries,0.32,53.3,0.11,0.17,0,Medium,3,-2.227922825203712,-0.720700110192136,Budget-Conscious / New
CUST100051,30,Female,Tier 1,78948,0.1,4,2,87.76,196.52,Fashion,0.51,46.6,0.22,0.21,1,Medium,1,-1.3219632223197346,1.657653654962291,Mainstream Regulars
CUST100052,27,Male,Tier 2,33091,2.2,18,8,42.92,372.61,Home & Furniture,0.3,29.5,0.15,0.05,1,Low,3,-1.5820898713304166,-1.2303166096884195,Budget-Conscious / New
CUST100053,41,Male,Tier 3,71368,0.2,4,4,76.89,333.48,Beauty,0.06,71.9,0.47,0.18,0,Medium,1,-0.4766003686441575,0.49816452168575,Mainstream Regulars
CUST100054,46,Male,Tier 3,41360,1.3,146,4,30.69,138.49,Groceries,0.18,64.9,0.3,0.04,0,Medium,0,-2.161965341150049,-1.1694232143526186,At-Risk / Dormant
CUST100055,45,Male,Tier 3,45456,0.8,74,7,63.23,507.67,Home & Furniture,0.65,49.3,0.42,0.02,0,Medium,3,-0.9403049412372588,-0.2394273433313151,Budget-Conscious / New
CUST100056,25,Male,Tier 2,29597,1.7,27,4,54.38,222.82,Home & Furniture,0.14,42.5,0.43,0.24,1,Medium,3,-2.089848161810764,-0.8789034565158447,Budget-Conscious / New
CUST100057,31,Male,Tier 3,44374,0.3,11,7,64.38,397.78,Groceries,0.52,61.3,0.08,0.23,0,Low,3,-0.791476042686073,-0.6156281400442821,Budget-Conscious / New
CUST100058,38,Male,Tier 2,78755,2.6,121,9,101.21,899.72,Fashion,0.49,53.6,0.64,0.02,0,Medium,0,1.3167174252084253,1.3535946347284908,At-Risk / Dormant
CUST100059,45,Female,Tier 1,83281,3.5,19,4,92.42,401.58,Home & Furniture,0.56,68.0,0.2,0.13,0,Medium,1,0.4776808203773,0.8324878062615602,Mainstream Regulars
CUST100060,29,Male,Tier 2,75211,0.4,7,4,89.86,308.51,Electronics,0.36,58.0,0.47,0.16,0,Medium,1,-0.5810517191843474,1.1901929049993467,Mainstream Regulars
CUST100061,32,Female,Tier 2,68198,0.2,37,6,79.17,411.87,Home & Furniture,0.17,48.8,0.52,0.15,0,Low,1,-0.7009650149686023,0.8780615244143055,Mainstream Regulars
CUST100062,22,Female,Tier 1,44933,0.3,129,7,67.76,412.73,Beauty,0.31,35.3,0.09,0.25,1,Medium,0,-1.577001178205717,0.380477510959176,At-Risk / Dormant
CUST100063,21,Female,Tier 2,48445,4.6,1,9,36.71,353.29,Beauty,0.33,78.3,0.47,0.02,0,Low,3,0.2771269328511433,-2.457123399788441,Budget-Conscious / New
CUST100064,43,Female,Tier 2,49156,1.7,12,5,47.56,237.88,Groceries,0.71,66.0,0.27,0.03,2,Medium,3,-1.1269659925395494,-1.0907181338424392,Budget-Conscious / New
CUST100065,49,Male,Tier 1,99550,1.4,125,3,126.76,365.32,Electronics,0.58,56.2,0.37,0.04,0,Medium,1,0.119398752910352,3.168628575130553,Mainstream Regulars
CUST100066,34,Male,Tier 2,38057,0.2,8,4,14.81,52.23,Electronics,0.2,45.6,0.28,0.1,0,Medium,3,-2.9048503939880645,-1.5551808349171594,Budget-Conscious / New
CUST100067,46,Female,Tier 2,80486,2.3,5,9,84.97,818.01,Home & Furniture,0.54,89.6,0.12,0.06,1,Low,2,2.0359441703440577,-0.0617174189690016,Champions (High-Value Loyal)
CUST100068,38,Female,Tier 2,77273,4.5,37,14,101.98,1351.06,Beauty,0.09,53.4,0.43,0.15,2,Low,2,3.244419925580194,0.4193941620776438,Champions (High-Value Loyal)
CUST100069,27,Female,Tier 1,99733,3.9,89,13,101.71,1229.14,Groceries,0.43,75.6,0.57,0.0,2,Medium,2,3.55727501069217,0.9369850438505408,Champions (High-Value Loyal)
CUST100070,38,Female,Tier 1,63825,2.2,29,6,67.11,421.06,Electronics,0.39,36.2,0.3,0.01,0,Low,1,-0.8433312107446749,0.3438667602786565,Mainstream Regulars
CUST100071,51,Female,Tier 1,89221,0.2,234,3,96.29,293.98,Sports,0.2,23.1,0.06,0.25,0,Medium,0,-1.7808732072384588,3.281523180522589,At-Risk / Dormant
CUST100072,34,Male,Tier 3,95669,0.3,51,7,94.43,633.73,Sports,0.1,77.6,0.24,0.15,0,Low,1,1.094383939458506,1.4624004330165743,Mainstream Regulars
CUST100073,52,Male,Tier 1,65682,0.1,3,5,75.2,391.96,Fashion,0.18,69.7,0.44,0.06,0,Medium,1,-0.4207139423447826,0.2761619431758526,Mainstream Regulars
CUST100074,18,Female,Tier 2,25569,0.7,222,4,31.06,115.71,Groceries,0.19,29.2,0.51,0.07,3,Medium,0,-3.545906521627612,-0.5651462171848273,At-Risk / Dormant
CUST100075,44,Female,Tier 1,39759,0.3,23,7,69.76,531.51,Home & Furniture,0.17,55.5,0.24,0.35,0,Low,3,-0.736084436410747,-0.4337481057380789,Budget-Conscious / New
CUST100076,35,Male,Tier 1,82828,0.7,15,10,110.37,1014.07,Home & Furniture,0.52,69.7,0.17,0.12,1,Low,1,2.1045224352385024,1.2968521983073693,Mainstream Regulars
CUST100077,31,Female,Tier 3,19503,1.1,36,5,34.25,153.72,Sports,0.06,62.6,0.38,0.1,0,Medium,3,-2.1447274887331504,-2.052322608908025,Budget-Conscious / New
CUST100078,36,Male,Tier 2,53698,6.3,16,8,43.95,381.39,Electronics,0.64,79.4,0.5,0.22,1,Low,3,0.650956610408585,-2.2869218707858434,Budget-Conscious / New
CUST100079,18,Female,Tier 1,71071,2.1,4,6,71.37,454.93,Groceries,0.17,56.1,0.56,0.04,0,Low,1,-0.1161760238544742,0.206477180745796,Mainstream Regulars
CUST100080,32,Male,Tier 1,72133,4.0,1,7,77.35,489.9,Home & Furniture,0.46,44.6,0.44,0.12,0,Low,1,0.2442236614988407,0.2214686927898984,Mainstream Regulars
CUST100081,38,Male,Tier 1,78858,2.7,26,5,93.3,412.79,Beauty,0.52,59.3,0.3,0.12,1,Medium,1,0.2197064465042469,0.974175593913076,Mainstream Regulars
CUST100082,51,Female,Tier 2,70401,0.3,81,5,63.55,350.01,Beauty,0.63,46.4,0.17,0.16,0,Medium,0,-1.2472471268326335,0.7838313995889041,At-Risk / Dormant
CUST100083,29,Male,Tier 2,80619,2.9,38,5,75.65,409.64,Sports,0.53,40.6,0.13,0.37,1,Medium,1,-0.4182440535525641,0.9500576326681714,Mainstream Regulars
CUST100084,26,Female,Tier 1,49258,0.7,321,6,68.71,390.9,Groceries,0.24,33.5,0.38,0.01,0,Medium,0,-2.0621166332979013,1.183910317798843,At-Risk / Dormant
CUST100085,29,Female,Tier 1,55414,2.2,15,8,80.26,672.55,Beauty,0.21,61.9,0.24,0.14,1,Low,1,0.5160890220324268,-0.2405314452626923,Mainstream Regulars
CUST100086,45,Female,Tier 1,60092,0.9,14,9,60.75,485.1,Fashion,0.52,70.3,0.54,0.06,0,Low,3,0.1368912086923071,-0.6787177543976748,Budget-Conscious / New
CUST100087,38,Male,Tier 3,71143,12.0,7,15,59.29,891.23,Fashion,0.57,68.6,0.45,0.07,1,Low,2,3.69302565451844,-2.6373641015850557,Champions (High-Value Loyal)
CUST100088,29,Male,Tier 3,68807,0.7,8,4,126.6,433.29,Fashion,0.37,63.0,0.19,0.26,1,Medium,1,0.1738167338173158,1.8233920551205685,Mainstream Regulars
CUST100089,40,Male,Tier 1,80122,0.7,15,5,98.52,476.58,Beauty,0.16,42.7,0.56,0.14,0,Medium,1,-0.2973448073147529,1.7791616717070895,Mainstream Regulars
CUST100090,36,Female,Tier 2,81702,5.9,70,18,84.08,1320.41,Sports,0.37,69.1,0.45,0.05,0,Medium,2,4.120559444782965,-0.688300810474989,Champions (High-Value Loyal)
CUST100091,45,Female,Tier 1,52795,0.1,106,3,77.03,229.37,Fashion,0.46,42.5,0.39,0.11,0,Medium,0,-2.0024388641831345,0.9606324304740984,At-Risk / Dormant
CUST100092,27,Female,Tier 1,96810,2.6,166,9,98.81,868.4,Electronics,0.15,72.3,0.38,0.02,0,Medium,0,1.856735750078697,1.5722316102158052,At-Risk / Dormant
CUST100093,31,Female,Tier 2,85818,2.8,11,7,104.52,719.43,Beauty,0.46,72.3,0.62,0.03,0,Low,1,1.610111333654992,1.0232319353440755,Mainstream Regulars
CUST100094,30,Female,Tier 3,66241,4.0,95,13,77.59,871.09,Groceries,0.27,79.4,0.33,0.03,0,Medium,2,2.217018191573357,-0.7726721158355747,Champions (High-Value Loyal)
CUST100095,18,Female,Tier 3,80272,8.1,17,13,88.26,1099.75,Sports,0.25,91.3,0.27,0.17,1,Low,2,4.113038417772419,-1.2149946341248608,Champions (High-Value Loyal)
CUST100096,38,Male,Tier 2,31380,8.2,5,12,44.45,574.44,Fashion,0.42,100.0,0.31,0.14,0,Low,2,2.010401348250209,-3.969352477625579,Champions (High-Value Loyal)
CUST100097,37,Female,Tier 1,61359,0.1,91,2,49.42,94.95,Electronics,0.62,45.4,0.5,0.3,1,Medium,0,-2.490413240493373,0.4535418509092103,At-Risk / Dormant
CUST100098,35,Male,Tier 2,46764,3.8,45,8,88.04,749.78,Groceries,0.54,78.5,0.32,0.07,2,Low,2,1.207841879610689,-0.7745545492946844,Champions (High-Value Loyal)
CUST100099,32,Female,Tier 1,81786,2.3,8,12,74.03,853.58,Electronics,0.5,85.4,0.33,0.21,0,Low,2,2.282397053173355,-0.4545621484584856,Champions (High-Value Loyal)
CUST100100,19,Female,Tier 2,34697,2.3,25,6,28.51,167.12,Fashion,0.9,71.5,0.18,0.03,2,Low,3,-1.3798638601438131,-2.254412591206608,Budget-Conscious / New
CUST100101,30,Female,Tier 1,81634,0.3,15,11,84.84,951.13,Electronics,0.63,91.8,0.12,0.21,1,Low,2,2.229922262166962,0.1396802559131541,Champions (High-Value Loyal)
CUST100102,31,Male,Tier 2,83069,2.3,60,6,74.8,509.48,Fashion,0.42,51.0,0.22,0.29,1,Low,1,0.0015457465895105,0.8924191252088882,Mainstream Regulars
CUST100103,26,Male,Tier 1,78913,8.9,27,17,84.99,1275.29,Electronics,0.31,75.3,0.2,0.1,1,Low,2,4.635194682523456,-1.4204893199622275,Champions (High-Value Loyal)
CUST100104,33,Male,Tier 1,74307,5.3,204,9,92.24,713.83,Sports,0.57,51.4,0.48,0.03,0,Medium,0,1.0606355569967991,0.8283876207236118,At-Risk / Dormant
CUST100105,39,Male,Tier 3,38818,1.3,2,8,67.28,555.67,Fashion,0.51,63.6,0.19,0.04,1,Low,3,-0.1970120024246106,-0.9949315212987728,Budget-Conscious / New
CUST100106,55,Male,Tier 1,62756,0.1,19,2,84.52,191.81,Fashion,0.13,55.9,0.23,0.04,2,Medium,1,-1.4442496728096723,0.9723674085818228,Mainstream Regulars
CUST100107,36,Female,Tier 2,82893,1.0,29,11,84.49,1065.93,Beauty,0.31,87.9,0.45,0.14,0,Low,2,2.432928343384799,0.1932906979065868,Champions (High-Value Loyal)
CUST100108,37,Female,Tier 1,84828,3.9,31,13,91.43,1182.94,Home & Furniture,0.13,67.2,0.29,0.35,0,Low,2,3.041160036833675,0.2240647730965603,Champions (High-Value Loyal)
CUST100109,34,Male,Tier 1,68897,2.7,17,3,83.53,248.19,Groceries,0.16,50.6,0.18,0.02,0,Medium,1,-0.7968496469016376,0.7224177761829897,Mainstream Regulars
CUST100110,18,Male,Tier 1,55677,1.4,58,4,40.03,167.08,Home & Furniture,0.24,54.3,0.06,0.16,0,Medium,3,-1.803307490368352,-0.5982295296883919,Budget-Conscious / New
CUST100111,34,Male,Tier 1,33135,0.1,93,5,56.17,285.54,Beauty,0.3,48.0,0.31,0.04,1,Medium,0,-2.062521545856918,-0.4435392827245675,At-Risk / Dormant
CUST100112,35,Female,Tier 3,35724,1.2,125,8,27.91,232.26,Beauty,0.27,30.5,0.42,0.13,0,Medium,0,-2.3520893622166392,-1.081625355186399,At-Risk / Dormant
CUST100113,62,Male,Tier 1,115205,1.4,73,6,146.61,978.36,Groceries,0.26,47.7,0.47,0.13,0,Medium,1,1.963162469760901,3.9847497574652033,Mainstream Regulars
CUST100114,32,Female,Tier 3,30751,5.8,85,7,39.56,297.38,Beauty,0.43,63.7,0.59,0.14,0,Medium,3,-0.6491588134059707,-2.3741414377631784,Budget-Conscious / New
CUST100115,38,Male,Tier 2,64610,2.3,35,7,71.07,497.02,Groceries,0.39,77.8,0.44,0.16,0,Low,1,0.4584163080684011,-0.4299473556677788,Mainstream Regulars
CUST100116,34,Female,Tier 1,87733,0.8,78,5,81.57,403.18,Fashion,0.68,38.3,0.55,0.17,0,Medium,1,-0.7437558264203646,1.820471196867506,Mainstream Regulars
CUST100117,22,Female,Tier 2,32211,1.6,16,6,37.39,233.74,Beauty,0.52,46.5,0.16,0.24,0,Low,3,-1.877531813770716,-1.5016649400058708,Budget-Conscious / New
CUST100118,47,Male,Tier 2,68124,0.2,22,2,110.88,218.81,Groceries,0.45,52.2,0.67,0.2,0,Medium,1,-1.0422980673813511,1.8726715840154051,Mainstream Regulars
CUST100119,43,Female,Tier 2,80082,7.9,17,12,100.84,1194.75,Beauty,0.61,47.4,0.49,0.14,1,Low,2,3.234657883431337,0.1095490659364282,Champions (High-Value Loyal)
CUST100120,43,Male,Tier 1,73424,1.0,28,3,57.95,148.62,Electronics,0.18,47.9,0.44,0.26,1,Medium,3,-1.6083677887701362,0.5471128177879687,Budget-Conscious / New
CUST100121,24,Female,Tier 1,117231,1.4,15,6,140.26,759.27,Fashion,0.52,39.7,0.36,0.23,0,Low,1,1.493244622610311,3.8198175538932335,Mainstream Regulars
CUST100122,50,Male,Tier 3,30965,1.0,146,4,63.7,253.92,Sports,0.25,59.8,0.19,0.15,1,Medium,0,-1.8721731804751147,-0.4508129726232716,At-Risk / Dormant
CUST100123,19,Female,Tier 3,67657,2.5,16,6,72.16,474.87,Fashion,0.64,51.2,0.19,0.17,0,Low,1,-0.1980034159629724,0.2024511338999923,Mainstream Regulars
CUST100124,41,Female,Tier 3,54289,2.4,4,8,69.84,521.63,Sports,0.45,85.4,0.18,0.12,0,Low,3,0.7204157825738557,-1.1014313520939765,Budget-Conscious / New
CUST100125,59,Female,Tier 1,93494,2.8,33,14,97.69,1376.95,Sports,0.24,88.1,0.34,0.39,1,Low,2,4.008574837529313,0.3516266020398938,Champions (High-Value Loyal)
CUST100126,24,Female,Tier 2,63543,0.7,2,6,102.54,586.62,Beauty,0.7,54.0,0.39,0.13,0,Low,1,0.1044081921099321,1.0768607740766487,Mainstream Regulars
CUST100127,28,Male,Tier 2,44003,0.8,5,6,44.72,236.51,Groceries,0.52,48.6,0.56,0.06,0,Low,3,-1.6558133178276508,-0.9215149031515985,Budget-Conscious / New
CUST100128,36,Male,Tier 2,64521,0.3,11,4,75.96,345.61,Groceries,0.33,54.6,0.42,0.1,0,Medium,1,-0.9783829497145714,0.6313606745437965,Mainstream Regulars
CUST100129,29,Male,Tier 1,34157,2.3,28,4,42.04,186.05,Beauty,0.84,53.9,0.58,0.26,2,Medium,3,-1.8732771342053127,-1.3934154938144123,Budget-Conscious / New
CUST100130,18,Male,Tier 2,64058,0.1,25,2,51.89,90.66,Home & Furniture,0.73,55.7,0.27,0.16,0,Medium,3,-2.038062437331193,0.1795998423445097,Budget-Conscious / New
CUST100131,35,Female,Tier 1,75366,2.0,72,6,115.68,739.84,Groceries,0.37,45.5,0.35,0.03,2,Medium,1,0.5902225997805349,1.954841006486667,Mainstream Regulars
CUST100132,23,Male,Tier 1,76695,4.5,60,9,66.19,568.47,Sports,0.06,71.0,0.65,0.16,0,Low,2,1.1485351440456215,-0.509295263698777,Champions (High-Value Loyal)
CUST100133,40,Female,Tier 3,76046,4.9,25,9,86.67,895.83,Home & Furniture,0.32,68.7,0.13,0.06,0,Low,2,2.0362236064394166,-0.0781947733881992,Champions (High-Value Loyal)
CUST100134,24,Female,Tier 1,72217,1.3,18,5,54.07,254.32,Sports,0.53,54.1,0.22,0.42,1,Medium,3,-1.0096553645952588,0.0605260702205935,Budget-Conscious / New
CUST100135,52,Female,Tier 1,79465,1.4,17,8,80.23,591.53,Electronics,0.29,55.8,0.63,0.02,1,Low,1,0.477758394376731,0.6923165453294448,Mainstream Regulars
CUST100136,26,Male,Tier 1,50540,0.2,66,4,68.45,279.38,Electronics,0.18,49.2,0.4,0.06,0,Medium,3,-1.669997915005623,0.325466299785867,Budget-Conscious / New
CUST100137,31,Female,Tier 3,40580,2.4,2,5,41.45,228.09,Fashion,0.43,50.0,0.6,0.26,1,Medium,3,-1.588763971127534,-1.3212985876853367,Budget-Conscious / New
CUST100138,43,Female,Tier 2,84561,3.8,1,11,99.27,991.24,Fashion,0.26,72.6,0.21,0.19,4,Low,2,2.7233402002048974,0.3650327894076406,Champions (High-Value Loyal)
CUST100139,21,Male,Tier 1,90254,0.6,71,2,91.18,193.82,Home & Furniture,0.55,47.9,0.15,0.17,1,Medium,1,-1.1315915549015243,2.1717309162412817,Mainstream Regulars
CUST100140,37,Female,Tier 3,51514,1.2,29,8,80.33,558.08,Electronics,0.08,66.2,0.21,0.06,0,Low,1,0.1643304087713083,-0.2472940247817608,Mainstream Regulars
CUST100141,49,Female,Tier 3,61428,4.0,6,7,91.62,721.94,Sports,0.68,84.6,0.64,0.18,0,Low,2,1.5643901716654285,-0.462508012389398,Champions (High-Value Loyal)
CUST100142,18,Male,Tier 1,46916,4.6,12,9,50.3,395.81,Fashion,0.59,65.2,0.65,0.03,1,Low,3,0.172760180525156,-1.8494845141633192,Budget-Conscious / New
CUST100143,37,Male,Tier 2,81909,0.6,121,6,89.41,603.13,Fashion,0.1,62.0,0.22,0.2,1,Medium,0,0.1574561461560402,1.5008911938985328,At-Risk / Dormant
CUST100144,37,Male,Tier 2,72777,1.8,88,7,83.4,582.19,Fashion,0.19,58.0,0.53,0.08,0,Medium,1,0.2256389615524136,0.7781296717393235,Mainstream Regulars
CUST100145,43,Male,Tier 2,98141,0.5,55,4,111.07,437.36,Groceries,0.33,49.6,0.51,0.18,0,Medium,1,-0.0110018856109129,2.713888629742054,Mainstream Regulars
CUST100146,21,Male,Tier 1,48590,0.2,29,6,60.71,415.98,Electronics,0.67,57.7,0.4,0.36,2,Low,3,-1.0231329641740003,-0.3579484176968727,Budget-Conscious / New
CUST100147,20,Male,Tier 3,42195,5.3,33,8,58.02,532.45,Electronics,0.25,62.0,0.2,0.08,1,Low,3,0.2857584581367531,-1.665423493027819,Budget-Conscious / New
CUST100148,40,Male,Tier 2,66166,3.8,166,7,71.49,522.98,Home & Furniture,0.38,50.8,0.36,0.02,1,Medium,0,-0.1236500092895902,0.3357837472380838,At-Risk / Dormant
CUST100149,38,Male,Tier 1,82836,3.1,151,7,90.76,564.25,Electronics,0.56,37.4,0.09,0.04,0,Medium,0,0.06069334679061,1.6481053587136745,At-Risk / Dormant
CUST100150,37,Female,Tier 1,66917,0.1,10,4,95.23,381.63,Fashion,0.43,39.4,0.25,0.05,0,Medium,1,-1.0137856842442128,1.5325386713549154,Mainstream Regulars
CUST100151,38,Female,Tier 1,55486,4.1,74,11,75.93,842.54,Beauty,0.33,72.5,0.31,0.22,0,Medium,2,1.602971127861984,-0.9066466857549956,Champions (High-Value Loyal)
CUST100152,27,Female,Tier 1,82665,1.3,9,8,99.41,798.73,Electronics,0.19,75.9,0.12,0.08,0,Low,1,1.589060214423317,0.9002026299908633,Mainstream Regulars
CUST100153,37,Male,Tier 2,73780,0.9,10,5,92.33,471.27,Fashion,0.52,67.9,0.25,0.01,0,Medium,1,0.1449820156704959,0.8868856222767464,Mainstream Regulars
CUST100154,38,Male,Tier 1,54707,1.7,50,6,63.28,324.86,Electronics,0.71,58.9,0.22,0.03,0,Low,3,-0.798775251224161,-0.3360246333030808,Budget-Conscious / New
CUST100155,27,Male,Tier 1,91197,0.2,23,6,100.78,643.0,Fashion,0.52,68.9,0.18,0.03,1,Low,1,0.8248133794846547,1.6833535042062682,Mainstream Regulars
CUST100156,55,Male,Tier 2,89063,3.1,120,12,77.94,994.87,Home & Furniture,0.35,70.6,0.58,0.05,1,Medium,2,2.229574323907224,0.3950524989995221,Champions (High-Value Loyal)
CUST100157,40,Male,Tier 1,74417,1.9,4,3,101.05,268.18,Electronics,0.49,65.1,0.58,0.13,3,Medium,1,-0.2179883096804941,1.1333489621734227,Mainstream Regulars
CUST100158,21,Female,Tier 3,50832,0.5,32,7,20.62,147.38,Beauty,0.35,50.5,0.26,0.16,1,Low,3,-1.939937001756306,-1.3451005266475156,Budget-Conscious / New
CUST100159,42,Male,Tier 1,82773,0.5,112,2,87.67,178.94,Beauty,0.53,29.6,0.33,0.09,1,Medium,0,-1.8538590161379107,2.3761406272611425,At-Risk / Dormant
CUST100160,24,Female,Tier 1,50089,0.4,105,5,78.85,415.83,Electronics,0.46,44.8,0.38,0.28,1,Medium,0,-1.330615193257838,0.6969816401593762,At-Risk / Dormant
CUST100161,43,Female,Tier 1,73740,0.1,7,3,60.99,160.21,Sports,0.44,55.1,0.27,0.38,0,Medium,3,-1.4869188514141174,0.5736086599210329,Budget-Conscious / New
CUST100162,47,Male,Tier 1,36057,1.9,20,9,56.04,523.5,Fashion,0.33,63.1,0.23,0.03,2,Low,3,-0.2495581665439871,-1.4818884087335813,Budget-Conscious / New
CUST100163,25,Male,Tier 1,81776,4.0,43,7,77.94,509.69,Electronics,0.41,37.2,0.29,0.13,1,Low,1,0.1725912682395695,0.7959406318915488,Mainstream Regulars
CUST100164,45,Female,Tier 2,35893,0.0,7,4,44.38,177.89,Electronics,0.24,78.0,0.06,0.09,2,Medium,3,-1.6201549542958753,-1.4552575922873046,Budget-Conscious / New
CUST100165,39,Male,Tier 3,83661,0.1,154,8,103.91,899.44,Fashion,0.47,47.3,0.29,0.07,0,Medium,0,0.6374825001278445,2.285696880737878,At-Risk / Dormant
CUST100166,44,Male,Tier 1,67657,1.9,110,6,79.35,505.47,Groceries,0.33,53.1,0.37,0.19,0,Medium,0,-0.3179542642998669,0.7487675156441804,At-Risk / Dormant
CUST100167,55,Female,Tier 2,64189,3.8,8,3,42.98,114.2,Fashion,0.31,70.1,0.17,0.26,0,Medium,3,-0.9610234594631276,-1.0714174479774332,Budget-Conscious / New
CUST100168,32,Male,Tier 2,47500,0.9,5,4,44.94,184.68,Beauty,0.89,29.4,0.28,0.1,1,Medium,3,-2.390411965249265,-0.2918356037009966,Budget-Conscious / New
CUST100169,26,Female,Tier 3,46215,0.9,4,5,73.14,417.17,Home & Furniture,0.06,53.5,0.3,0.05,1,Medium,3,-0.9551279814320918,-0.1340662757839824,Budget-Conscious / New
CUST100170,25,Female,Tier 1,91533,2.0,108,11,103.01,1016.43,Fashion,0.48,56.6,0.58,0.07,0,Medium,2,2.005093097082884,1.61639488646172,Champions (High-Value Loyal)
CUST100171,26,Male,Tier 1,21619,0.7,9,3,64.24,213.12,Home & Furniture,0.11,51.1,0.25,0.19,0,Medium,3,-2.1742992605969693,-0.8376352279775204,Budget-Conscious / New
CUST100172,34,Male,Tier 1,92585,0.1,24,3,122.39,389.48,Sports,0.37,51.5,0.3,0.16,1,Medium,1,-0.1238883935201447,2.84974446463709,Mainstream Regulars
CUST100173,38,Male,Tier 2,67284,2.9,26,9,70.94,690.94,Electronics,0.56,82.8,0.18,0.16,1,Low,2,1.3341396525002536,-0.7166619404353388,Champions (High-Value Loyal)
CUST100174,38,Male,Tier 3,34473,2.2,41,8,86.28,645.09,Fashion,0.18,70.0,0.28,0.19,1,Low,3,0.3520305514408374,-0.7696509123366636,Budget-Conscious / New
CUST100175,44,Male,Tier 1,54244,1.9,3,4,65.57,245.59,Fashion,0.09,69.2,0.33,0.15,1,Medium,3,-0.8059056521085045,-0.5244906402902069,Budget-Conscious / New
CUST100176,35,Female,Tier 1,100175,3.0,11,12,89.04,1198.63,Groceries,0.5,73.5,0.3,0.08,1,Low,2,3.172891605516727,0.6463028576313861,Champions (High-Value Loyal)
CUST100177,50,Male,Tier 3,43980,2.5,120,6,47.15,271.0,Groceries,0.21,33.2,0.08,0.2,0,Medium,0,-1.8822929460311344,-0.4627396530650475,At-Risk / Dormant
CUST100178,32,Male,Tier 3,33039,0.5,107,5,13.68,59.43,Fashion,0.17,24.3,0.3,0.31,0,Medium,0,-3.508712832683585,-1.121374757337901,At-Risk / Dormant
CUST100179,64,Female,Tier 3,87071,1.0,68,7,116.66,841.26,Groceries,0.3,38.8,0.18,0.03,1,Medium,1,0.7716753903811362,2.533874083292994,Mainstream Regulars
CUST100180,41,Female,Tier 2,68493,0.3,1,6,101.0,537.79,Groceries,0.81,66.2,0.1,0.2,1,Low,1,0.2995262965973951,0.9898011029535992,Mainstream Regulars
CUST100181,25,Female,Tier 1,49117,0.3,17,9,45.7,447.9,Groceries,0.32,66.7,0.17,0.05,0,Low,3,-0.4908899100493031,-1.2048733197272803,Budget-Conscious / New
CUST100182,23,Male,Tier 2,59099,2.5,44,12,65.83,823.55,Electronics,0.28,67.1,0.45,0.05,1,Low,2,1.296158559020255,-0.8728412956661923,Champions (High-Value Loyal)
CUST100183,40,Female,Tier 2,43536,4.3,14,11,57.71,706.17,Groceries,0.29,66.2,0.18,0.11,2,Low,2,0.9692662224500148,-1.834602777119844,Champions (High-Value Loyal)
CUST100184,32,Female,Tier 1,88614,7.2,108,12,79.44,1034.74,Fashion,0.16,87.3,0.36,0.04,1,Medium,2,3.434969301339497,-0.6158056194393793,Champions (High-Value Loyal)
CUST100185,42,Male,Tier 2,81904,2.2,45,5,61.93,273.62,Groceries,0.29,45.6,0.29,0.25,1,Medium,1,-0.8219008959137651,0.6495141379431102,Mainstream Regulars
CUST100186,40,Male,Tier 2,71576,0.4,3,11,76.49,811.37,Sports,0.67,82.8,0.31,0.15,0,Low,1,1.566010137394674,-0.2601850341464132,Mainstream Regulars
CUST100187,34,Female,Tier 1,76109,0.2,107,4,78.61,340.34,Groceries,0.18,47.3,0.18,0.21,1,Medium,0,-1.1658635942514597,1.494776958350792,At-Risk / Dormant
CUST100188,25,Male,Tier 2,87701,3.7,142,6,87.26,510.58,Electronics,0.19,47.1,0.53,0.23,1,Medium,0,0.2145626001712394,1.45132017109098,At-Risk / Dormant
CUST100189,18,Male,Tier 2,53194,1.9,3,7,67.67,540.82,Fashion,0.2,77.8,0.59,0.06,0,Low,3,0.3050489849148949,-0.8716619695611393,Budget-Conscious / New
CUST100190,30,Male,Tier 3,31726,2.1,34,7,67.88,508.76,Beauty,0.14,78.2,0.32,0.13,0,Low,3,-0.1073022852635256,-1.4288490478752809,Budget-Conscious / New
CUST100191,44,Male,Tier 1,81690,3.3,16,16,83.53,1142.22,Home & Furniture,0.66,77.5,0.37,0.13,0,Low,2,3.4060444989996075,-0.4784556104365079,Champions (High-Value Loyal)
CUST100192,37,Female,Tier 1,108348,2.7,22,6,112.85,754.29,Groceries,0.58,69.4,0.17,0.04,1,Low,1,1.8852207140620152,2.0790415743628707,Mainstream Regulars
CUST100193,21,Female,Tier 2,36134,4.0,8,11,61.01,590.74,Fashion,0.36,75.6,0.3,0.11,0,Low,3,0.8873899794311375,-2.1385694002588265,Budget-Conscious / New
CUST100194,36,Female,Tier 1,63893,0.1,38,4,81.56,291.06,Fashion,0.63,54.3,0.33,0.08,0,Medium,1,-1.104066131709744,0.8716150176303127,Mainstream Regulars
CUST100195,39,Male,Tier 2,69096,3.0,142,11,68.36,804.86,Groceries,0.25,60.3,0.16,0.18,0,Medium,0,1.0325751637612308,-0.0792873163933218,At-Risk / Dormant
CUST100196,25,Male,Tier 2,55029,4.2,31,7,67.3,522.68,Sports,0.31,52.6,0.62,0.09,0,Low,3,0.0504889564341053,-0.6175841446169252,Budget-Conscious / New
CUST100197,36,Male,Tier 1,52718,0.7,3,4,72.14,291.71,Groceries,0.47,54.0,0.37,0.15,2,Medium,3,-1.2304942501461131,0.1079114611502493,Budget-Conscious / New
CUST100198,35,Male,Tier 2,80193,2.3,43,6,69.9,392.86,Home & Furniture,0.35,50.7,0.39,0.07,2,Low,1,-0.2691561294178728,0.6173377145378489,Mainstream Regulars
CUST100199,22,Male,Tier 2,96560,0.8,18,7,119.42,798.65,Groceries,0.56,73.0,0.33,0.18,0,Low,1,1.7599352838340585,2.06156119222233,Mainstream Regulars
CUST100200,38,Female,Tier 1,74730,7.0,87,13,103.75,1285.18,Fashion,0.63,66.2,0.43,0.14,2,Medium,2,3.604479217816008,-0.0435703666749703,Champions (High-Value Loyal)
CUST100201,41,Male,Tier 3,41126,0.1,25,4,43.43,164.69,Beauty,0.12,39.9,0.22,0.25,2,Medium,3,-2.481573923383088,-0.5315152154805342,Budget-Conscious / New
CUST100202,46,Female,Tier 3,31518,1.9,9,9,49.17,408.4,Groceries,0.7,58.4,0.46,0.2,0,Low,3,-0.6857369659533233,-1.7480401425539036,Budget-Conscious / New
CUST100203,46,Male,Tier 2,69043,0.4,9,9,87.17,810.15,Sports,0.4,28.7,0.2,0.22,2,Low,1,0.1131986820105609,1.2051255628622797,Mainstream Regulars
CUST100204,19,Male,Tier 2,73469,2.7,65,6,73.04,490.88,Fashion,0.26,49.6,0.47,0.25,2,Medium,1,-0.1778504688950132,0.5476835641485857,Mainstream Regulars
CUST100205,24,Male,Tier 2,64153,0.4,13,4,80.69,304.08,Electronics,0.35,57.2,0.24,0.42,1,Medium,1,-0.9159393855312358,0.6730537623506498,Mainstream Regulars
CUST100206,40,Female,Tier 3,56956,0.6,65,8,69.91,506.71,Home & Furniture,0.49,57.9,0.41,0.06,2,Medium,1,-0.3475953509204488,0.0103417115081149,Mainstream Regulars
CUST100207,40,Female,Tier 2,51393,1.5,10,9,40.81,404.6,Electronics,0.26,90.8,0.31,0.15,0,Low,3,0.1950816914642118,-1.9719660092754856,Budget-Conscious / New
CUST100208,40,Female,Tier 2,42341,5.4,17,15,62.17,1000.19,Fashion,0.53,85.2,0.18,0.13,2,Low,2,2.672999615450157,-2.5870381369704507,Champions (High-Value Loyal)
CUST100209,70,Male,Tier 3,84025,0.5,28,5,73.52,415.11,Fashion,0.3,63.6,0.57,0.14,1,Medium,1,-0.2425560785129616,0.8968171745307584,Mainstream Regulars
CUST100210,41,Male,Tier 1,88847,0.3,129,6,108.13,583.68,Home & Furniture,0.79,29.4,0.32,0.21,0,Medium,0,-0.3466884519983727,2.900547776222334,At-Risk / Dormant
CUST100211,47,Female,Tier 3,31976,3.1,120,8,36.58,261.41,Groceries,0.23,49.6,0.32,0.07,2,Medium,0,-1.4629718558657665,-1.6701649065929376,At-Risk / Dormant
CUST100212,45,Male,Tier 1,102617,1.5,10,7,103.09,730.6,Electronics,0.35,57.2,0.45,0.08,0,Low,1,1.299303085875668,1.9803263912112727,Mainstream Regulars
CUST100213,42,Female,Tier 1,83133,5.3,19,9,109.86,1022.68,Groceries,0.66,56.7,0.52,0.01,0,Low,2,2.464891633808976,0.8949276098716019,Champions (High-Value Loyal)
CUST100214,31,Male,Tier 1,93592,0.3,7,9,105.44,943.32,Fashion,0.61,57.7,0.54,0.17,1,Low,1,1.6231162182100465,1.8293785230987387,Mainstream Regulars
CUST100215,43,Male,Tier 3,34041,2.3,32,3,32.18,99.41,Sports,0.34,31.1,0.22,0.04,0,Medium,3,-2.8261478073583044,-1.1133607222901252,Budget-Conscious / New
CUST100216,26,Male,Tier 3,26815,0.6,27,2,27.12,49.04,Groceries,0.74,36.0,0.25,0.07,1,Medium,3,-3.3985826904685443,-1.210060906681505,Budget-Conscious / New
CUST100217,32,Male,Tier 2,56118,0.4,103,4,57.78,229.71,Home & Furniture,0.11,58.2,0.26,0.03,0,Medium,0,-1.6403048617015523,0.1077096220298349,At-Risk / Dormant
CUST100218,29,Female,Tier 2,66650,2.5,119,6,81.46,511.94,Electronics,0.41,48.4,0.53,0.37,0,Medium,0,-0.3203790878257905,0.7989145773112626,At-Risk / Dormant
CUST100219,35,Male,Tier 2,92334,2.0,21,5,102.32,501.27,Home & Furniture,0.31,51.8,0.64,0.11,2,Medium,1,0.4109592333356483,1.854306577061908,Mainstream Regulars
CUST100220,60,Male,Tier 3,77709,3.1,30,14,72.11,1063.89,Home & Furniture,0.35,74.9,0.41,0.1,1,Low,2,2.660409950950803,-0.6032457454225232,Champions (High-Value Loyal)
CUST100221,18,Male,Tier 2,48831,0.8,101,4,43.18,170.19,Beauty,0.25,61.9,0.07,0.42,1,Medium,3,-1.8856153311622577,-0.6305125386459045,Budget-Conscious / New
CUST100222,42,Male,Tier 1,54325,1.3,73,0,69.49,0.0,Electronics,0.39,42.8,0.63,0.09,1,Medium,0,-2.58223049189943,0.7148741328932754,At-Risk / Dormant
CUST100223,18,Female,Tier 1,85340,1.1,1,4,88.39,332.73,Fashion,0.14,64.4,0.36,0.04,0,Medium,1,-0.1170423150279819,1.185029924764292,Mainstream Regulars
CUST100224,29,Female,Tier 2,40235,9.1,17,14,85.89,1170.32,Home & Furniture,0.4,66.1,0.25,0.1,1,Low,2,3.289773808704792,-2.1534092242242027,Champions (High-Value Loyal)
CUST100225,46,Female,Tier 2,93712,0.8,24,7,98.64,591.69,Electronics,0.32,54.2,0.3,0.03,1,Low,1,0.6507341804381228,1.80694243240676,Mainstream Regulars
CUST100226,35,Female,Tier 1,64881,0.8,11,7,101.28,744.8,Fashion,0.42,67.1,0.35,0.13,0,Low,1,0.8094241190387198,0.7770970768566962,Mainstream Regulars
CUST100227,23,Male,Tier 1,93830,1.0,10,16,80.64,1423.82,Sports,0.36,100.0,0.6,0.17,0,Low,2,4.157934298069271,-0.2486047135672139,Champions (High-Value Loyal)
CUST100228,27,Female,Tier 3,64020,1.8,1,6,49.75,285.48,Fashion,0.28,79.1,0.5,0.2,0,Low,3,-0.2997460733992494,-0.9968286615450154,Budget-Conscious / New
CUST100229,42,Male,Tier 1,70334,0.6,46,1,61.81,53.39,Sports,0.17,54.4,0.07,0.23,0,Medium,3,-1.996920749938228,0.700243322442577,Budget-Conscious / New
CUST100230,26,Male,Tier 2,47050,5.4,13,5,77.05,441.51,Electronics,0.48,60.5,0.33,0.03,1,Medium,3,0.0745880891471662,-0.8548472703875367,Budget-Conscious / New
CUST100231,37,Female,Tier 3,49663,0.7,2,3,87.73,244.53,Home & Furniture,0.32,72.6,0.16,0.43,1,Medium,3,-0.8530111660048221,0.1206848078611562,Budget-Conscious / New
CUST100232,35,Male,Tier 1,77709,5.0,11,12,73.02,778.09,Groceries,0.54,82.4,0.55,0.09,0,Low,2,2.473714642156687,-0.9830571556794482,Champions (High-Value Loyal)
CUST100233,27,Female,Tier 1,68188,0.2,72,8,69.91,537.43,Groceries,0.26,31.3,0.46,0.08,0,Medium,0,-0.8246943401281706,0.955250379833032,At-Risk / Dormant
CUST100234,58,Male,Tier 2,58511,2.4,85,5,51.22,274.43,Sports,0.19,38.9,0.18,0.17,1,Medium,0,-1.540416915504787,-0.0669055283084104,At-Risk / Dormant
CUST100235,41,Female,Tier 3,54418,5.2,29,10,38.17,358.1,Electronics,0.12,71.2,0.32,0.03,0,Low,3,0.4152200643291613,-2.199397766054035,Budget-Conscious / New
CUST100236,18,Female,Tier 2,54614,0.4,24,6,76.29,468.0,Beauty,0.29,38.2,0.57,0.09,0,Low,1,-1.0458772793985802,0.5627983522849382,Mainstream Regulars
CUST100237,37,Female,Tier 3,17482,7.6,171,10,37.91,369.5,Home & Furniture,0.73,42.1,0.49,0.08,0,Medium,0,-0.7243748538183868,-2.62571800003416,At-Risk / Dormant
CUST100238,27,Female,Tier 1,75047,1.3,10,6,82.7,439.3,Fashion,0.12,52.6,0.26,0.05,0,Low,1,-0.162751003659994,0.8277492188893069,Mainstream Regulars
CUST100239,44,Female,Tier 2,45965,6.4,10,18,37.3,637.22,Beauty,0.18,81.9,0.24,0.32,0,Low,2,2.337168464973254,-3.550761456703886,Champions (High-Value Loyal)
CUST100240,26,Male,Tier 2,35640,2.5,15,7,74.3,555.19,Fashion,0.34,59.1,0.34,0.07,0,Low,3,-0.2189955076586707,-0.8889988679340255,Budget-Conscious / New
CUST100241,33,Male,Tier 3,23827,0.8,8,4,32.31,133.58,Beauty,0.28,53.7,0.61,0.17,0,Medium,3,-2.472379995825813,-1.760264305371572,Budget-Conscious / New
CUST100242,40,Male,Tier 1,39709,0.5,21,2,61.1,108.26,Fashion,0.38,61.8,0.22,0.15,2,Medium,3,-2.051847653371595,-0.4780174549260051,Budget-Conscious / New
CUST100243,44,Female,Tier 3,34201,0.8,108,3,26.68,71.96,Beauty,0.47,42.0,0.47,0.37,0,Medium,0,-3.113444108773242,-0.9861532059484636,At-Risk / Dormant
CUST100244,21,Male,Tier 2,41637,0.2,42,6,51.84,324.17,Groceries,0.73,53.2,0.16,0.24,0,Low,3,-1.533522681142056,-0.6687604711809301,Budget-Conscious / New
CUST100245,31,Female,Tier 1,103558,0.3,23,7,110.67,847.53,Electronics,0.25,45.5,0.39,0.05,1,Low,1,1.095981846882598,2.6922773485983,Mainstream Regulars
CUST100246,29,Male,Tier 1,58134,0.2,122,5,73.35,350.19,Groceries,0.76,60.1,0.14,0.08,0,Medium,0,-1.0986992292990931,0.5563376444191109,At-Risk / Dormant
CUST100247,27,Male,Tier 3,54999,1.2,2,1,68.15,70.1,Electronics,0.66,43.7,0.44,0.04,5,Medium,3,-2.177272337075564,0.4030793264721639,Budget-Conscious / New
CUST100248,54,Female,Tier 1,84808,3.5,10,7,98.09,618.79,Fashion,0.29,50.0,0.45,0.44,0,Low,1,0.9486566324909594,1.1397161306558468,Mainstream Regulars
CUST100249,39,Male,Tier 1,73959,0.3,37,4,64.67,244.04,Electronics,0.66,56.9,0.24,0.2,2,Medium,1,-1.1476279655680952,0.6311859512550685,Mainstream Regulars
CUST100250,21,Male,Tier 1,63006,0.3,43,5,75.47,323.04,Electronics,0.2,46.5,0.54,0.18,0,Medium,1,-1.1653505792443708,0.7512172545272752,Mainstream Regulars
CUST100251,45,Male,Tier 3,37484,2.3,1,6,52.94,343.2,Electronics,0.13,55.6,0.45,0.05,0,Low,3,-1.043382636577851,-1.277657206597827,Budget-Conscious / New
CUST100252,58,Female,Tier 2,95316,0.5,23,2,102.91,199.71,Groceries,0.16,54.8,0.27,0.1,1,Medium,1,-0.6387567885086824,2.3453420768176656,Mainstream Regulars
CUST100253,46,Female,Tier 2,96929,0.2,47,5,101.86,557.6,Groceries,0.33,51.4,0.46,0.04,0,Medium,1,0.190868541955246,2.3685285525107096,Mainstream Regulars
CUST100254,18,Male,Tier 1,32912,0.4,53,4,28.33,120.4,Groceries,0.05,80.4,0.03,0.16,0,Medium,3,-1.9483119418647723,-1.9297321417276152,Budget-Conscious / New
CUST100255,29,Male,Tier 2,39167,5.7,45,12,32.87,433.34,Fashion,0.16,68.6,0.58,0.08,2,Low,3,0.4964055935384086,-2.9044682740814878,Budget-Conscious / New
CUST100256,48,Male,Tier 2,60163,3.8,17,8,36.92,276.37,Home & Furniture,0.09,71.7,0.08,0.12,0,Low,3,-0.1273134977822148,-1.7331315998776793,Budget-Conscious / New
CUST100257,27,Female,Tier 3,34438,1.0,4,3,60.96,165.6,Home & Furniture,0.77,32.3,0.22,0.16,0,Medium,3,-2.467990947811024,-0.2527510195776398,Budget-Conscious / New
CUST100258,39,Female,Tier 3,65707,2.3,25,4,87.17,398.04,Fashion,0.26,45.2,0.05,0.13,0,Medium,1,-0.6280754564828566,0.8651650219881271,Mainstream Regulars
CUST100259,43,Male,Tier 1,60091,1.7,6,4,82.73,352.5,Beauty,0.58,44.4,0.37,0.16,1,Medium,1,-0.9313133978148368,0.6374628053012716,Mainstream Regulars
CUST100260,24,Male,Tier 2,94571,2.5,132,8,103.41,910.18,Groceries,0.26,41.3,0.11,0.05,0,Medium,0,1.1457504582891236,2.2437283294019017,At-Risk / Dormant
CUST100261,34,Male,Tier 1,91029,2.5,29,9,63.86,490.79,Home & Furniture,0.34,70.1,0.42,0.2,1,Low,1,0.916541308751987,0.0760457025798839,Mainstream Regulars
CUST100262,18,Female,Tier 2,57026,2.2,17,4,52.12,199.38,Fashion,0.1,68.7,0.29,0.03,1,Medium,3,-1.0053613207534045,-0.7922727832168843,Budget-Conscious / New
CUST100263,23,Female,Tier 1,83685,0.7,65,6,92.29,594.08,Electronics,0.23,59.6,0.09,0.1,0,Medium,1,0.2923966831938513,1.4787963788600282,Mainstream Regulars
CUST100264,32,Male,Tier 1,88706,0.1,31,5,95.95,419.01,Beauty,0.41,54.2,0.33,0.01,0,Medium,1,-0.1608553356172473,1.868591858039007,Mainstream Regulars
CUST100265,21,Male,Tier 1,54248,1.3,16,4,61.87,252.48,Beauty,0.1,48.8,0.19,0.21,0,Medium,3,-1.4515531050329349,-0.0716047797497305,Budget-Conscious / New
CUST100266,52,Male,Tier 2,52108,4.9,75,13,68.96,877.4,Electronics,0.24,81.9,0.42,0.13,0,Medium,2,2.148192198920455,-1.6575387110446846,Champions (High-Value Loyal)
CUST100267,19,Female,Tier 1,65006,1.9,90,7,74.35,445.13,Fashion,0.39,79.9,0.16,0.2,0,Medium,1,0.2827078417467963,-0.1461558539768965,Mainstream Regulars
CUST100268,30,Male,Tier 2,73509,3.9,50,9,83.07,688.41,Groceries,0.17,64.6,0.23,0.11,1,Low,1,1.285786402746961,0.0466769842290296,Mainstream Regulars
CUST100269,36,Female,Tier 1,72903,10.5,2,13,71.17,865.48,Groceries,0.71,87.1,0.27,0.1,0,Low,2,3.739498415758717,-2.2599967185651257,Champions (High-Value Loyal)
CUST100270,50,Female,Tier 1,47614,0.4,37,8,74.41,525.96,Beauty,0.33,66.4,0.36,0.04,1,Low,3,-0.1797620784755192,-0.3635517624897503,Budget-Conscious / New
CUST100271,19,Male,Tier 2,39149,2.6,64,5,46.16,239.91,Electronics,0.48,62.7,0.22,0.35,1,Medium,3,-1.3343081502759406,-1.330189847271319,Budget-Conscious / New
CUST100272,47,Male,Tier 1,73468,2.5,6,6,61.26,339.15,Fashion,0.32,47.4,0.55,0.31,0,Low,1,-0.5388446669206497,0.1108977695159312,Mainstream Regulars
CUST100273,35,Male,Tier 1,68638,8.6,11,16,65.63,980.02,Electronics,0.48,75.0,0.47,0.34,0,Low,2,3.571264739900549,-2.1724183174701284,Champions (High-Value Loyal)
CUST100274,24,Female,Tier 2,91105,9.3,96,18,90.69,1827.45,Fashion,0.25,81.1,0.36,0.01,0,Medium,2,5.998613673603167,-0.8793527039685136,Champions (High-Value Loyal)
CUST100275,40,Female,Tier 1,47052,2.6,1,4,74.12,293.56,Electronics,0.13,72.4,0.59,0.15,1,Medium,3,-0.5275872668334809,-0.6880497094336745,Budget-Conscious / New
CUST100276,37,Female,Tier 1,79900,0.6,62,6,85.95,499.01,Beauty,0.15,46.0,0.06,0.23,1,Medium,1,-0.3343970849136213,1.4703729981272564,Mainstream Regulars
CUST100277,28,Female,Tier 1,94004,3.5,28,13,95.54,1325.44,Groceries,0.47,48.8,0.45,0.04,0,Low,2,2.981538095685665,1.0390990250562022,Champions (High-Value Loyal)
CUST100278,35,Male,Tier 3,95886,0.2,26,8,81.18,729.25,Beauty,0.33,57.4,0.48,0.15,1,Low,1,0.7840629394103619,1.4028127785760345,Mainstream Regulars
CUST100279,30,Female,Tier 2,50720,3.3,1,7,74.05,444.49,Electronics,0.21,76.0,0.21,0.13,2,Low,3,0.3984187474208777,-0.9951032569855884,Budget-Conscious / New
CUST100280,36,Female,Tier 2,69245,5.3,77,8,67.92,534.92,Fashion,0.16,39.3,0.34,0.08,0,Medium,0,0.2228990794996491,-0.0457689062990579,At-Risk / Dormant
CUST100281,42,Male,Tier 2,73055,1.1,20,2,79.38,164.04,Fashion,0.3,37.9,0.37,0.02,0,Medium,1,-1.6429329702302895,1.3290490274225386,Mainstream Regulars
CUST100282,52,Female,Tier 1,80318,2.2,35,12,109.13,1238.28,Fashion,0.39,72.4,0.14,0.23,0,Low,2,2.9726056457315817,0.8283295424303043,Champions (High-Value Loyal)
CUST100283,21,Female,Tier 1,62620,1.2,50,9,79.81,776.99,Beauty,0.5,61.6,0.45,0.12,0,Low,1,0.6765860336904662,0.1689920362366289,Mainstream Regulars
CUST100284,58,Female,Tier 2,77047,1.3,54,8,59.78,545.88,Fashion,0.5,67.7,0.52,0.42,1,Low,1,0.2739141745038855,-0.0127556208431965,Mainstream Regulars
CUST100285,18,Female,Tier 1,17619,0.8,140,7,8.14,64.56,Electronics,0.64,35.3,0.3,0.14,0,Medium,0,-3.302778386855476,-2.03417374217306,At-Risk / Dormant
CUST100286,33,Female,Tier 1,81477,3.2,34,9,86.93,727.44,Electronics,0.08,60.7,0.12,0.25,0,Low,1,1.348908779495678,0.5221834452423939,Mainstream Regulars
CUST100287,41,Female,Tier 1,74671,6.1,22,11,64.03,646.51,Electronics,0.45,84.1,0.14,0.08,0,Low,2,2.15956651964717,-1.4189512543628355,Champions (High-Value Loyal)
CUST100288,38,Male,Tier 1,67195,6.2,138,10,85.72,974.85,Home & Furniture,0.3,41.9,0.2,0.19,0,Medium,0,1.506494949141341,0.2526303568729984,At-Risk / Dormant
CUST100289,28,Male,Tier 3,89043,0.4,46,7,94.84,655.64,Fashion,0.38,77.1,0.55,0.2,0,Low,1,1.0475540130681087,1.264834104203302,Mainstream Regulars
CUST100290,32,Female,Tier 1,56651,4.6,15,8,69.69,508.73,Home & Furniture,0.27,51.7,0.36,0.03,0,Low,3,0.3072523064861421,-0.6933959729692466,Budget-Conscious / New
CUST100291,29,Male,Tier 2,50344,2.9,6,6,51.35,327.23,Home & Furniture,0.11,71.6,0.31,0.05,0,Low,3,-0.4211013627999007,-1.3549787739787025,Budget-Conscious / New
CUST100292,28,Male,Tier 1,103047,0.6,83,3,131.99,370.36,Electronics,0.23,43.2,0.39,0.09,2,Medium,1,-0.0983037318807573,3.6615380613870254,Mainstream Regulars
CUST100293,44,Male,Tier 3,43622,0.2,20,5,98.99,460.39,Electronics,0.31,44.3,0.49,0.25,1,Medium,1,-0.9546786124488312,0.8100278555167734,Mainstream Regulars
CUST100294,38,Male,Tier 1,61297,0.7,48,5,66.9,372.56,Home & Furniture,0.39,49.2,0.37,0.35,1,Medium,3,-1.1032073019650006,0.387445266331159,Budget-Conscious / New
CUST100295,27,Female,Tier 1,64153,5.4,28,8,78.76,566.28,Home & Furniture,0.44,69.7,0.81,0.04,3,Low,2,1.1698483339061096,-0.6860012141873141,Champions (High-Value Loyal)
CUST100296,44,Female,Tier 2,78733,2.2,9,8,87.07,605.53,Fashion,0.16,65.0,0.3,0.06,1,Low,1,0.9503216764121376,0.509016858283641,Mainstream Regulars
CUST100297,38,Male,Tier 2,64940,2.8,41,5,70.22,326.79,Electronics,0.37,69.3,0.54,0.22,1,Medium,1,-0.2280792162944263,-0.1983517964073765,Mainstream Regulars
CUST100298,43,Male,Tier 1,49932,0.7,2,1,49.13,50.71,Electronics,0.48,69.0,0.62,0.31,0,Medium,3,-2.037557541771004,-0.6552417587629366,Budget-Conscious / New
CUST100299,41,Male,Tier 1,62820,2.8,23,4,56.08,198.96,Fashion,0.41,41.5,0.4,0.05,0,Medium,3,-1.4050464323197585,-0.0618460506104373,Budget-Conscious / New
CUST100300,25,Female,Tier 1,55067,0.1,35,4,48.86,193.77,Electronics,0.05,39.4,0.23,0.14,1,Medium,3,-2.175500599582078,0.0528563085426374,Budget-Conscious / New
CUST100301,28,Female,Tier 1,65810,1.0,25,3,80.92,252.03,Fashion,0.38,37.8,0.23,0.04,1,Medium,1,-1.4848942632165782,1.1271834233823588,Mainstream Regulars
CUST100302,43,Male,Tier 1,80865,2.2,62,9,79.59,791.25,Fashion,0.25,51.0,0.27,0.04,0,Medium,1,0.8856445975921736,0.7731725465164382,Mainstream Regulars
CUST100303,41,Female,Tier 2,69927,0.3,79,1,39.6,36.39,Electronics,0.25,57.4,0.29,0.03,0,Medium,3,-2.378890965960305,0.2101857956976877,Budget-Conscious / New
CUST100304,34,Female,Tier 1,37631,3.8,66,8,58.03,508.44,Electronics,0.61,66.1,0.49,0.24,2,Medium,3,-0.0623963357090407,-1.5316041153089082,Budget-Conscious / New
CUST100305,36,Female,Tier 1,89550,0.6,1,5,94.05,432.85,Beauty,0.54,53.4,0.24,0.11,0,Medium,1,-0.0163754810560979,1.6857577105549095,Mainstream Regulars
CUST100306,49,Female,Tier 2,70146,2.3,9,7,98.66,727.24,Groceries,0.26,63.0,0.19,0.04,0,Low,1,0.9985813938367452,0.687264969399962,Mainstream Regulars
CUST100307,28,Male,Tier 3,77121,1.1,34,9,89.86,791.92,Sports,0.3,81.5,0.12,0.26,0,Low,1,1.544303158661828,0.412696999623944,Mainstream Regulars
CUST100308,41,Female,Tier 2,70395,2.0,122,3,56.48,149.85,Fashion,0.17,66.7,0.56,0.11,0,Medium,0,-1.2668485036271246,0.1804986328297058,At-Risk / Dormant
CUST100309,32,Male,Tier 1,88623,0.3,81,5,60.41,321.47,Home & Furniture,0.11,55.0,0.31,0.23,3,Medium,1,-0.8470674442708149,1.048323172781291,Mainstream Regulars
CUST100310,32,Female,Tier 1,77197,0.0,83,9,73.54,605.82,Electronics,0.57,27.8,0.11,0.08,0,Medium,0,-0.5239841768051994,1.3718099538828177,At-Risk / Dormant
CUST100311,47,Female,Tier 3,84032,5.3,16,9,80.65,655.43,Groceries,0.68,70.0,0.31,0.1,1,Low,2,1.8093329644460108,-0.1643006561628911,Champions (High-Value Loyal)
CUST100312,44,Female,Tier 1,83000,0.7,25,9,103.31,890.27,Electronics,0.66,76.7,0.23,0.14,0,Low,1,1.8139880719706143,1.0749598322813052,Mainstream Regulars
CUST100313,43,Female,Tier 1,71437,3.8,28,7,79.4,581.36,Electronics,0.83,63.9,0.47,0.09,1,Low,1,0.7660131938543138,0.0023398606854455,Mainstream Regulars
CUST100314,49,Male,Tier 2,106503,12.0,7,21,125.76,2430.21,Sports,0.48,100.0,0.05,0.12,1,Low,2,9.211003768115338,-0.7884265564107343,Champions (High-Value Loyal)
CUST100315,35,Female,Tier 2,76002,0.5,1,6,63.46,344.63,Groceries,0.31,66.2,0.22,0.22,1,Low,1,-0.3590149874720236,0.1776409375191953,Mainstream Regulars
CUST100316,42,Female,Tier 2,73127,0.7,132,1,95.42,81.39,Sports,0.44,24.0,0.15,0.01,1,High,0,-2.3416040454561977,2.507339612379261,At-Risk / Dormant
CUST100317,31,Female,Tier 1,45426,2.4,12,3,68.67,204.26,Fashion,0.41,44.2,0.27,0.01,0,Medium,3,-1.6262402723553795,-0.1760580144243035,Budget-Conscious / New
CUST100318,38,Male,Tier 1,48010,7.4,12,18,29.73,523.68,Fashion,0.48,80.9,0.41,0.11,0,Low,2,2.229855689923102,-3.842954720222397,Champions (High-Value Loyal)
CUST100319,33,Male,Tier 3,59468,5.4,3,13,89.4,1069.41,Fashion,0.36,88.5,0.44,0.25,0,Low,2,3.246214940377236,-1.3317998035923106,Champions (High-Value Loyal)
CUST100320,36,Male,Tier 1,73019,1.5,118,7,82.25,498.65,Home & Furniture,0.38,43.0,0.39,0.01,1,Medium,0,-0.3894520104591903,1.1846345608423856,At-Risk / Dormant
CUST100321,41,Female,Tier 2,51345,3.5,39,8,68.67,537.7,Groceries,0.5,67.6,0.19,0.16,1,Low,3,0.384492321551639,-0.9276752397170268,Budget-Conscious / New
CUST100322,25,Female,Tier 2,58537,0.3,49,4,55.81,242.54,Sports,0.18,56.7,0.14,0.06,0,Medium,3,-1.5416780457843462,0.0045839941005779,Budget-Conscious / New
CUST100323,58,Male,Tier 2,97795,8.3,109,18,120.62,2311.38,Electronics,0.55,94.1,0.18,0.13,1,Medium,2,7.391796235586654,0.1057953415917726,Champions (High-Value Loyal)
CUST100324,23,Male,Tier 1,77717,7.3,19,19,66.98,1410.37,Home & Furniture,0.48,85.6,0.25,0.18,1,Low,2,4.856538582449683,-2.0278377656707334,Champions (High-Value Loyal)
CUST100325,21,Female,Tier 1,43861,0.4,43,6,69.03,353.24,Fashion,0.07,36.6,0.05,0.09,1,Low,3,-1.5780211711590433,0.141715178765701,Budget-Conscious / New
CUST100326,47,Female,Tier 2,62792,0.8,1,3,84.64,289.45,Electronics,0.48,63.7,0.12,0.19,1,Medium,1,-0.8009258988305852,0.5827373586623877,Mainstream Regulars
CUST100327,43,Female,Tier 3,43710,0.2,9,10,41.81,398.21,Groceries,0.68,94.8,0.09,0.21,1,Low,3,0.0850630545358616,-2.120108236568315,Budget-Conscious / New
CUST100328,41,Female,Tier 3,50421,0.7,80,2,91.77,210.54,Groceries,0.19,54.5,0.09,0.05,0,Medium,0,-1.5741888096267675,0.930355236119114,At-Risk / Dormant
CUST100329,41,Male,Tier 1,64954,3.7,65,10,77.6,718.41,Electronics,0.55,54.0,0.19,0.15,0,Medium,1,0.9517695121294828,-0.1245688146144891,Mainstream Regulars
CUST100330,34,Male,Tier 1,61002,1.0,19,5,80.64,399.76,Electronics,0.73,45.1,0.23,0.22,2,Medium,1,-0.8619847500213256,0.67671894762228,Mainstream Regulars
CUST100331,25,Female,Tier 3,28407,0.2,21,3,20.77,59.58,Fashion,0.43,42.5,0.09,0.23,1,Medium,3,-3.2060727677519374,-1.491473542145171,Budget-Conscious / New
CUST100332,35,Female,Tier 2,57702,0.9,34,7,99.85,668.71,Fashion,0.5,84.6,0.35,0.19,0,Low,1,0.9278399031259688,0.2292568405347092,Mainstream Regulars
CUST100333,27,Female,Tier 3,41709,8.8,1,12,36.39,481.52,Fashion,0.14,70.0,0.41,0.03,2,Low,2,1.328854876866137,-3.408354757597038,Champions (High-Value Loyal)
CUST100334,45,Female,Tier 1,21269,2.2,12,4,53.1,228.1,Electronics,0.54,48.8,0.58,0.17,0,Medium,3,-1.9632987709946876,-1.404050222190098,Budget-Conscious / New
CUST100335,33,Female,Tier 2,96153,1.2,10,3,85.21,293.37,Electronics,0.42,53.1,0.48,0.17,0,Medium,1,-0.4571773100626659,1.7267721916002747,Mainstream Regulars
CUST100336,25,Male,Tier 2,75597,0.4,12,2,73.71,152.44,Sports,0.6,49.0,0.23,0.06,2,Medium,1,-1.542074088005425,1.1226050901999625,Mainstream Regulars
CUST100337,31,Male,Tier 2,51626,9.4,73,20,74.85,1480.5,Sports,0.6,100.0,0.48,0.12,0,Medium,2,5.384482790508493,-3.105101218130128,Champions (High-Value Loyal)
CUST100338,39,Male,Tier 1,71938,3.8,14,10,95.36,836.33,Groceries,0.45,56.4,0.35,0.04,0,Low,2,1.674158607294238,0.3249021322074613,Champions (High-Value Loyal)
CUST100339,28,Male,Tier 1,46110,0.7,9,1,39.36,45.22,Sports,0.42,65.3,0.38,0.11,0,Medium,3,-2.337569424759636,-0.9198919298100818,Budget-Conscious / New
CUST100340,25,Female,Tier 2,86523,0.2,31,4,108.46,440.55,Home & Furniture,0.27,56.4,0.19,0.32,1,Medium,1,-0.0650749077064275,2.1529632969652286,Mainstream Regulars
CUST100341,37,Female,Tier 1,104951,0.1,90,10,123.13,1305.35,Electronics,0.38,75.5,0.14,0.1,0,Medium,2,2.966089075663937,2.5249228182167203,Champions (High-Value Loyal)
CUST100342,37,Male,Tier 2,63620,0.3,12,3,58.95,171.9,Electronics,0.69,73.8,0.28,0.06,2,Medium,3,-1.1949608014839923,-0.1563419709873717,Budget-Conscious / New
CUST100343,29,Male,Tier 3,71023,1.9,3,9,103.17,941.82,Beauty,0.39,68.7,0.12,0.17,1,Low,1,1.7771099224514737,0.6309030850022271,Mainstream Regulars
CUST100344,29,Female,Tier 1,70755,5.8,19,9,57.11,582.23,Groceries,0.7,62.3,0.42,0.05,2,Low,2,1.0696014020098354,-1.0783810136505327,Champions (High-Value Loyal)
CUST100345,37,Male,Tier 3,31738,1.5,61,4,37.08,133.48,Beauty,0.68,52.7,0.3,0.17,0,Medium,3,-2.301879560191875,-1.3393533194320828,Budget-Conscious / New
CUST100346,19,Female,Tier 1,56187,4.1,36,9,74.01,624.6,Beauty,0.23,63.3,0.28,0.16,0,Low,1,0.8230632311664834,-0.742751282855011,Mainstream Regulars
CUST100347,19,Female,Tier 2,55974,1.3,76,7,53.84,337.54,Fashion,0.35,36.5,0.56,0.15,2,Medium,0,-1.3921810172845446,-0.0279564618942755,At-Risk / Dormant
CUST100348,27,Female,Tier 3,43618,2.7,144,6,60.31,393.58,Electronics,0.23,66.2,0.13,0.05,1,Medium,0,-0.7621669072051414,-0.7308449646376246,At-Risk / Dormant
CUST100349,32,Male,Tier 1,64864,2.9,70,5,77.67,337.33,Electronics,0.63,55.9,0.1,0.16,2,Medium,1,-0.4718141702439054,0.3345564030525739,Mainstream Regulars
CUST100350,38,Male,Tier 1,69554,0.4,41,3,75.16,197.18,Electronics,0.4,37.9,0.38,0.08,1,Medium,1,-1.7283077163986873,1.2243392227207155,Mainstream Regulars
CUST100351,51,Female,Tier 1,74944,1.0,30,8,94.94,713.61,Electronics,0.41,38.2,0.24,0.12,1,Low,1,0.2922312465085132,1.4181043082313167,Mainstream Regulars
CUST100352,44,Female,Tier 1,74540,2.2,1,6,78.69,474.15,Fashion,0.54,34.0,0.35,0.05,2,Low,1,-0.4244081112628453,0.9115799088610792,Mainstream Regulars
CUST100353,33,Male,Tier 2,40109,0.2,186,5,56.9,276.5,Electronics,0.82,50.6,0.49,0.13,1,Medium,0,-2.0824009059898905,-0.0017292544516874,At-Risk / Dormant
CUST100354,34,Female,Tier 3,41693,1.0,21,8,71.94,496.93,Electronics,0.8,56.5,0.79,0.11,0,Low,3,-0.4450391291455928,-0.5524091077235443,Budget-Conscious / New
CUST100355,23,Male,Tier 1,42077,1.7,7,6,66.92,456.63,Fashion,0.35,55.8,0.51,0.08,1,Low,3,-0.7132812112239398,-0.655730850379176,Budget-Conscious / New
CUST100356,34,Female,Tier 1,87200,12.0,49,15,104.46,1779.78,Fashion,0.71,81.0,0.3,0.07,0,Low,2,6.19333127732036,-0.9861729014047425,Champions (High-Value Loyal)
CUST100357,31,Male,Tier 1,30498,1.4,15,2,28.18,52.63,Fashion,0.58,46.3,0.19,0.07,1,Medium,3,-2.9153200375082906,-1.451437567521807,Budget-Conscious / New
CUST100358,38,Female,Tier 2,81964,3.7,39,10,96.18,1028.6,Fashion,0.55,72.7,0.36,0.0,0,Low,2,2.465637090046967,0.4351436977210584,Champions (High-Value Loyal)
CUST100359,25,Male,Tier 1,90954,1.2,39,6,82.62,507.41,Groceries,0.86,59.2,0.22,0.17,0,Low,1,0.2720049009694315,1.2684486991956505,Mainstream Regulars
CUST100360,40,Male,Tier 2,56560,3.5,26,11,47.91,485.5,Sports,0.17,68.4,0.37,0.05,0,Low,3,0.5709972705124666,-1.6250898027284275,Budget-Conscious / New
CUST100361,51,Male,Tier 2,19543,2.0,81,4,35.21,130.79,Electronics,0.31,31.0,0.64,0.21,1,Medium,3,-2.9862471222027938,-1.3225062850135174,Budget-Conscious / New
CUST100362,33,Male,Tier 2,52696,4.8,13,7,50.35,351.51,Electronics,0.68,52.9,0.83,0.19,1,Low,3,-0.3396970428268774,-1.3084875341529056,Budget-Conscious / New
CUST100363,39,Female,Tier 1,70444,1.2,26,10,90.56,883.66,Beauty,0.31,74.6,0.35,0.09,0,Low,1,1.6109395065158547,0.2680779986756444,Mainstream Regulars
CUST100364,42,Female,Tier 2,44609,2.0,34,7,69.39,455.31,Groceries,0.49,52.4,0.22,0.04,0,Low,3,-0.5898962785644228,-0.4994118905682781,Budget-Conscious / New
CUST100365,30,Male,Tier 1,58726,2.2,49,5,40.4,220.64,Home & Furniture,0.26,69.6,0.3,0.08,1,Medium,3,-1.008572918318231,-1.0403196532542751,Budget-Conscious / New
CUST100366,37,Male,Tier 1,98343,1.2,68,7,89.53,623.22,Electronics,0.31,85.4,0.28,0.31,0,Medium,1,1.3557059026478837,1.1620726415760598,Mainstream Regulars
CUST100367,35,Female,Tier 3,66968,0.3,22,4,53.91,225.66,Beauty,0.53,63.7,0.15,0.16,1,Medium,3,-1.2391186328018644,-0.0305635407114696,Budget-Conscious / New
CUST100368,36,Female,Tier 2,43757,0.2,46,4,49.52,179.62,Sports,0.56,71.3,0.36,0.09,0,Medium,3,-1.6316674521812011,-0.874376766185553,Budget-Conscious / New
CUST100369,26,Female,Tier 1,37643,0.0,7,4,58.2,235.14,Groceries,0.29,65.9,0.19,0.05,1,Medium,3,-1.598298166563643,-0.8000883769889489,Budget-Conscious / New
CUST100370,35,Male,Tier 1,64113,4.5,121,11,69.79,725.77,Electronics,0.55,53.5,0.29,0.14,0,Medium,0,0.9913284762034792,-0.3749827992854473,At-Risk / Dormant
CUST100371,40,Male,Tier 1,68157,0.6,21,5,67.95,342.44,Beauty,0.35,60.3,0.36,0.1,0,Medium,1,-0.7299127355827322,0.3152820309192919,Mainstream Regulars
CUST100372,50,Female,Tier 1,84931,0.5,58,8,110.28,956.57,Beauty,0.55,84.4,0.63,0.24,2,Low,1,1.978780663251963,1.3861820475809488,Mainstream Regulars
CUST100373,45,Male,Tier 1,64364,2.9,1,12,39.06,506.53,Home & Furniture,0.41,67.6,0.58,0.04,1,Low,3,0.6823085941355767,-1.6725546269266447,Budget-Conscious / New
CUST100374,58,Female,Tier 1,88406,0.8,10,10,112.22,1073.12,Electronics,0.47,56.5,0.23,0.13,1,Low,1,2.0342076086232304,1.744980403762351,Mainstream Regulars
CUST100375,26,Male,Tier 2,91232,1.6,30,5,87.86,464.9,Beauty,0.38,43.4,0.4,0.27,0,Medium,1,-0.1419273535396708,1.7077856680404986,Mainstream Regulars
CUST100376,44,Female,Tier 2,78279,0.4,94,5,84.06,475.94,Electronics,0.13,48.0,0.52,0.05,1,Medium,0,-0.6195706163547801,1.548531354071582,At-Risk / Dormant
CUST100377,37,Male,Tier 2,59934,7.1,33,9,62.03,579.32,Fashion,0.33,52.7,0.2,0.01,0,Low,2,0.930398859149713,-1.239809394148069,Champions (High-Value Loyal)
CUST100378,59,Female,Tier 2,66303,4.2,119,12,98.4,1056.25,Groceries,0.46,82.2,0.38,0.08,2,Medium,2,2.704374928436549,-0.1365562850430312,Champions (High-Value Loyal)
CUST100379,26,Male,Tier 1,59979,4.4,29,9,51.52,488.68,Fashion,0.36,67.7,0.2,0.09,1,Low,3,0.5334835291116108,-1.3923370955861023,Budget-Conscious / New
CUST100380,25,Female,Tier 3,72251,1.1,30,10,80.39,708.61,Groceries,0.79,78.7,0.37,0.07,0,Low,1,1.288440609588407,-0.0230181341247873,Mainstream Regulars
CUST100381,28,Male,Tier 3,40908,3.2,5,10,62.0,689.21,Groceries,0.57,65.9,0.39,0.15,0,Low,3,0.6393939347446584,-1.5618230946897818,Budget-Conscious / New
CUST100382,18,Female,Tier 3,49014,0.3,73,6,36.68,221.18,Electronics,0.45,41.0,0.53,0.18,0,Medium,3,-2.1203197784289776,-0.5385860955950136,Budget-Conscious / New
CUST100383,29,Female,Tier 3,53521,0.0,12,7,50.8,343.35,Groceries,0.46,47.1,0.62,0.17,0,Low,3,-1.3006983616241747,-0.3753265985498567,Budget-Conscious / New
CUST100384,26,Female,Tier 3,42367,0.0,103,3,53.08,138.08,Sports,0.09,34.8,0.52,0.13,0,Medium,0,-2.8232599451783837,0.1939398259314493,At-Risk / Dormant
CUST100385,36,Female,Tier 2,35695,1.9,108,6,36.45,210.88,Electronics,0.47,55.4,0.53,0.15,0,Medium,3,-1.813447169154252,-1.3664522587421466,Budget-Conscious / New
CUST100386,38,Female,Tier 1,77013,1.3,129,4,71.94,322.57,Groceries,0.54,51.3,0.31,0.15,0,Medium,0,-1.032512588450974,1.156052388933202,At-Risk / Dormant
CUST100387,55,Female,Tier 2,66901,1.6,33,2,70.5,120.74,Fashion,0.26,57.9,0.15,0.04,0,Medium,3,-1.4036544411643268,0.4782039450334889,Budget-Conscious / New
CUST100388,45,Male,Tier 2,73004,0.0,50,3,90.58,269.67,Fashion,0.26,33.1,0.09,0.12,0,Medium,1,-1.5524904789209992,1.920005124293553,Mainstream Regulars
CUST100389,28,Female,Tier 2,47595,1.2,67,3,54.52,184.72,Fashion,0.16,49.3,0.5,0.18,1,Medium,3,-2.0204816789018656,-0.2113335252191961,Budget-Conscious / New
CUST100390,25,Male,Tier 2,77974,2.8,6,8,101.15,783.67,Fashion,0.2,53.1,0.51,0.2,0,Low,1,1.2489602575421566,1.00760540964428,Mainstream Regulars
CUST100391,40,Male,Tier 1,56218,1.3,41,6,51.88,304.57,Electronics,0.94,62.7,0.36,0.29,2,Low,3,-0.9200169622778228,-0.6268953950349954,Budget-Conscious / New
CUST100392,20,Male,Tier 1,94816,2.9,1,12,80.23,985.45,Sports,0.58,79.6,0.6,0.09,1,Low,2,2.770005370339946,0.0945412184133961,Champions (High-Value Loyal)
CUST100393,55,Male,Tier 3,31542,0.6,30,5,75.18,371.72,Groceries,0.47,42.9,0.29,0.08,0,Medium,3,-1.5901469506771837,-0.1665547317307175,Budget-Conscious / New
CUST100394,47,Female,Tier 2,72625,3.7,7,9,70.65,572.63,Groceries,0.48,78.9,0.41,0.16,0,Low,2,1.3108195356096577,-0.7044609765948341,Champions (High-Value Loyal)
CUST100395,29,Female,Tier 2,66157,2.0,9,9,55.47,427.12,Fashion,0.78,95.2,0.67,0.09,1,Low,3,0.8504913633780998,-1.3431303792913027,Budget-Conscious / New
CUST100396,18,Female,Tier 1,48879,0.5,20,4,34.6,142.96,Groceries,0.64,66.0,0.11,0.04,0,Medium,3,-1.8225907316524756,-1.141672555363221,Budget-Conscious / New
CUST100397,49,Male,Tier 1,83239,0.6,25,3,105.49,356.42,Fashion,0.09,51.5,0.3,0.06,0,Medium,1,-0.4643057824235419,2.065043784868384,Mainstream Regulars
CUST100398,33,Male,Tier 3,77231,2.2,43,14,79.24,978.35,Fashion,0.22,69.9,0.41,0.1,0,Low,2,2.3060953541954325,-0.1603612305467674,Champions (High-Value Loyal)
CUST100399,48,Male,Tier 2,25297,3.9,3,9,37.28,306.43,Fashion,0.5,65.2,0.17,0.01,1,Low,3,-0.588897236317047,-2.7302344487635164,Budget-Conscious / New
CUST100400,18,Male,Tier 2,62249,1.2,31,8,69.49,534.28,Fashion,0.43,53.8,0.42,0.23,0,Low,1,-0.1416507555584693,0.0318513855785738,Mainstream Regulars
CUST100401,28,Male,Tier 2,15000,0.7,9,3,47.69,156.32,Electronics,0.42,58.1,0.17,0.07,1,Medium,3,-2.4273024182086704,-1.6002081290354078,Budget-Conscious / New
CUST100402,35,Male,Tier 2,42618,4.4,38,12,52.82,589.96,Groceries,0.15,56.5,0.37,0.11,1,Low,3,0.5780601684191594,-1.8358513290339973,Budget-Conscious / New
CUST100403,35,Male,Tier 1,99324,2.4,45,12,137.93,1844.87,Beauty,0.34,46.8,0.32,0.11,0,Low,2,4.061129494725516,2.721535840510989,Champions (High-Value Loyal)
CUST100404,30,Female,Tier 2,47527,1.3,36,7,61.61,373.69,Electronics,0.54,63.0,0.55,0.02,1,Low,3,-0.6588938580046899,-0.7194163853406494,Budget-Conscious / New
CUST100405,41,Female,Tier 1,51270,1.5,60,8,78.65,712.43,Electronics,0.26,60.3,0.16,0.15,0,Low,1,0.2374712442096825,-0.104996166278718,Mainstream Regulars
CUST100406,23,Female,Tier 1,61637,0.5,18,13,83.44,1104.49,Fashion,0.13,67.3,0.2,0.1,1,Low,2,1.8811556205882989,-0.1429826576552985,Champions (High-Value Loyal)
CUST100407,33,Female,Tier 2,96422,2.2,65,6,99.8,627.32,Sports,0.59,40.1,0.5,0.11,0,Medium,1,0.4532087607119238,2.1843764605821394,Mainstream Regulars
CUST100408,36,Female,Tier 3,22429,1.0,25,4,29.89,114.81,Beauty,0.12,59.0,0.15,0.12,0,Medium,3,-2.43594961645704,-1.9503215504264773,Budget-Conscious / New
CUST100409,40,Male,Tier 1,53076,12.0,29,13,69.21,975.85,Groceries,0.57,61.2,0.35,0.11,0,Low,2,3.1786501691434843,-2.502814840012396,Champions (High-Value Loyal)
CUST100410,42,Female,Tier 3,84753,1.4,46,4,98.28,353.8,Sports,0.38,51.7,0.4,0.11,0,Medium,1,-0.3032445455021929,1.7713199983575547,Mainstream Regulars
CUST100411,22,Female,Tier 1,98238,1.5,1,8,93.28,645.25,Fashion,0.37,87.1,0.32,0.14,0,Low,1,1.8164684207141828,0.8813807039695694,Mainstream Regulars
CUST100412,18,Male,Tier 1,61338,1.8,47,7,73.61,499.12,Sports,0.56,67.1,0.48,0.02,0,Low,1,0.0813115823693156,-0.1248261163367889,Mainstream Regulars
CUST100413,49,Male,Tier 1,53297,5.5,43,19,82.96,1743.49,Fashion,0.31,67.3,0.55,0.13,0,Low,2,4.434873718057408,-1.5251388944872404,Champions (High-Value Loyal)
CUST100414,38,Female,Tier 1,108925,3.5,16,9,141.82,1374.0,Fashion,0.66,51.1,0.43,0.14,0,Low,2,3.4323886430937853,2.9080481129299494,Champions (High-Value Loyal)
CUST100415,26,Male,Tier 2,85099,1.3,4,7,103.73,729.85,Groceries,0.26,65.4,0.13,0.21,2,Low,1,1.1992699052801818,1.3456538409554617,Mainstream Regulars
CUST100416,52,Female,Tier 1,89021,2.8,4,3,122.13,374.32,Fashion,0.48,39.1,0.25,0.23,2,Medium,1,0.0151242998312684,2.480294702986712,Mainstream Regulars
CUST100417,36,Female,Tier 2,45776,1.9,115,8,48.71,346.41,Groceries,0.26,30.5,0.21,0.05,0,Medium,0,-1.5883951838230097,-0.3882662399396964,At-Risk / Dormant
CUST100418,47,Male,Tier 3,58917,1.5,52,9,79.63,789.92,Fashion,0.45,69.2,0.44,0.09,2,Low,1,0.8617216438057778,-0.1338929931946033,Mainstream Regulars
CUST100419,35,Male,Tier 1,67113,0.5,6,4,96.01,417.1,Groceries,0.52,61.3,0.23,0.01,1,Medium,1,-0.3537552959305636,1.0489479511443338,Mainstream Regulars
CUST100420,57,Male,Tier 2,74755,1.4,19,5,68.85,360.41,Fashion,0.47,63.5,0.08,0.19,0,Medium,1,-0.3665202411282492,0.328834275261296,Mainstream Regulars
CUST100421,54,Male,Tier 1,103718,0.6,40,6,99.15,588.87,Electronics,0.16,61.2,0.56,0.21,0,Low,1,0.7655161960892324,2.132402462577928,Mainstream Regulars
CUST100422,32,Male,Tier 2,74629,5.4,81,13,108.26,1603.48,Beauty,0.6,67.1,0.17,0.13,0,Medium,2,3.938886087354217,0.3480477173302938,Champions (High-Value Loyal)
CUST100423,45,Female,Tier 1,54607,0.9,2,4,50.88,226.66,Beauty,0.62,49.9,0.29,0.27,0,Medium,3,-1.6466369539032082,-0.3477623144637786,Budget-Conscious / New
CUST100424,42,Male,Tier 1,97576,6.7,12,16,81.2,1355.49,Sports,0.51,87.0,0.42,0.22,0,Low,2,4.795416445874662,-0.8072581193991557,Champions (High-Value Loyal)
CUST100425,50,Male,Tier 1,81636,1.7,99,8,110.95,853.46,Home & Furniture,0.25,74.5,0.25,0.02,1,Medium,1,1.655272743230252,1.421880734204034,Mainstream Regulars
CUST100426,24,Male,Tier 1,77967,2.2,1,4,102.92,426.26,Home & Furniture,0.34,51.9,0.27,0.42,1,Medium,1,0.0110839214075075,1.431152373354171,Mainstream Regulars
CUST100427,42,Female,Tier 1,99197,1.7,10,7,109.15,781.34,Groceries,0.54,50.8,0.85,0.06,0,Low,1,1.293861988456425,2.141177881046384,Mainstream Regulars
CUST100428,46,Male,Tier 2,44391,0.3,143,5,56.31,272.62,Electronics,0.3,32.1,0.22,0.21,0,Medium,0,-2.348919636736409,0.3220957246579214,At-Risk / Dormant
CUST100429,18,Male,Tier 3,47555,1.0,42,5,53.05,249.87,Electronics,0.47,45.4,0.59,0.02,1,Medium,3,-1.72727515643926,-0.3734543669118675,Budget-Conscious / New
CUST100430,21,Female,Tier 3,39833,0.2,13,5,57.42,279.09,Fashion,0.12,61.1,0.21,0.09,1,Medium,3,-1.4534745813487762,-0.7511115756620451,Budget-Conscious / New
CUST100431,18,Female,Tier 2,24978,2.1,3,7,64.51,461.58,Beauty,0.38,38.0,0.52,0.06,0,Low,3,-1.2049325767828685,-1.01187703592655,Budget-Conscious / New
CUST100432,32,Male,Tier 1,75040,1.3,1,7,86.11,589.77,Electronics,0.66,69.2,0.16,0.18,0,Low,1,0.6736300885867221,0.4976184861801773,Mainstream Regulars
CUST100433,42,Female,Tier 1,118008,3.3,12,9,150.84,1261.27,Sports,0.13,74.5,0.14,0.08,0,Low,2,4.030292606917168,2.933282803762626,Champions (High-Value Loyal)
CUST100434,51,Male,Tier 1,43278,0.5,95,7,42.6,321.55,Groceries,0.17,32.9,0.48,0.12,1,Medium,0,-2.0317674711880613,-0.4189176897539257,At-Risk / Dormant
CUST100435,35,Male,Tier 1,69418,0.4,24,8,77.55,626.26,Home & Furniture,0.25,51.8,0.22,0.04,0,Low,1,0.058186159796694,0.6078797566341808,Mainstream Regulars
CUST100436,52,Male,Tier 2,78329,1.1,57,5,79.68,346.73,Electronics,0.09,55.3,0.71,0.11,1,Medium,1,-0.515396879313925,1.0388864273606846,Mainstream Regulars
CUST100437,19,Male,Tier 2,55815,5.7,112,11,50.24,530.81,Fashion,0.19,59.1,0.33,0.05,0,Medium,0,0.6417626961863271,-1.4828667281676615,At-Risk / Dormant
CUST100438,18,Female,Tier 1,61163,2.7,23,7,68.67,536.2,Sports,0.43,67.9,0.38,0.05,1,Low,1,0.3011632241523083,-0.4893461205397016,Mainstream Regulars
CUST100439,34,Male,Tier 1,46214,1.2,9,5,64.77,348.65,Fashion,0.15,57.4,0.21,0.42,2,Medium,3,-1.0456679498591357,-0.471269299332925,Budget-Conscious / New
CUST100440,39,Male,Tier 3,60790,1.6,32,7,78.52,520.49,Fashion,0.3,76.0,0.13,0.04,0,Low,1,0.3779195380952984,-0.2032361353541599,Mainstream Regulars
CUST100441,34,Female,Tier 2,45978,0.2,107,3,90.87,308.45,Electronics,0.54,41.4,0.28,0.17,0,Medium,0,-1.808404038497785,1.1421711198654945,At-Risk / Dormant
CUST100442,18,Female,Tier 1,23781,9.2,73,15,46.78,612.57,Electronics,0.15,60.9,0.05,0.03,0,Medium,2,1.51425211702213,-3.538945867958754,Champions (High-Value Loyal)
CUST100443,34,Male,Tier 3,76102,2.4,3,6,100.67,687.6,Fashion,0.48,48.9,0.46,0.05,1,Low,1,0.6173229655274926,1.2315074303900266,Mainstream Regulars
CUST100444,20,Female,Tier 3,66250,0.7,53,4,76.2,281.55,Groceries,0.65,61.5,0.23,0.19,0,Medium,1,-0.9139225478640476,0.6054415269349079,Mainstream Regulars
CUST100445,42,Male,Tier 1,73729,1.9,38,7,106.61,636.37,Fashion,0.38,60.6,0.35,0.04,0,Low,1,0.8230836656853402,1.1830779630127892,Mainstream Regulars
CUST100446,39,Female,Tier 1,75723,0.3,107,5,119.08,583.58,Groceries,0.49,56.9,0.41,0.06,0,Medium,1,0.1405942731553065,2.2704822765735733,Mainstream Regulars
CUST100447,24,Female,Tier 2,74937,7.4,5,15,90.41,1298.77,Electronics,0.12,86.9,0.18,0.13,1,Low,2,4.462374293929064,-1.2803866784488074,Champions (High-Value Loyal)
CUST100448,29,Female,Tier 3,56638,0.4,34,3,52.31,158.77,Beauty,0.17,28.4,0.34,0.06,2,Medium,3,-2.50333347072118,0.4304502293546338,Budget-Conscious / New
CUST100449,23,Male,Tier 3,66472,2.3,95,6,67.16,438.84,Home & Furniture,0.6,38.8,0.28,0.09,1,Medium,0,-0.8378191958344452,0.5638030692286298,At-Risk / Dormant
CUST100450,34,Male,Tier 1,64245,0.6,23,8,77.77,686.07,Electronics,0.12,51.5,0.22,0.44,1,Low,1,0.1070418591748421,0.4456311572440157,Mainstream Regulars
CUST100451,45,Male,Tier 1,97615,2.8,29,6,108.19,629.91,Fashion,0.34,49.3,0.33,0.08,2,Low,1,0.9843785055211672,2.0383944785268144,Mainstream Regulars
CUST100452,24,Male,Tier 2,61374,3.3,3,8,81.62,639.22,Electronics,0.27,60.7,0.22,0.16,0,Low,1,0.7630050835157712,-0.2350143420601575,Mainstream Regulars
CUST100453,40,Male,Tier 2,65492,2.5,14,8,81.48,583.04,Beauty,0.51,76.6,0.63,0.28,0,Low,1,0.9420638663461286,-0.2816502795174257,Mainstream Regulars
CUST100454,29,Female,Tier 1,44738,2.1,17,8,57.39,396.8,Home & Furniture,0.44,78.7,0.13,0.13,0,Low,3,-0.0356859880953236,-1.4907688518111324,Budget-Conscious / New
CUST100455,26,Male,Tier 3,56565,4.9,130,16,57.59,960.48,Beauty,0.69,65.5,0.32,0.03,0,Medium,2,2.1186669382350107,-1.5556206638140575,Champions (High-Value Loyal)
CUST100456,33,Male,Tier 2,44224,0.2,14,2,62.87,109.31,Fashion,0.71,49.6,0.18,0.15,3,Medium,3,-2.2766009147911146,-0.0328063412844172,Budget-Conscious / New
CUST100457,23,Female,Tier 3,38710,0.9,27,6,80.08,514.19,Fashion,0.31,50.8,0.72,0.01,0,Low,3,-0.7975651126854972,-0.1112474713109057,Budget-Conscious / New
CUST100458,28,Male,Tier 3,37523,0.6,50,7,66.57,471.45,Electronics,0.26,60.1,0.57,0.0,1,Low,3,-0.8113174487501642,-0.6453361568820238,Budget-Conscious / New
CUST100459,21,Female,Tier 2,35207,9.7,7,16,57.36,834.77,Fashion,0.27,83.7,0.54,0.11,2,Low,2,3.0989689670266145,-3.7317049995076346,Champions (High-Value Loyal)
CUST100460,56,Male,Tier 1,116645,1.1,29,9,132.65,1208.01,Groceries,0.12,74.8,0.03,0.04,1,Low,1,3.2690903011197023,2.82760792311892,Mainstream Regulars
CUST100461,35,Male,Tier 2,83964,2.9,60,12,84.4,916.48,Electronics,0.69,77.6,0.41,0.28,1,Low,2,2.365627010221146,0.1053087859719005,Champions (High-Value Loyal)
CUST100462,27,Male,Tier 1,101366,2.5,90,4,96.85,380.28,Home & Furniture,0.42,21.4,0.28,0.39,0,Medium,0,-0.6276189328715203,2.7774897401868057,At-Risk / Dormant
CUST100463,37,Male,Tier 2,38787,0.5,44,9,41.11,403.24,Groceries,0.73,61.8,0.53,0.42,0,Low,3,-0.9261303110787692,-1.475359606279444,Budget-Conscious / New
CUST100464,33,Female,Tier 1,70482,0.6,49,5,76.86,379.91,Beauty,0.24,71.7,0.29,0.21,1,Medium,1,-0.3095383390340699,0.4772295514158436,Mainstream Regulars
CUST100465,32,Male,Tier 2,35516,0.7,6,2,43.27,77.42,Fashion,0.08,48.1,0.23,0.27,1,Medium,3,-2.6560441621829782,-0.8666872317094357,Budget-Conscious / New
CUST100466,41,Female,Tier 1,59877,1.2,131,7,88.02,657.51,Beauty,0.16,64.6,0.38,0.02,3,Medium,0,0.1618243862826762,0.6424084305702292,At-Risk / Dormant
CUST100467,43,Male,Tier 1,56673,0.6,6,5,60.1,272.26,Sports,0.35,55.7,0.44,0.09,0,Medium,3,-1.2042935908425094,-0.1817227928860748,Budget-Conscious / New
CUST100468,29,Male,Tier 1,89912,0.0,67,1,82.89,88.82,Beauty,0.36,47.4,0.3,0.25,0,Medium,1,-1.6642550515096852,2.11062272843824,Mainstream Regulars
CUST100469,28,Female,Tier 1,60067,4.7,13,8,99.19,788.6,Home & Furniture,0.59,51.1,0.48,0.14,0,Low,1,1.2163033730336557,0.1964406195251745,Mainstream Regulars
CUST100470,31,Male,Tier 2,77630,7.4,122,12,77.92,922.06,Beauty,0.85,48.6,0.33,0.06,1,Medium,2,2.159344982139946,-0.2044154736937314,Champions (High-Value Loyal)
CUST100471,18,Female,Tier 2,64074,0.9,57,7,75.7,585.77,Groceries,0.33,67.0,0.38,0.12,0,Low,1,0.1133189744131133,0.2026492716303406,Mainstream Regulars
CUST100472,18,Female,Tier 2,94665,0.9,63,7,105.66,785.91,Electronics,0.21,68.3,0.69,0.15,0,Medium,1,1.3369289753940643,1.872040665768813,Mainstream Regulars
CUST100473,50,Female,Tier 1,49370,0.0,11,8,44.09,303.29,Home & Furniture,0.28,65.2,0.29,0.03,1,Low,3,-0.9574311766178112,-1.1200326378787115,Budget-Conscious / New
CUST100474,53,Female,Tier 1,99866,2.5,26,9,121.75,1028.75,Home & Furniture,0.71,50.7,0.51,0.22,0,Low,1,2.254918333639636,2.280057193036884,Mainstream Regulars
CUST100475,32,Male,Tier 1,89435,3.8,43,11,104.09,1272.4,Sports,0.52,68.2,0.44,0.11,0,Low,2,3.1293639279765157,0.8955655235272867,Champions (High-Value Loyal)
CUST100476,41,Male,Tier 1,54879,0.3,66,7,89.11,533.63,Groceries,0.26,72.5,0.24,0.24,1,Medium,1,0.0644588294489799,0.291345627957331,Mainstream Regulars
CUST100477,38,Male,Tier 3,74328,0.4,4,9,71.75,654.52,Fashion,0.19,88.5,0.32,0.04,1,Low,1,1.1432779159555535,-0.2738362702749979,Mainstream Regulars
CUST100478,68,Female,Tier 1,89250,3.4,147,7,95.86,716.88,Home & Furniture,0.39,45.5,0.22,0.03,0,Medium,0,0.728510049835612,1.7645397719623326,At-Risk / Dormant
CUST100479,47,Female,Tier 1,70705,2.1,99,9,79.51,741.75,Sports,0.52,38.2,0.22,0.09,0,Medium,0,0.246737796327145,0.860620227268213,At-Risk / Dormant
CUST100480,33,Male,Tier 1,54369,0.1,14,5,69.27,373.42,Electronics,0.4,68.7,0.27,0.08,1,Medium,3,-0.7554325625331058,-0.1478827254132865,Budget-Conscious / New
CUST100481,24,Female,Tier 1,52656,2.1,77,9,42.06,404.17,Fashion,0.18,57.0,0.12,0.03,0,Medium,3,-0.598946077766401,-1.1164802382669778,Budget-Conscious / New
CUST100482,18,Male,Tier 2,90096,0.8,32,9,96.74,920.82,Groceries,0.35,76.1,0.41,0.16,0,Low,1,1.8772846881092984,1.1324698895965968,Mainstream Regulars
CUST100483,37,Female,Tier 2,60812,1.0,27,5,49.28,270.17,Electronics,0.07,60.7,0.25,0.24,0,Medium,3,-1.1451484131076954,-0.4399298707921669,Budget-Conscious / New
CUST100484,26,Male,Tier 1,80478,3.2,16,9,92.44,868.32,Electronics,0.35,55.8,0.69,0.23,1,Low,1,1.5612601540915914,0.6994560818362182,Mainstream Regulars
CUST100485,19,Female,Tier 1,49363,3.7,39,7,29.21,198.48,Fashion,0.19,60.8,0.18,0.04,1,Low,3,-0.98551892508116,-1.8664552049773968,Budget-Conscious / New
CUST100486,27,Female,Tier 1,52762,1.1,58,5,36.19,179.43,Beauty,0.28,69.9,0.57,0.03,0,Medium,3,-1.4294783966308555,-1.1230154088676656,Budget-Conscious / New
CUST100487,23,Male,Tier 1,84675,6.5,23,14,102.84,1533.37,Electronics,0.24,73.9,0.76,0.18,0,Low,2,4.526395828741713,-0.0971568856157821,Champions (High-Value Loyal)
CUST100488,53,Male,Tier 1,52907,1.1,44,5,55.89,311.0,Fashion,0.54,43.2,0.4,0.13,1,Medium,3,-1.5435524612118343,-0.1034774146097865,Budget-Conscious / New
CUST100489,44,Male,Tier 3,51126,3.3,54,9,47.79,400.72,Home & Furniture,0.72,43.5,0.31,0.26,0,Low,3,-0.6090897167085331,-1.013946390453359,Budget-Conscious / New
CUST100490,34,Male,Tier 2,60212,1.5,55,7,89.24,595.08,Sports,0.33,49.2,0.3,0.04,1,Low,1,-0.0598240049038767,0.6910843461667298,Mainstream Regulars
CUST100491,51,Male,Tier 2,68404,5.0,2,9,81.92,832.55,Sports,0.33,62.9,0.47,0.2,0,Low,2,1.6816446400427656,-0.4023896148249381,Champions (High-Value Loyal)
CUST100492,35,Female,Tier 1,66776,5.2,88,13,88.73,1180.66,Fashion,0.71,77.0,0.4,0.23,0,Medium,2,3.0463969984549477,-0.5907780461316394,Champions (High-Value Loyal)
CUST100493,25,Female,Tier 1,73124,0.2,27,9,78.44,637.97,Sports,0.43,51.8,0.13,0.1,1,Low,1,0.2453012846363143,0.6979168951748069,Mainstream Regulars
CUST100494,51,Female,Tier 2,78871,6.1,13,10,125.92,1321.04,Electronics,0.33,87.3,0.14,0.03,1,Low,2,4.1016773947205145,0.3910090921725409,Champions (High-Value Loyal)
CUST100495,40,Male,Tier 2,75223,3.8,12,11,73.62,929.05,Home & Furniture,0.7,54.8,0.67,0.31,0,Low,2,1.696232451313391,-0.1798336401742345,Champions (High-Value Loyal)
CUST100496,23,Female,Tier 2,37455,3.4,29,4,77.38,339.55,Groceries,0.09,83.1,0.06,0.07,2,Medium,3,-0.2336956562013807,-1.1276671326480194,Budget-Conscious / New
CUST100497,32,Female,Tier 1,63685,0.5,98,7,72.15,542.28,Fashion,0.27,74.9,0.19,0.07,0,Medium,1,0.0143886359624718,0.1305370010098535,Mainstream Regulars
CUST100498,25,Male,Tier 2,77505,3.6,21,10,59.77,545.35,Groceries,0.23,69.6,0.57,0.03,1,Low,2,1.0737769711833327,-0.6850530464121629,Champions (High-Value Loyal)
CUST100499,19,Female,Tier 1,79703,4.2,62,5,93.66,521.14,Electronics,0.56,34.0,0.34,0.1,0,Medium,1,0.0071540647605443,1.3982929893430822,Mainstream Regulars
CUST100500,45,Female,Tier 3,34288,0.8,4,3,53.29,161.11,Beauty,0.67,54.9,0.63,0.1,0,Medium,3,-2.087045781284456,-0.8724321347948965,Budget-Conscious / New
CUST100501,56,Male,Tier 2,74726,6.7,29,8,66.5,594.13,Fashion,0.69,58.5,0.42,0.07,2,Low,2,1.1828786321429745,-0.6793720085829784,Champions (High-Value Loyal)
CUST100502,19,Male,Tier 2,17991,0.1,215,1,21.16,20.08,Groceries,0.19,15.2,0.21,0.16,1,High,0,-4.784864812413319,-0.4470249861919956,At-Risk / Dormant
CUST100503,41,Male,Tier 1,73244,0.4,66,11,80.67,770.78,Electronics,0.62,68.9,0.33,0.08,0,Medium,1,1.119840067209325,0.3638659126268661,Mainstream Regulars
CUST100504,27,Male,Tier 2,90959,1.7,10,4,101.05,401.29,Electronics,0.23,47.1,0.11,0.16,0,Medium,1,-0.0675470754846308,1.9568685847080527,Mainstream Regulars
CUST100505,29,Female,Tier 1,50537,1.9,31,6,25.05,139.92,Sports,0.36,50.3,0.36,0.35,0,Low,3,-1.7965115044337356,-1.3869558054278397,Budget-Conscious / New
CUST100506,28,Female,Tier 1,52182,2.3,11,6,79.28,506.39,Home & Furniture,0.54,58.5,0.39,0.03,1,Low,1,-0.1505253659292139,-0.18122420255761,Mainstream Regulars
CUST100507,25,Female,Tier 1,79752,0.0,23,6,79.04,539.27,Sports,0.51,52.8,0.07,0.13,0,Low,1,-0.2228970496998685,1.1355443816007258,Mainstream Regulars
CUST100508,35,Male,Tier 2,32229,7.1,68,16,26.88,454.72,Fashion,0.17,100.0,0.12,0.06,1,Medium,2,1.8231941778297076,-4.36830743465621,Champions (High-Value Loyal)
CUST100509,25,Male,Tier 1,54610,0.1,66,0,79.62,0.0,Electronics,0.29,37.0,0.08,0.18,0,Medium,0,-2.7721518636612466,1.2728879050078632,At-Risk / Dormant
CUST100510,37,Female,Tier 1,81535,0.3,11,4,87.59,345.42,Groceries,0.25,62.2,0.43,0.04,0,Medium,1,-0.3790261193230759,1.264391573488256,Mainstream Regulars
CUST100511,34,Female,Tier 3,43182,0.0,114,7,74.23,561.95,Groceries,0.22,54.3,0.52,0.27,1,Medium,0,-0.8517827953364769,0.1440048687945104,At-Risk / Dormant
CUST100512,32,Male,Tier 1,64552,1.8,40,12,80.36,1063.56,Electronics,0.47,74.2,0.17,0.05,0,Low,2,2.0192657487626007,-0.343740424497588,Champions (High-Value Loyal)
CUST100513,25,Male,Tier 2,69395,5.9,21,8,77.81,661.86,Home & Furniture,0.11,69.0,0.02,0.08,2,Low,2,1.4821051996073245,-0.634353445144992,Champions (High-Value Loyal)
CUST100514,28,Female,Tier 1,74787,2.4,31,9,80.03,721.95,Fashion,0.26,75.5,0.39,0.09,0,Low,1,1.3556109625835069,-0.0205276173735985,Mainstream Regulars
CUST100515,43,Male,Tier 1,78002,3.8,41,7,92.24,670.06,Electronics,0.37,63.1,0.34,0.08,2,Low,1,1.1374074607324736,0.5909983496203597,Mainstream Regulars
CUST100516,40,Male,Tier 2,55895,0.0,36,3,60.38,192.04,Fashion,0.19,55.1,0.49,0.04,1,Medium,3,-1.8055191846342376,0.1606718376197801,Budget-Conscious / New
CUST100517,24,Female,Tier 1,72261,1.7,29,8,67.43,499.48,Groceries,0.39,63.8,0.25,0.08,1,Low,1,0.2567037601124026,-0.0281347227041507,Mainstream Regulars
CUST100518,36,Male,Tier 2,58172,1.4,31,3,77.63,254.52,Home & Furniture,0.64,51.2,0.35,0.27,0,Medium,3,-1.2762660193689122,0.5107904783216708,Budget-Conscious / New
CUST100519,43,Male,Tier 2,71440,1.5,8,10,77.37,878.22,Groceries,0.24,58.3,0.14,0.2,0,Low,1,1.1548755129021169,0.1770277076444428,Mainstream Regulars
CUST100520,18,Male,Tier 2,44255,0.2,75,2,57.38,113.56,Groceries,0.37,45.8,0.58,0.31,0,Medium,3,-2.563393445191288,0.0964029376952138,Budget-Conscious / New
CUST100521,40,Male,Tier 2,58713,2.5,35,12,85.27,1084.96,Electronics,0.57,73.4,0.59,0.03,2,Low,2,2.140731174895214,-0.4959647722067153,Champions (High-Value Loyal)
CUST100522,27,Female,Tier 1,48980,1.5,6,6,59.11,379.88,Beauty,0.15,66.2,0.58,0.01,2,Low,3,-0.6230395038752948,-0.8491087972437164,Budget-Conscious / New
CUST100523,41,Male,Tier 1,71769,3.2,65,6,80.03,503.55,Sports,0.46,57.7,0.27,0.04,0,Medium,1,0.1840335312197324,0.4366698452292127,Mainstream Regulars
CUST100524,26,Male,Tier 2,41801,1.5,121,5,45.84,232.44,Home & Furniture,0.4,45.1,0.34,0.01,0,Medium,0,-2.034481654473037,-0.55247877411394,At-Risk / Dormant
CUST100525,18,Female,Tier 2,33147,0.4,132,3,54.08,180.82,Electronics,0.26,42.1,0.07,0.06,1,Medium,0,-2.709498581427312,-0.1567720435723724,At-Risk / Dormant
CUST100526,18,Female,Tier 3,52855,2.3,20,4,69.29,272.91,Groceries,0.36,49.4,0.23,0.3,0,Medium,3,-1.1631567680331172,-0.0812119595297446,Budget-Conscious / New
CUST100527,35,Female,Tier 3,58829,0.4,6,5,82.54,358.36,Groceries,0.54,63.2,0.16,0.28,0,Medium,1,-0.5928162847892056,0.3524565278577685,Mainstream Regulars
CUST100528,37,Male,Tier 3,69891,4.5,32,12,69.56,921.0,Sports,0.26,68.1,0.33,0.13,1,Low,2,2.0720598292868004,-0.8377802831784351,Champions (High-Value Loyal)
CUST100529,25,Male,Tier 2,48239,2.1,5,6,53.33,336.68,Sports,0.55,63.7,0.45,0.18,0,Low,3,-0.7336356968754912,-1.0772783987496113,Budget-Conscious / New
CUST100530,42,Female,Tier 1,80144,0.4,122,7,98.67,763.06,Beauty,0.14,63.8,0.39,0.37,0,Medium,1,0.6573335086000643,1.6315505503335914,Mainstream Regulars
CUST100531,18,Female,Tier 2,63114,7.2,9,8,76.38,544.78,Electronics,0.28,56.6,0.37,0.03,0,Low,2,1.1355616837961535,-0.8739355517432581,Champions (High-Value Loyal)
CUST100532,34,Male,Tier 2,67605,1.6,13,6,62.74,323.45,Sports,0.57,67.9,0.41,0.18,1,Low,3,-0.3313183523714791,-0.2609863924237489,Budget-Conscious / New
CUST100533,21,Male,Tier 1,49538,0.2,23,5,80.88,457.1,Groceries,0.13,58.1,0.38,0.13,1,Medium,1,-0.7908673683396441,0.2489084369273566,Mainstream Regulars
CUST100534,27,Male,Tier 3,54488,2.2,21,4,39.93,142.84,Beauty,0.35,80.2,0.34,0.14,0,Medium,3,-1.0396726500701492,-1.403520143503533,Budget-Conscious / New
CUST100535,35,Female,Tier 3,61554,0.6,71,6,83.06,544.66,Fashion,0.42,52.3,0.23,0.02,2,Medium,1,-0.4606182467718051,0.7818348952637614,Mainstream Regulars
CUST100536,25,Female,Tier 2,56129,3.6,27,14,47.8,734.09,Fashion,0.35,83.6,0.14,0.03,0,Low,2,1.7553165725549535,-2.1639430706819534,Champions (High-Value Loyal)
CUST100537,30,Male,Tier 1,30443,3.7,8,12,73.66,939.26,Fashion,0.7,73.4,0.42,0.03,0,Low,2,1.569847432672779,-1.9085946500946929,Champions (High-Value Loyal)
CUST100538,46,Male,Tier 1,77288,8.5,13,19,61.24,1034.85,Electronics,0.33,70.0,0.12,0.05,0,Low,2,4.018059829369119,-2.154742144703617,Champions (High-Value Loyal)
CUST100539,28,Female,Tier 3,92025,1.5,32,2,113.97,239.39,Fashion,0.66,44.6,0.44,0.04,1,Medium,1,-0.5634110666224468,2.609184031179832,Mainstream Regulars
CUST100540,44,Female,Tier 3,52119,1.3,7,5,62.21,347.36,Beauty,0.46,69.9,0.53,0.06,1,Medium,3,-0.6752389517028472,-0.6402365377612085,Budget-Conscious / New
CUST100541,22,Male,Tier 1,51694,3.1,42,8,57.58,450.35,Electronics,0.23,56.6,0.19,0.05,0,Low,3,-0.2317533187545253,-0.9219830926433542,Budget-Conscious / New
CUST100542,40,Female,Tier 1,78720,0.3,37,6,88.38,516.52,Electronics,0.44,31.7,0.39,0.13,2,Low,1,-0.6231731211073307,1.7574478085323395,Mainstream Regulars
CUST100543,50,Female,Tier 3,66622,1.7,56,8,85.0,668.34,Electronics,0.29,60.0,0.55,0.1,2,Low,1,0.5283559091564655,0.4500565314298619,Mainstream Regulars
CUST100544,18,Male,Tier 1,84669,1.7,124,9,76.99,606.08,Fashion,0.57,42.5,0.11,0.42,1,Medium,0,0.1885211101935959,1.23137140715697,At-Risk / Dormant
CUST100545,26,Female,Tier 2,33758,0.2,109,1,35.89,40.11,Sports,0.65,42.7,0.24,0.09,0,Medium,0,-3.418713268522957,-0.5146861589497967,At-Risk / Dormant
CUST100546,41,Male,Tier 3,70564,1.2,131,4,88.55,393.43,Electronics,0.63,63.5,0.2,0.15,0,Medium,0,-0.536395290415283,1.1882661832242778,At-Risk / Dormant
CUST100547,32,Female,Tier 1,79427,4.2,12,7,60.58,487.4,Electronics,0.56,72.0,0.27,0.17,1,Low,1,0.7830865326573654,-0.5446697120809116,Mainstream Regulars
CUST100548,39,Female,Tier 2,59041,4.3,6,5,60.44,309.92,Beauty,0.29,77.8,0.39,0.5,0,Medium,3,0.0568752458012127,-1.1463957610175637,Budget-Conscious / New
CUST100549,28,Female,Tier 1,73296,0.2,16,9,126.69,1226.13,Beauty,0.41,59.7,0.48,0.18,0,Low,1,2.0551804071565725,1.8455744910337613,Mainstream Regulars
CUST100550,35,Female,Tier 1,88530,0.2,101,6,79.25,433.09,Electronics,0.18,50.2,0.07,0.13,1,Medium,0,-0.4510173544712643,1.639336886782746,At-Risk / Dormant
CUST100551,33,Male,Tier 3,69901,0.7,160,2,95.47,200.54,Home & Furniture,0.79,25.5,0.35,0.15,0,High,0,-2.08436171381023,2.411770008414677,At-Risk / Dormant
CUST100552,47,Female,Tier 1,54225,4.6,88,13,56.4,766.14,Groceries,0.31,59.0,0.08,0.01,0,Medium,2,1.2195484379706971,-1.3903573597072167,Champions (High-Value Loyal)
CUST100553,37,Female,Tier 3,70562,0.3,5,6,86.44,581.06,Home & Furniture,0.57,50.4,0.7,0.19,2,Low,1,-0.1665350110308733,1.011153223414383,Mainstream Regulars
CUST100554,38,Male,Tier 2,60035,2.8,132,4,79.84,351.05,Groceries,0.1,29.1,0.65,0.17,0,Medium,0,-1.413246843614525,1.0840165412321894,At-Risk / Dormant
CUST100555,30,Female,Tier 1,69311,0.2,24,4,94.69,428.58,Sports,0.4,72.0,0.25,0.03,1,Medium,1,-0.1596893367715801,0.9724151771491336,Mainstream Regulars
CUST100556,29,Female,Tier 1,68917,2.1,1,6,74.43,495.99,Electronics,0.11,36.8,0.09,0.28,0,Low,1,-0.4859626285729041,0.6057760722695898,Mainstream Regulars
CUST100557,30,Male,Tier 1,65295,1.0,26,8,104.25,926.25,Fashion,0.73,79.8,0.27,0.01,1,Low,1,1.5887406927587795,0.5736943370511768,Mainstream Regulars
CUST100558,39,Female,Tier 1,93050,3.4,2,7,88.7,539.63,Fashion,0.32,78.8,0.1,0.07,1,Low,1,1.496745717280113,0.5381618417398244,Mainstream Regulars
CUST100559,30,Female,Tier 1,66493,0.6,35,7,78.92,609.78,Fashion,0.52,66.5,0.35,0.25,0,Low,1,0.217579502364654,0.3481402268150075,Mainstream Regulars
CUST100560,38,Male,Tier 1,51048,2.2,18,6,66.22,410.13,Sports,0.48,46.8,0.32,0.05,1,Low,3,-0.8037423631567256,-0.2925192435927722,Budget-Conscious / New
CUST100561,57,Female,Tier 2,61716,0.6,28,5,54.6,263.21,Groceries,0.15,38.2,0.43,0.09,1,Medium,3,-1.6680137886341555,0.2387072304836054,Budget-Conscious / New
CUST100562,44,Male,Tier 2,66816,2.8,42,6,71.39,371.35,Electronics,0.29,51.2,0.19,0.2,0,Low,1,-0.3952736468441091,0.1740810352932743,Mainstream Regulars
CUST100563,31,Male,Tier 2,80525,4.6,91,8,89.53,754.42,Fashion,0.34,64.4,0.19,0.12,0,Medium,2,1.478413216542962,0.5255977491213318,Champions (High-Value Loyal)
CUST100564,48,Male,Tier 2,76055,0.3,48,7,76.9,510.56,Fashion,0.06,59.2,0.17,0.21,0,Low,1,-0.0708325493191072,0.7890989029497336,Mainstream Regulars
CUST100565,30,Female,Tier 1,52690,4.4,25,5,100.52,497.74,Sports,0.5,45.0,0.2,0.09,1,Medium,1,0.0046867910509981,0.4282717134111044,Mainstream Regulars
CUST100566,18,Female,Tier 1,107933,2.0,77,8,97.36,821.34,Groceries,0.08,72.1,0.31,0.06,0,Medium,1,1.882744931838383,1.749989865701426,Mainstream Regulars
CUST100567,23,Male,Tier 2,59965,0.3,106,6,87.66,590.93,Groceries,0.56,71.6,0.44,0.05,0,Medium,1,-0.027904808675683,0.6365050699200505,Mainstream Regulars
CUST100568,18,Male,Tier 2,76157,1.2,5,4,96.31,422.85,Home & Furniture,0.47,54.8,0.41,0.07,0,Medium,1,-0.2252651061259057,1.3281398555653403,Mainstream Regulars
CUST100569,31,Female,Tier 1,65669,0.4,34,1,74.52,73.42,Home & Furniture,0.65,49.9,0.53,0.03,1,Medium,3,-1.9833197515475949,0.9804691857123262,Budget-Conscious / New
CUST100570,35,Male,Tier 3,64600,2.7,15,5,60.86,294.06,Groceries,0.05,40.4,0.33,0.07,0,Medium,3,-1.0449269975078306,0.057633960034998,Budget-Conscious / New
CUST100571,53,Female,Tier 2,82310,3.1,2,14,77.07,994.75,Fashion,0.77,72.8,0.3,0.08,1,Low,2,2.697806218859995,-0.4026130262019605,Champions (High-Value Loyal)
CUST100572,38,Female,Tier 2,83127,0.2,49,6,81.5,470.29,Beauty,0.04,63.2,0.58,0.08,0,Low,1,-0.0293756397429793,1.1252377172695238,Mainstream Regulars
CUST100573,32,Male,Tier 1,87832,1.6,89,7,66.41,410.63,Home & Furniture,0.51,59.4,0.41,0.27,0,Medium,1,-0.0457672171372007,0.7527315293864625,Mainstream Regulars
CUST100574,44,Female,Tier 2,79299,3.7,8,5,71.03,405.34,Home & Furniture,0.1,53.1,0.07,0.13,0,Medium,1,-0.0114455851520337,0.3180305783803263,Mainstream Regulars
CUST100575,18,Male,Tier 2,47528,6.1,75,7,37.37,267.39,Sports,0.32,53.2,0.51,0.25,0,Medium,3,-0.6328937759208153,-1.8265251229733803,Budget-Conscious / New
CUST100576,37,Female,Tier 2,50508,1.6,86,10,82.28,730.93,Beauty,0.1,56.0,0.09,0.02,1,Medium,0,0.4419562214228695,-0.0452879169559347,At-Risk / Dormant
CUST100577,43,Female,Tier 2,69186,6.6,110,8,86.93,664.73,Beauty,0.25,51.7,0.18,0.22,0,Medium,0,1.1282062749460662,0.1049757174581627,At-Risk / Dormant
CUST100578,18,Female,Tier 3,64996,1.7,13,8,85.95,697.3,Sports,0.48,69.8,0.48,0.06,0,Low,1,0.8847936822151954,0.1015661705180648,Mainstream Regulars
CUST100579,47,Male,Tier 2,60791,1.1,105,1,79.49,80.27,Electronics,0.48,17.9,0.28,0.07,1,Medium,0,-2.762697752984352,1.7170967494699747,At-Risk / Dormant
CUST100580,38,Female,Tier 1,90373,4.1,17,14,97.82,1178.64,Groceries,0.29,75.4,0.16,0.08,1,Low,2,3.6015545037399685,0.2221096683875105,Champions (High-Value Loyal)
CUST100581,30,Male,Tier 2,84147,1.5,36,8,112.03,1017.46,Groceries,0.65,66.6,0.26,0.31,1,Low,1,1.89582024643806,1.5406657949978544,Mainstream Regulars
CUST100582,41,Male,Tier 2,45906,1.4,2,2,49.09,91.56,Fashion,0.12,47.0,0.47,0.37,0,Medium,3,-2.2872000326409534,-0.523371912183301,Budget-Conscious / New
CUST100583,59,Male,Tier 2,54535,1.5,2,12,67.05,687.82,Beauty,0.11,68.0,0.16,0.21,0,Low,1,0.957293908035656,-0.9815358055246676,Mainstream Regulars
CUST100584,37,Female,Tier 1,68273,4.1,57,2,88.1,153.81,Home & Furniture,0.11,42.9,0.2,0.42,0,Medium,1,-1.063090237319864,0.939087533781522,Mainstream Regulars
CUST100585,37,Female,Tier 1,76337,3.9,26,7,63.8,457.34,Home & Furniture,0.35,55.7,0.73,0.21,0,Low,1,0.2651299448459432,-0.1370754845331683,Mainstream Regulars
CUST100586,29,Female,Tier 3,43157,1.1,13,4,102.41,365.13,Sports,0.08,56.8,0.24,0.05,0,Medium,1,-0.7485093521032719,0.5322914007155333,Mainstream Regulars
CUST100587,25,Female,Tier 2,80339,0.9,9,6,87.38,452.2,Fashion,0.39,62.6,0.2,0.17,0,Low,1,0.1695958994279816,0.964103591533106,Mainstream Regulars
CUST100588,44,Male,Tier 3,66233,1.5,49,5,77.32,372.64,Home & Furniture,0.43,29.9,0.69,0.2,3,Medium,1,-1.2004570929617642,1.052716503156755,Mainstream Regulars
CUST100589,25,Female,Tier 2,56710,1.9,1,12,86.11,1071.38,Groceries,0.3,81.7,0.39,0.43,3,Low,2,2.261432356483811,-0.7085454900406267,Champions (High-Value Loyal)
CUST100590,35,Male,Tier 2,34153,0.6,73,3,62.19,164.84,Fashion,0.11,45.2,0.52,0.2,1,Medium,3,-2.376805670929671,-0.2036774244781089,Budget-Conscious / New
CUST100591,29,Female,Tier 2,33915,3.5,3,5,48.83,230.48,Electronics,0.57,82.9,0.3,0.04,0,Medium,3,-0.6368875601601677,-2.156124891955196,Budget-Conscious / New
CUST100592,40,Female,Tier 3,62058,1.5,9,5,73.67,359.26,Beauty,0.42,44.8,0.38,0.08,0,Medium,1,-0.9019619683139256,0.4140359158562153,Mainstream Regulars
CUST100593,38,Female,Tier 2,22813,0.9,21,2,16.45,29.54,Groceries,0.34,41.5,0.62,0.12,1,Medium,3,-3.44132756351192,-1.7790259681533798,Budget-Conscious / New
CUST100594,46,Female,Tier 2,82627,0.2,29,9,80.51,725.91,Beauty,0.25,62.7,0.49,0.16,0,Low,1,0.816214676933454,0.8264530643772716,Mainstream Regulars
CUST100595,29,Male,Tier 1,64753,0.6,19,10,81.72,715.51,Groceries,0.46,73.1,0.41,0.17,1,Low,1,1.005476535441028,-0.0433052777298916,Mainstream Regulars
CUST100596,32,Male,Tier 2,117175,6.6,17,9,124.3,966.51,Electronics,0.77,42.9,0.26,0.27,2,Low,2,3.0102533469767763,2.285267126532041,Champions (High-Value Loyal)
CUST100597,24,Female,Tier 2,97142,0.8,149,5,119.27,599.9,Fashion,0.24,35.2,0.29,0.14,0,Medium,0,-0.002432071380738,3.3743937037229808,At-Risk / Dormant
CUST100598,30,Male,Tier 1,64733,0.4,46,5,72.14,333.42,Fashion,0.21,62.5,0.41,0.04,0,Medium,1,-0.7813611016524526,0.3908953200077865,Mainstream Regulars
CUST100599,39,Male,Tier 1,69685,1.4,1,4,57.26,201.24,Sports,0.16,46.5,0.2,0.06,2,Medium,3,-1.3558713584602644,0.2255023857126241,Budget-Conscious / New
CUST100600,43,Male,Tier 1,91120,0.8,25,5,111.78,546.14,Electronics,0.41,73.9,0.22,0.12,0,Medium,1,0.8881414022911766,1.837844396857132,Mainstream Regulars
CUST100601,24,Female,Tier 1,96257,0.1,93,5,121.76,684.62,Sports,0.54,45.3,0.49,0.14,0,Medium,1,0.3909801533826987,3.163691829666353,Mainstream Regulars
CUST100602,44,Male,Tier 1,44115,0.9,16,1,70.24,74.96,Sports,0.16,39.6,0.45,0.04,1,Medium,3,-2.4918625911355745,0.3211959542506627,Budget-Conscious / New
CUST100603,49,Male,Tier 1,43445,1.7,4,6,53.75,353.04,Sports,0.38,68.9,0.3,0.15,0,Low,3,-0.723166945708785,-1.242259647834559,Budget-Conscious / New
CUST100604,39,Female,Tier 3,45403,1.8,63,12,73.5,980.41,Groceries,0.35,87.0,0.18,0.25,1,Medium,2,1.7383443913905992,-1.264163793207009,Champions (High-Value Loyal)
CUST100605,55,Female,Tier 2,78489,1.0,41,3,136.84,468.73,Sports,0.41,56.9,0.56,0.02,0,Medium,1,0.2190302549882408,2.628329692881079,Mainstream Regulars
CUST100606,26,Male,Tier 1,75343,1.3,38,8,84.51,729.47,Fashion,0.45,77.3,0.39,0.03,1,Low,1,1.1325997029938863,0.3609063799357128,Mainstream Regulars
CUST100607,21,Male,Tier 1,83655,7.4,2,11,70.04,795.5,Electronics,0.3,91.9,0.17,0.27,0,Low,2,3.075654636916021,-1.4147007973099133,Champions (High-Value Loyal)
CUST100608,18,Male,Tier 2,31605,1.0,6,7,37.54,252.17,Fashion,0.14,52.3,0.7,0.15,1,Low,3,-1.6632553952206597,-1.6439848604243397,Budget-Conscious / New
CUST100609,51,Male,Tier 1,34709,0.7,43,6,58.31,316.45,Sports,0.15,69.0,0.43,0.22,2,Low,3,-1.1171344722753644,-1.0965807580843534,Budget-Conscious / New
CUST100610,42,Male,Tier 3,73244,0.6,10,6,56.96,360.9,Electronics,0.23,42.7,0.17,0.06,1,Low,1,-1.0119364603694168,0.4158439799928263,Mainstream Regulars
CUST100611,34,Female,Tier 2,44692,1.3,31,9,59.78,617.91,Groceries,0.51,70.0,0.21,0.06,0,Low,3,0.1232164034615835,-1.1277589671937494,Budget-Conscious / New
CUST100612,38,Female,Tier 2,24867,3.1,35,9,46.43,413.78,Electronics,0.17,63.6,0.19,0.27,0,Low,3,-0.5453477389956626,-2.2260545499307858,Budget-Conscious / New
CUST100613,22,Female,Tier 1,67411,0.5,15,5,99.2,529.28,Fashion,0.41,73.4,0.38,0.02,0,Medium,1,0.2777988909419975,0.8620312123167944,Mainstream Regulars
CUST100614,61,Male,Tier 2,84677,2.7,133,5,110.22,550.29,Electronics,0.41,60.8,0.21,0.35,1,Medium,0,0.5615274613436554,1.9048645577089889,At-Risk / Dormant
CUST100615,36,Female,Tier 1,68202,0.0,83,6,89.8,527.8,Beauty,0.86,60.5,0.44,0.07,0,Medium,1,-0.2333086369257487,1.114456338650843,Mainstream Regulars
CUST100616,36,Male,Tier 3,47158,1.2,57,4,26.86,104.55,Groceries,0.66,55.9,0.42,0.01,1,Medium,3,-2.209432788778009,-1.1921630079241003,Budget-Conscious / New
CUST100617,42,Female,Tier 2,59931,3.3,3,12,83.76,1006.51,Beauty,0.51,79.8,0.18,0.15,1,Low,2,2.3697326686416056,-0.8727880940749495,Champions (High-Value Loyal)
CUST100618,40,Female,Tier 1,65329,0.9,5,5,85.02,408.13,Home & Furniture,0.29,60.2,0.25,0.01,0,Medium,1,-0.3569133110753959,0.5850720046038107,Mainstream Regulars
CUST100619,37,Male,Tier 1,46535,1.8,30,10,62.62,672.93,Sports,0.31,66.3,0.23,0.22,0,Low,3,0.421514801430415,-1.0873168491692309,Budget-Conscious / New
CUST100620,26,Female,Tier 1,53535,0.5,7,6,38.66,258.0,Groceries,0.44,78.6,0.29,0.2,0,Low,3,-0.9074163146945692,-1.3435258258632354,Budget-Conscious / New
CUST100621,40,Male,Tier 2,71383,3.0,172,9,67.83,680.59,Groceries,0.16,69.6,0.14,0.01,0,Medium,0,0.7320328998941463,0.0267459163048305,At-Risk / Dormant
CUST100622,55,Female,Tier 1,83790,0.1,7,3,72.32,199.24,Groceries,0.35,53.6,0.21,0.15,0,Medium,1,-1.1495570511269355,1.18788619479007,Mainstream Regulars
CUST100623,49,Male,Tier 2,68625,4.2,30,8,46.96,420.3,Groceries,0.66,65.9,0.2,0.1,0,Low,3,0.2802277177868194,-1.118439507110149,Budget-Conscious / New
CUST100624,52,Male,Tier 1,58887,0.5,20,2,69.03,131.5,Beauty,0.08,53.0,0.3,0.17,1,Medium,3,-1.80899925912374,0.4501520671249098,Budget-Conscious / New
CUST100625,29,Female,Tier 2,54332,4.6,45,12,53.31,603.12,Groceries,0.18,50.2,0.25,0.14,1,Low,2,0.6637237088926355,-1.3709487084924863,Champions (High-Value Loyal)
CUST100626,24,Male,Tier 3,15000,1.0,6,4,71.88,307.08,Beauty,0.76,53.4,0.61,0.29,0,Medium,3,-1.7731167315367855,-1.0030097941607397,Budget-Conscious / New
CUST100627,33,Female,Tier 2,62412,2.8,25,6,69.48,392.45,Home & Furniture,0.54,78.7,0.58,0.01,0,Low,3,0.2224628802005796,-0.5996206079606484,Budget-Conscious / New
CUST100628,35,Male,Tier 2,85719,0.8,14,9,110.84,863.78,Electronics,0.54,57.6,0.34,0.11,0,Low,1,1.5093588454149016,1.67119616581288,Mainstream Regulars
CUST100629,47,Female,Tier 1,48265,5.2,98,9,36.68,317.6,Groceries,0.51,83.6,0.47,0.04,2,Medium,3,0.2316705608349215,-2.367159263202476,Budget-Conscious / New
CUST100630,18,Female,Tier 1,52653,0.3,1,2,55.93,119.29,Electronics,0.17,68.0,0.36,0.19,2,Medium,3,-1.7442560333342776,-0.3922921994421011,Budget-Conscious / New
CUST100631,51,Male,Tier 2,72323,0.4,110,8,81.72,619.82,Groceries,0.5,59.8,0.18,0.08,0,Medium,0,0.1475157421527654,0.9084053017872654,At-Risk / Dormant
CUST100632,33,Male,Tier 1,91751,1.5,80,4,82.84,344.24,Home & Furniture,0.23,56.7,0.23,0.15,0,Medium,1,-0.3526750641846951,1.5654831938931633,Mainstream Regulars
CUST100633,30,Male,Tier 1,59931,0.2,15,5,63.61,333.33,Sports,0.51,47.5,0.3,0.02,0,Medium,3,-1.2868550476065068,0.2692585938016544,Budget-Conscious / New
CUST100634,23,Male,Tier 1,52739,0.5,70,5,60.68,324.67,Electronics,0.27,49.8,0.34,0.1,2,Medium,3,-1.467642323366295,0.0654118438578736,Budget-Conscious / New
CUST100635,18,Male,Tier 1,27759,6.3,1,6,39.62,266.04,Electronics,0.77,79.2,0.34,0.08,0,Low,3,-0.2544118531344003,-3.036681694042223,Budget-Conscious / New
CUST100636,44,Female,Tier 1,75461,8.3,153,8,110.71,867.76,Electronics,0.12,43.3,0.4,0.05,2,Medium,0,1.879129459035063,0.952448447038577,At-Risk / Dormant
CUST100637,35,Female,Tier 3,91757,1.0,33,2,102.14,183.84,Fashion,0.18,63.4,0.17,0.07,0,Medium,1,-0.4656234103631102,1.9991137344133976,Mainstream Regulars
CUST100638,20,Female,Tier 1,68992,5.6,16,11,84.69,880.98,Beauty,0.57,53.9,0.63,0.18,0,Low,2,1.9484718746602243,-0.347090440958454,Champions (High-Value Loyal)
CUST100639,20,Female,Tier 2,53598,1.7,20,8,72.76,570.23,Beauty,0.34,49.6,0.38,0.23,0,Low,1,-0.1634028974438728,-0.1586915980092284,Mainstream Regulars
CUST100640,31,Female,Tier 1,74197,0.7,3,4,91.02,387.44,Home & Furniture,0.44,80.5,0.45,0.22,0,Medium,1,0.132530333169759,0.6934553078972533,Mainstream Regulars
CUST100641,53,Female,Tier 2,67000,2.7,204,8,74.59,509.56,Beauty,0.53,45.5,0.12,0.24,0,Medium,0,-0.3499680006486793,0.7597287706194467,At-Risk / Dormant
CUST100642,32,Male,Tier 1,54165,2.4,1,9,60.33,512.96,Fashion,0.41,61.4,0.37,0.02,2,Low,3,0.1646635493583388,-0.9636741417152448,Budget-Conscious / New
CUST100643,18,Female,Tier 3,63019,9.9,47,9,75.02,731.86,Electronics,0.23,79.7,0.6,0.18,2,Low,2,2.4852183567875725,-1.7466392521473264,Champions (High-Value Loyal)
CUST100644,32,Female,Tier 3,57863,0.7,26,8,85.57,719.65,Electronics,0.27,78.3,0.18,0.19,1,Low,1,0.7996941999243457,-0.0731451897281362,Mainstream Regulars
CUST100645,32,Female,Tier 1,69117,2.5,133,11,94.49,1111.65,Beauty,0.17,69.7,0.34,0.04,1,Medium,2,2.031593365887255,0.5083637793217141,Champions (High-Value Loyal)
CUST100646,18,Male,Tier 3,30643,0.1,12,4,41.93,183.41,Home & Furniture,0.57,50.0,0.34,0.12,0,Medium,3,-2.372641011057775,-1.109239006028739,Budget-Conscious / New
CUST100647,34,Male,Tier 3,78063,0.3,34,2,96.57,209.55,Home & Furniture,0.6,47.2,0.31,0.01,0,Medium,1,-1.2149264667561095,1.9101009559054845,Mainstream Regulars
CUST100648,32,Male,Tier 3,65764,0.0,29,5,71.88,379.04,Fashion,0.17,60.8,0.28,0.38,0,Medium,1,-0.765958097527409,0.4672717533393207,Mainstream Regulars
CUST100649,42,Female,Tier 3,47847,12.0,54,21,60.38,1245.03,Fashion,0.33,94.9,0.13,0.09,1,Low,2,5.261758859767599,-4.090933172464538,Champions (High-Value Loyal)
CUST100650,55,Female,Tier 1,96032,3.6,3,9,92.92,957.61,Sports,0.72,61.6,0.45,0.13,1,Low,2,2.192279598893099,0.9494759476230592,Champions (High-Value Loyal)
CUST100651,47,Male,Tier 2,55843,3.4,9,9,63.81,586.19,Electronics,0.41,69.1,0.2,0.15,0,Low,3,0.6925504150343869,-1.1065125302406265,Budget-Conscious / New
CUST100652,32,Female,Tier 1,54723,1.6,10,5,85.72,390.38,Home & Furniture,0.61,62.2,0.44,0.1,1,Medium,1,-0.386944197966846,0.1577017880822577,Mainstream Regulars
CUST100653,22,Male,Tier 1,51125,0.8,60,5,63.99,300.06,Fashion,0.27,69.4,0.48,0.07,0,Medium,3,-0.958839581152774,-0.3719067128799903,Budget-Conscious / New
CUST100654,63,Male,Tier 3,34320,0.4,9,4,50.63,214.28,Electronics,0.5,66.2,0.22,0.12,3,Medium,3,-1.7128523120898045,-1.1578430706663572,Budget-Conscious / New
CUST100655,35,Male,Tier 1,78487,0.7,38,6,63.7,430.9,Home & Furniture,0.5,40.1,0.36,0.02,0,Low,1,-0.829935820319402,0.8741048387015118,Mainstream Regulars
CUST100656,35,Female,Tier 2,27039,1.0,10,5,37.89,171.19,Fashion,0.77,56.4,0.75,0.08,3,Medium,3,-2.05416106714026,-1.6824493163469882,Budget-Conscious / New
CUST100657,34,Female,Tier 3,32488,3.1,89,10,43.45,380.06,Home & Furniture,0.12,50.0,0.33,0.16,1,Medium,3,-0.8153148238550818,-1.7313435466666514,Budget-Conscious / New
CUST100658,37,Male,Tier 3,18439,1.7,128,9,22.93,229.99,Home & Furniture,0.87,62.0,0.34,0.48,0,Medium,3,-1.741242117926706,-2.4881221468969645,Budget-Conscious / New
CUST100659,33,Female,Tier 3,52650,0.2,32,5,64.2,360.99,Groceries,0.69,67.9,0.26,0.05,0,Medium,3,-0.9104725531176272,-0.2726856491473103,Budget-Conscious / New
CUST100660,28,Male,Tier 1,64494,0.0,19,2,67.31,125.59,Home & Furniture,0.41,53.3,0.32,0.1,1,Medium,3,-1.830476367736304,0.63833136734207,Budget-Conscious / New
CUST100661,28,Female,Tier 1,61319,0.2,11,7,72.3,487.47,Groceries,0.55,59.7,0.14,0.2,0,Low,1,-0.3271652624536405,0.1354726067454233,Mainstream Regulars
CUST100662,34,Female,Tier 1,50833,1.2,2,4,64.18,269.06,Fashion,0.32,58.6,0.35,0.1,1,Medium,3,-1.2062716074842552,-0.3306469819253358,Budget-Conscious / New
CUST100663,29,Female,Tier 1,46499,6.0,14,7,44.41,295.01,Home & Furniture,0.57,65.1,0.33,0.06,0,Low,3,-0.1178619173917372,-2.084438952402408,Budget-Conscious / New
CUST100664,27,Male,Tier 1,75158,2.2,47,9,76.65,767.9,Groceries,0.19,55.6,0.17,0.1,1,Low,1,0.8584062712780426,0.3915486283221529,Mainstream Regulars
CUST100665,36,Female,Tier 1,60490,3.6,34,9,71.57,568.3,Electronics,0.44,50.0,0.14,0.04,0,Low,1,0.3743004484348134,-0.3506045745983575,Mainstream Regulars
CUST100666,32,Female,Tier 2,64494,1.4,129,1,91.51,78.83,Beauty,0.44,14.5,0.22,0.27,1,High,0,-2.627172149422602,2.2250943388211826,At-Risk / Dormant
CUST100667,51,Male,Tier 2,50465,1.0,22,6,65.9,360.82,Groceries,0.64,75.0,0.19,0.33,2,Low,3,-0.4576049149015377,-0.6790350665209897,Budget-Conscious / New
CUST100668,18,Female,Tier 1,66459,0.3,53,4,65.45,245.0,Beauty,0.29,58.7,0.38,0.23,1,Medium,3,-1.2471874990842833,0.4513139397524494,Budget-Conscious / New
CUST100669,47,Male,Tier 2,88259,4.6,30,9,99.53,791.75,Beauty,0.17,69.4,0.07,0.09,0,Low,2,2.182363941074931,0.6341258070602999,Champions (High-Value Loyal)
CUST100670,48,Female,Tier 1,85750,3.4,32,8,117.07,814.53,Fashion,0.73,78.0,0.15,0.17,1,Low,1,2.26054397209481,1.129949406108362,Mainstream Regulars
CUST100671,18,Male,Tier 1,55776,0.4,14,6,80.23,518.29,Groceries,0.49,45.5,0.5,0.08,0,Low,1,-0.7012797335190145,0.5282423151347315,Mainstream Regulars
CUST100672,31,Female,Tier 2,63029,1.6,27,4,80.74,290.43,Fashion,0.35,34.5,0.22,0.14,0,Medium,1,-1.306583122375044,0.940260531376869,Mainstream Regulars
CUST100673,30,Female,Tier 2,53668,1.5,28,4,75.61,340.0,Fashion,0.39,59.8,0.44,0.1,0,Medium,3,-0.8711109385477652,0.0641132372174085,Budget-Conscious / New
CUST100674,19,Male,Tier 2,53741,2.2,55,5,86.38,414.8,Beauty,0.68,58.0,0.17,0.04,2,Medium,1,-0.4456933307209015,0.2780278962318069,Mainstream Regulars
CUST100675,26,Male,Tier 1,60539,6.4,127,10,86.58,910.11,Home & Furniture,0.31,36.5,0.55,0.05,0,Medium,0,1.2397729161903976,0.1135964079015667,At-Risk / Dormant
CUST100676,22,Male,Tier 3,46841,1.9,17,7,67.54,433.83,Electronics,0.38,66.6,0.35,0.05,0,Low,3,-0.2634899101582457,-0.8071263189256535,Budget-Conscious / New
CUST100677,54,Male,Tier 2,71417,1.7,1,10,95.54,880.97,Groceries,0.38,65.1,0.36,0.07,0,Low,1,1.607692377935798,0.4517635244765754,Mainstream Regulars
CUST100678,45,Male,Tier 2,46119,0.1,30,7,42.21,302.09,Sports,0.44,51.3,0.29,0.06,0,Low,3,-1.5226228260729242,-0.8575100987548177,Budget-Conscious / New
CUST100679,48,Female,Tier 2,46914,0.1,35,3,36.56,111.68,Groceries,0.45,48.5,0.17,0.25,0,Medium,3,-2.527887976902001,-0.6078756567591641,Budget-Conscious / New
CUST100680,42,Male,Tier 3,32806,0.5,8,1,49.69,53.7,Home & Furniture,0.77,21.9,0.3,0.1,0,Medium,3,-3.441488292823737,-0.1388826863431234,Budget-Conscious / New
CUST100681,22,Male,Tier 2,25995,0.1,64,0,42.69,0.0,Home & Furniture,0.58,36.5,0.45,0.04,2,Medium,3,-3.7196683541707474,-0.4881813750082943,Budget-Conscious / New
CUST100682,29,Female,Tier 2,35688,3.0,188,5,41.58,218.55,Fashion,0.26,32.7,0.2,0.11,1,Medium,0,-2.3847578177499265,-0.6259568810537408,At-Risk / Dormant
CUST100683,40,Male,Tier 3,59870,2.8,131,6,82.28,486.15,Fashion,0.21,55.6,0.08,0.02,3,Medium,0,-0.2650570468683543,0.46662397988469,At-Risk / Dormant
CUST100684,21,Female,Tier 2,38329,0.3,9,4,24.0,107.25,Home & Furniture,0.19,55.2,0.27,0.08,1,Medium,3,-2.4502076573706084,-1.5074931177804496,Budget-Conscious / New
CUST100685,42,Female,Tier 1,82045,4.0,93,15,80.35,1249.57,Groceries,0.57,78.4,0.23,0.26,0,Medium,2,3.380671995080995,-0.3384855043159342,Champions (High-Value Loyal)
CUST100686,32,Female,Tier 2,59424,0.4,54,6,62.25,428.43,Groceries,0.41,26.0,0.4,0.09,1,Low,0,-1.5699619144067565,0.672136312226711,At-Risk / Dormant
CUST100687,30,Female,Tier 1,32566,0.8,27,4,22.59,99.02,Home & Furniture,0.31,45.2,0.36,0.09,0,Medium,3,-2.758860779306671,-1.5355310682571708,Budget-Conscious / New
CUST100688,42,Female,Tier 1,84589,0.6,35,4,112.91,389.9,Home & Furniture,0.63,61.2,0.18,0.05,0,Medium,1,0.0530404871978584,2.0543815065996305,Mainstream Regulars
CUST100689,39,Male,Tier 2,76194,1.0,85,7,63.11,417.99,Fashion,0.66,51.8,0.44,0.16,0,Medium,0,-0.533842629454022,0.5738462234470351,At-Risk / Dormant
CUST100690,31,Male,Tier 3,35510,0.6,29,7,40.77,291.54,Electronics,0.06,71.2,0.37,0.14,1,Low,3,-1.1736427329176582,-1.6818714868565832,Budget-Conscious / New
CUST100691,47,Male,Tier 3,67363,1.5,21,5,89.76,478.62,Fashion,0.19,36.2,0.45,0.2,0,Medium,1,-0.6370307356299785,1.2075409222536648,Mainstream Regulars
CUST100692,23,Female,Tier 1,49783,1.2,30,9,71.18,650.29,Groceries,0.47,73.8,0.45,0.29,1,Low,3,0.480641770754192,-0.747195053701818,Budget-Conscious / New
CUST100693,41,Male,Tier 2,64158,9.5,38,17,56.84,1049.22,Fashion,0.32,72.5,0.42,0.02,2,Low,2,3.6754657740687446,-2.609609144404293,Champions (High-Value Loyal)
CUST100694,41,Female,Tier 1,49639,0.1,9,3,71.6,200.79,Groceries,0.29,46.3,0.52,0.04,2,Medium,3,-1.8705820921012035,0.3446110016730409,Budget-Conscious / New
CUST100695,31,Female,Tier 3,21124,0.3,104,4,41.95,151.89,Electronics,0.34,59.5,0.58,0.1,2,Medium,3,-2.5188261551762388,-1.3184839835118425,Budget-Conscious / New
CUST100696,38,Female,Tier 3,49309,0.1,50,5,96.09,416.15,Groceries,0.58,68.9,0.37,0.03,0,Medium,1,-0.4848978836998401,0.5111877590436544,Mainstream Regulars
CUST100697,21,Female,Tier 2,52172,2.2,45,7,69.54,497.49,Fashion,0.63,71.9,0.41,0.13,2,Low,3,0.0657564753276921,-0.659254053397928,Budget-Conscious / New
CUST100698,45,Male,Tier 3,51841,0.1,4,6,61.08,387.22,Groceries,0.34,86.1,0.21,0.12,0,Low,3,-0.3147451251934196,-0.8894274960335374,Budget-Conscious / New
CUST100699,32,Female,Tier 2,37487,4.0,41,8,38.39,291.1,Fashion,0.5,77.1,0.15,0.04,0,Low,3,-0.3338096076717103,-2.4065701223210865,Budget-Conscious / New
CUST100700,29,Female,Tier 2,50401,1.6,5,4,50.84,210.29,Fashion,0.35,48.0,0.39,0.13,1,Medium,3,-1.6696256332658976,-0.539248218227152,Budget-Conscious / New
CUST100701,46,Male,Tier 1,79247,1.6,3,8,73.65,510.04,Beauty,0.23,67.4,0.37,0.15,2,Low,1,0.5898159862072512,0.1953979847181123,Mainstream Regulars
CUST100702,27,Male,Tier 2,55991,1.8,33,3,87.23,230.23,Electronics,0.46,48.4,0.37,0.08,0,Medium,1,-1.223678939883747,0.6868419124894141,Mainstream Regulars
CUST100703,19,Female,Tier 2,56885,0.4,23,6,67.67,430.59,Home & Furniture,0.17,84.0,0.5,0.06,1,Low,3,-0.1153677232236103,-0.5163373620804675,Budget-Conscious / New
CUST100704,18,Female,Tier 2,41137,0.5,39,6,62.76,361.66,Sports,0.51,71.4,0.11,0.16,0,Low,3,-0.8529417679651402,-0.8187872849303255,Budget-Conscious / New
CUST100705,41,Female,Tier 1,93490,0.8,4,11,120.62,1395.02,Groceries,0.64,69.3,0.45,0.39,0,Low,2,3.2020285303803098,1.80247542437805,Champions (High-Value Loyal)
CUST100706,20,Female,Tier 3,27828,2.0,25,6,8.0,52.78,Beauty,0.22,70.0,0.14,0.37,1,Low,3,-2.0334250623342904,-2.916495480201527,Budget-Conscious / New
CUST100707,54,Female,Tier 1,86376,0.5,8,4,111.16,491.68,Electronics,0.42,42.4,0.42,0.21,3,Medium,1,-0.172183118926373,2.3841373286094547,Mainstream Regulars
CUST100708,18,Male,Tier 2,74474,0.3,195,3,82.89,224.21,Groceries,0.55,39.5,0.11,0.06,0,Medium,0,-1.8202870425686484,2.037946922207168,At-Risk / Dormant
CUST100709,53,Male,Tier 2,75856,7.7,37,7,89.74,625.6,Fashion,0.62,49.0,0.39,0.14,0,Low,2,1.3552049418620076,0.0874859247256871,Champions (High-Value Loyal)
CUST100710,37,Male,Tier 2,57154,0.0,52,3,55.2,177.22,Electronics,0.58,30.5,0.76,0.13,0,Medium,3,-2.48662033329787,0.602805075153239,Budget-Conscious / New
CUST100711,33,Male,Tier 2,49690,3.6,17,12,50.08,650.36,Fashion,0.7,81.7,0.28,0.15,0,Low,2,1.2465310545820656,-2.131462341791647,Champions (High-Value Loyal)
CUST100712,29,Female,Tier 1,86249,3.4,4,11,99.21,1184.51,Fashion,0.32,82.5,0.21,0.04,1,Low,2,3.2198159861848112,0.3218236217905626,Champions (High-Value Loyal)
CUST100713,39,Female,Tier 1,45986,0.8,167,3,94.09,259.25,Groceries,0.38,44.8,0.48,0.09,0,Medium,0,-1.7935717255035826,1.239688685139013,At-Risk / Dormant
CUST100714,34,Female,Tier 2,42137,0.3,15,2,70.16,127.38,Sports,0.14,50.3,0.39,0.03,0,Medium,3,-2.152175194925828,0.0700758094021217,Budget-Conscious / New
CUST100715,47,Male,Tier 2,57643,0.3,24,6,87.02,536.22,Electronics,0.27,44.4,0.2,0.01,0,Low,1,-0.6175519619573007,0.8285058960973835,Mainstream Regulars
CUST100716,36,Female,Tier 1,92677,2.6,47,12,94.35,1214.09,Fashion,0.59,55.4,0.36,0.14,0,Low,2,2.579995571722791,1.1106960173837055,Champions (High-Value Loyal)
CUST100717,36,Female,Tier 2,67235,2.3,1,9,67.03,570.54,Fashion,0.3,56.3,0.33,0.19,1,Low,1,0.4175721698529117,-0.2902609844777628,Mainstream Regulars
CUST100718,31,Female,Tier 2,40975,3.4,74,7,42.43,261.79,Fashion,0.68,53.8,0.46,0.09,0,Medium,3,-1.1314410591860935,-1.457854788018617,Budget-Conscious / New
CUST100719,34,Female,Tier 2,54014,6.1,34,15,57.69,921.62,Home & Furniture,0.56,89.5,0.52,0.11,0,Low,2,2.8544958254644257,-2.527983863055984,Champions (High-Value Loyal)
CUST100720,38,Male,Tier 3,45142,2.6,14,5,26.83,126.09,Fashion,0.91,71.3,0.45,0.13,0,Medium,3,-1.3716192141517591,-2.002403630163425,Budget-Conscious / New
CUST100721,18,Male,Tier 1,50423,0.4,2,6,51.15,276.18,Electronics,0.29,42.0,0.38,0.03,1,Low,3,-1.621322296696149,-0.3786464552162119,Budget-Conscious / New
CUST100722,20,Male,Tier 1,81620,0.6,7,3,79.61,213.59,Home & Furniture,0.59,47.0,0.27,0.15,1,Medium,1,-1.131023151765358,1.3646979577915117,Mainstream Regulars
CUST100723,43,Male,Tier 2,38508,4.1,101,7,49.46,327.0,Beauty,0.55,45.3,0.66,0.27,2,Medium,0,-1.1063735655349902,-1.1973409401203272,At-Risk / Dormant
CUST100724,36,Male,Tier 2,89358,0.5,52,4,96.44,396.49,Groceries,0.37,22.4,0.32,0.04,0,Medium,1,-1.0373866093395427,2.6141886520412294,Mainstream Regulars
CUST100725,32,Female,Tier 2,73708,0.2,12,3,86.86,249.51,Groceries,0.26,61.6,0.38,0.05,1,Medium,1,-0.841553556343105,1.1201458468707393,Mainstream Regulars
CUST100726,35,Female,Tier 3,74635,2.7,3,9,81.97,631.64,Electronics,0.4,64.7,0.51,0.22,0,Low,1,1.0927180207245073,0.0876042636886741,Mainstream Regulars
CUST100727,38,Female,Tier 3,47867,1.1,52,6,51.17,269.89,Fashion,0.16,55.4,0.25,0.01,2,Low,3,-1.3468972904267995,-0.6767031412681647,Budget-Conscious / New
CUST100728,29,Female,Tier 3,49901,5.6,38,11,32.13,331.22,Fashion,0.48,84.4,0.4,0.26,1,Low,3,0.7165421706489922,-2.8714482175629787,Budget-Conscious / New
CUST100729,26,Male,Tier 2,30603,2.3,23,8,36.87,309.09,Fashion,0.43,64.8,0.38,0.02,0,Low,3,-0.9759270841374684,-2.172125916112619,Budget-Conscious / New
CUST100730,37,Female,Tier 2,51356,0.2,20,6,48.21,254.42,Sports,0.47,54.8,0.67,0.13,1,Low,3,-1.4566637982590291,-0.5967596539290446,Budget-Conscious / New
CUST100731,24,Male,Tier 1,74485,6.5,10,8,89.06,725.45,Groceries,0.37,71.9,0.17,0.05,0,Low,2,2.010950595192752,-0.3807420270257152,Champions (High-Value Loyal)
CUST100732,39,Male,Tier 1,94929,0.7,49,8,112.75,799.14,Electronics,0.31,73.8,0.11,0.23,0,Low,1,1.719392266978521,1.859321762959487,Mainstream Regulars
CUST100733,18,Male,Tier 2,33271,0.9,158,6,61.8,338.72,Fashion,0.36,49.8,0.31,0.1,1,Medium,0,-1.7210129908625915,-0.3314852730564013,At-Risk / Dormant
CUST100734,46,Male,Tier 1,67820,1.1,8,6,87.87,475.37,Fashion,0.16,69.5,0.31,0.11,0,Low,1,0.2139078431070448,0.4487772824989571,Mainstream Regulars
CUST100735,40,Male,Tier 3,54276,0.1,40,3,63.23,165.06,Groceries,0.55,50.3,0.09,0.35,0,Medium,3,-1.9407578490235773,0.2748204467139682,Budget-Conscious / New
CUST100736,37,Male,Tier 2,35675,1.5,24,4,41.9,176.21,Fashion,0.34,54.6,0.36,0.13,2,Medium,3,-1.98112450785557,-1.250674961060725,Budget-Conscious / New
CUST100737,45,Male,Tier 2,74644,0.3,26,4,71.0,280.88,Fashion,0.57,56.8,0.1,0.09,1,Medium,1,-0.9712570437509,0.7864406359714357,Mainstream Regulars
CUST100738,53,Female,Tier 1,64168,1.1,13,11,50.86,615.02,Groceries,0.31,61.7,0.27,0.07,1,Low,3,0.3972350490844035,-0.823962153425872,Budget-Conscious / New
CUST100739,46,Male,Tier 1,70882,1.0,78,4,93.95,330.58,Fashion,0.4,43.4,0.43,0.19,0,Medium,1,-0.950312900608841,1.5917617536930544,Mainstream Regulars
CUST100740,18,Male,Tier 1,55064,3.3,29,13,63.27,734.85,Electronics,0.2,89.6,0.13,0.04,0,Low,2,1.8886645953467187,-1.7791965070672608,Champions (High-Value Loyal)
CUST100741,20,Male,Tier 1,49791,3.6,35,5,42.8,201.57,Electronics,0.79,80.6,0.44,0.05,1,Medium,3,-0.6190882301333337,-1.7308118140842652,Budget-Conscious / New
CUST100742,28,Female,Tier 1,67073,0.4,16,6,63.5,411.39,Fashion,0.69,79.5,0.29,0.07,0,Low,1,-0.1305318227836212,-0.26721348882793,Mainstream Regulars
CUST100743,35,Male,Tier 2,56119,1.0,9,10,53.76,506.27,Electronics,0.52,53.2,0.35,0.12,0,Low,3,-0.215029934808545,-0.7418748309139676,Budget-Conscious / New
CUST100744,40,Male,Tier 3,50306,1.0,4,2,62.57,121.7,Fashion,0.66,36.6,0.42,0.07,0,Medium,3,-2.306487045554641,0.2322989838565458,Budget-Conscious / New
CUST100745,27,Male,Tier 3,38687,0.4,56,2,68.25,128.38,Home & Furniture,0.49,34.1,0.31,0.07,0,Medium,3,-2.679974717970574,0.3587880820035969,Budget-Conscious / New
CUST100746,37,Male,Tier 2,66551,3.5,9,10,70.24,613.94,Home & Furniture,0.31,70.7,0.41,0.12,1,Low,2,1.1856708089904795,-0.7620915987381688,Champions (High-Value Loyal)
CUST100747,26,Male,Tier 1,96165,2.7,52,9,66.35,675.87,Groceries,0.34,29.1,0.38,0.08,0,Low,1,0.3619751080070568,1.175757354746437,Mainstream Regulars
CUST100748,28,Male,Tier 3,54717,0.5,22,3,62.76,191.02,Beauty,0.36,46.7,0.46,0.11,1,Medium,3,-1.872746767571508,0.2292447256496736,Budget-Conscious / New
CUST100749,19,Male,Tier 3,66530,1.0,24,3,73.1,238.24,Fashion,0.27,70.5,0.07,0.08,1,Medium,1,-0.8350530857321273,0.2895237183446412,Mainstream Regulars
CUST100750,24,Male,Tier 1,40576,0.2,28,3,50.44,158.51,Beauty,0.26,65.0,0.54,0.07,1,Medium,3,-1.9507784515468976,-0.7934399141317143,Budget-Conscious / New
CUST100751,20,Male,Tier 2,56839,2.2,20,4,57.95,232.79,Fashion,0.59,49.9,0.33,0.21,1,Medium,3,-1.3213960844844403,-0.2580736085494891,Budget-Conscious / New
CUST100752,24,Female,Tier 1,45847,0.3,4,5,61.47,269.52,Fashion,0.27,54.4,0.18,0.05,0,Medium,3,-1.4397338060417344,-0.3880114313919077,Budget-Conscious / New
CUST100753,46,Female,Tier 3,32815,9.4,16,16,48.34,806.56,Fashion,0.22,87.2,0.14,0.07,1,Low,2,2.905686908913018,-4.028227053453974,Champions (High-Value Loyal)
CUST100754,24,Male,Tier 3,37291,3.3,49,12,50.7,545.5,Electronics,0.34,80.3,0.2,0.17,0,Low,3,0.7329215244485755,-2.309906620608011,Budget-Conscious / New
CUST100755,63,Male,Tier 1,102654,1.1,49,3,111.73,326.58,Sports,0.82,44.7,0.39,0.07,1,Medium,1,-0.2478900817952875,2.9047621092190448,Mainstream Regulars
CUST100756,40,Female,Tier 3,74100,1.9,15,4,75.3,312.87,Electronics,0.28,53.7,0.22,0.05,1,Medium,1,-0.6411080764856794,0.651293716447471,Mainstream Regulars
CUST100757,37,Male,Tier 2,65174,5.3,27,12,67.01,872.2,Fashion,0.74,64.5,0.51,0.24,0,Low,2,1.9500161203838573,-1.121354771944419,Champions (High-Value Loyal)
CUST100758,25,Male,Tier 3,23411,1.8,9,9,60.21,571.97,Fashion,0.07,51.1,0.14,0.09,0,Low,3,-0.5880778613102456,-1.5075794786691974,Budget-Conscious / New
CUST100759,42,Female,Tier 2,59266,0.4,10,7,77.78,572.48,Electronics,0.11,60.4,0.35,0.05,1,Low,1,-0.0949967314773356,0.1815256107048997,Mainstream Regulars
CUST100760,28,Male,Tier 3,57630,1.0,1,4,80.43,287.85,Electronics,0.78,54.3,0.47,0.13,1,Medium,1,-0.9861618422216416,0.3986929627752282,Mainstream Regulars
CUST100761,36,Male,Tier 1,73559,4.1,102,13,99.69,1236.15,Electronics,0.57,50.7,0.4,0.08,1,Medium,2,2.5545164212138576,0.6426287161910703,Champions (High-Value Loyal)
CUST100762,63,Male,Tier 1,48011,2.3,10,10,67.9,585.89,Fashion,0.82,76.8,0.3,0.01,1,Low,3,0.7475892083106229,-1.2790338328822075,Budget-Conscious / New
CUST100763,33,Female,Tier 1,53174,2.3,11,3,78.24,250.17,Beauty,0.66,60.7,0.24,0.14,1,Medium,3,-0.932897855246206,-0.0174795437707644,Budget-Conscious / New
CUST100764,47,Male,Tier 3,58646,4.4,14,7,45.18,359.2,Fashion,0.5,70.9,0.43,0.1,1,Low,3,0.046433152729701,-1.559832391023232,Budget-Conscious / New
CUST100765,27,Female,Tier 3,61453,4.9,6,8,74.27,552.11,Electronics,0.27,56.2,0.23,0.07,0,Low,1,0.6911788599120271,-0.5987349639790155,Mainstream Regulars
CUST100766,34,Female,Tier 3,15069,5.6,45,10,29.82,261.32,Groceries,0.77,41.7,0.29,0.42,1,Low,3,-1.1280071861155754,-2.981859026489663,Budget-Conscious / New
CUST100767,54,Male,Tier 3,59681,0.2,3,4,94.9,376.82,Sports,0.51,63.3,0.25,0.25,0,Medium,1,-0.5506099767518627,0.8009116171364578,Mainstream Regulars
CUST100768,28,Male,Tier 1,69774,1.7,6,3,92.06,305.73,Fashion,0.29,47.4,0.48,0.2,0,Medium,1,-0.8004661022493719,1.1687857810137583,Mainstream Regulars
CUST100769,54,Male,Tier 1,92893,3.0,46,11,87.95,982.53,Fashion,0.25,56.7,0.42,0.15,1,Low,2,2.083378185778072,0.9022917507745392,Champions (High-Value Loyal)
CUST100770,42,Male,Tier 1,85271,3.1,18,6,96.65,501.05,Sports,0.13,45.1,0.08,0.07,0,Low,1,0.4044329172650262,1.3678381884264823,Mainstream Regulars
CUST100771,28,Male,Tier 1,77686,2.1,55,7,87.25,697.65,Electronics,0.64,55.2,0.44,0.05,1,Low,1,0.6016159517073364,0.939228679278216,Mainstream Regulars
CUST100772,41,Female,Tier 1,58001,0.4,36,2,75.15,165.12,Groceries,0.13,69.3,0.08,0.06,0,Medium,3,-1.359499279530838,0.3288811518334646,Budget-Conscious / New
CUST100773,45,Female,Tier 2,29655,3.5,13,6,29.43,157.06,Fashion,0.79,54.6,0.34,0.05,1,Low,3,-1.6231228792437395,-2.274151562966352,Budget-Conscious / New
CUST100774,41,Female,Tier 1,65325,2.8,47,4,79.84,359.77,Sports,0.6,40.2,0.46,0.4,1,Medium,1,-0.871250505405063,0.7472176547390362,Mainstream Regulars
CUST100775,18,Male,Tier 1,81229,0.2,5,7,84.27,581.16,Sports,0.66,71.3,0.3,0.04,2,Low,1,0.5821905670142152,0.777132232976958,Mainstream Regulars
CUST100776,27,Female,Tier 1,91882,1.4,34,5,100.81,484.68,Beauty,0.48,58.7,0.08,0.11,1,Medium,1,0.3850071452621819,1.8015896466206904,Mainstream Regulars
CUST100777,32,Female,Tier 1,81589,0.4,25,4,77.13,304.92,Fashion,0.11,30.1,0.51,0.02,0,Medium,1,-1.3440101732229763,1.659408656281173,Mainstream Regulars
CUST100778,34,Female,Tier 3,62328,0.9,14,10,63.16,694.99,Fashion,0.42,76.5,0.49,0.4,0,Low,1,0.8305546110446611,-0.7243937092735158,Mainstream Regulars
CUST100779,41,Male,Tier 2,69233,0.0,41,2,95.3,199.72,Fashion,0.23,75.4,0.3,0.03,1,Medium,1,-0.7973500425241841,1.1318810043709375,Mainstream Regulars
CUST100780,36,Female,Tier 3,45389,1.1,92,10,42.05,364.9,Beauty,0.43,29.6,0.34,0.06,0,Medium,0,-1.4841739451380045,-0.6563200492526404,At-Risk / Dormant
CUST100781,20,Male,Tier 1,61658,1.8,306,4,56.72,258.03,Beauty,0.04,12.6,0.42,0.18,1,Medium,0,-2.783129501540336,1.564545843316273,At-Risk / Dormant
CUST100782,39,Male,Tier 1,101643,2.1,42,11,103.93,1022.43,Fashion,0.13,33.6,0.12,0.03,0,Low,1,1.8120445082529797,2.1645358548481504,Mainstream Regulars
CUST100783,41,Male,Tier 2,45433,2.4,23,4,46.28,198.76,Groceries,0.1,54.8,0.15,0.21,0,Medium,3,-1.5690641067379274,-1.0101745076037072,Budget-Conscious / New
CUST100784,41,Female,Tier 1,101466,4.0,11,12,91.28,1140.1,Electronics,0.59,84.8,0.27,0.03,0,Low,2,3.5643026224826384,0.3413814515690355,Champions (High-Value Loyal)
CUST100785,46,Female,Tier 1,68603,0.5,13,6,78.75,428.21,Fashion,0.53,62.0,0.82,0.03,2,Low,1,-0.2612766719151246,0.4933778189471765,Mainstream Regulars
CUST100786,44,Male,Tier 1,97457,0.3,29,3,78.64,212.62,Groceries,0.79,69.8,0.39,0.11,1,Medium,1,-0.4638990750790207,1.4564365916045146,Mainstream Regulars
CUST100787,40,Male,Tier 1,46677,4.2,20,8,43.78,389.15,Fashion,0.43,74.0,0.43,0.09,1,Low,3,0.0511619629165817,-2.0262385599825903,Budget-Conscious / New
CUST100788,34,Male,Tier 1,80146,0.4,110,6,117.6,688.6,Fashion,0.34,71.4,0.41,0.1,0,Medium,1,0.8502824932838282,1.9975346158866751,Mainstream Regulars
CUST100789,18,Male,Tier 1,49938,8.1,20,16,68.51,1146.99,Electronics,0.25,93.9,0.35,0.13,0,Low,2,3.9208461567256183,-2.8722897262763105,Champions (High-Value Loyal)
CUST100790,39,Male,Tier 2,36125,4.1,21,11,38.91,428.53,Beauty,0.33,65.1,0.09,0.08,0,Low,3,0.0742831700027137,-2.4981650413531,Budget-Conscious / New
CUST100791,37,Male,Tier 1,74733,1.5,21,5,88.55,472.95,Beauty,0.23,58.7,0.1,0.13,0,Medium,1,-0.0214157592818381,0.93750884523346,Mainstream Regulars
CUST100792,37,Female,Tier 1,88970,8.8,81,13,102.65,1326.14,Sports,0.11,57.5,0.41,0.2,0,Medium,2,4.004766925817672,0.2021473564816872,Champions (High-Value Loyal)
CUST100793,20,Male,Tier 3,33791,0.2,47,4,63.08,236.23,Home & Furniture,0.55,50.5,0.46,0.06,3,Medium,3,-2.004351676967936,-0.3844262036304103,Budget-Conscious / New
CUST100794,23,Male,Tier 1,38217,0.8,42,9,49.94,431.04,Groceries,0.31,64.5,0.29,0.22,0,Low,3,-0.6535830888078074,-1.3701407645485626,Budget-Conscious / New
CUST100795,46,Male,Tier 1,72746,2.2,18,5,95.27,527.66,Fashion,0.75,57.2,0.33,0.05,0,Medium,1,0.2185890511221916,0.9677408358055142,Mainstream Regulars
CUST100796,34,Female,Tier 3,53026,0.9,76,8,33.61,266.3,Sports,0.53,74.5,0.12,0.12,0,Medium,3,-0.8673914142856669,-1.4181799410576987,Budget-Conscious / New
CUST100797,42,Female,Tier 1,82669,5.8,1,11,73.05,734.47,Groceries,0.17,67.9,0.15,0.08,0,Low,2,2.1650199010562967,-0.6380869367209442,Champions (High-Value Loyal)
CUST100798,35,Female,Tier 1,87092,0.1,92,6,95.03,644.52,Home & Furniture,0.52,41.6,0.42,0.11,0,Medium,1,-0.1177920087221648,2.197628506243503,Mainstream Regulars
CUST100799,35,Male,Tier 2,58930,1.8,32,6,74.05,483.83,Home & Furniture,0.63,48.4,0.29,0.01,0,Low,1,-0.5179922374071406,0.2237858438218033,Mainstream Regulars
CUST100800,45,Female,Tier 1,107399,2.0,22,9,95.82,747.42,Beauty,0.72,73.7,0.47,0.01,2,Low,1,2.029378583028388,1.394382184374525,Mainstream Regulars
CUST100801,29,Male,Tier 2,61636,2.3,30,4,75.25,346.05,Electronics,0.46,38.2,0.37,0.42,1,Medium,1,-1.108990831455367,0.5900200891985468,Mainstream Regulars
CUST100802,36,Female,Tier 3,49164,0.6,49,6,51.61,327.77,Fashion,0.56,54.7,0.34,0.04,0,Low,3,-1.3226056346831234,-0.5321166705762346,Budget-Conscious / New
CUST100803,29,Female,Tier 1,38591,1.0,1,7,48.0,301.75,Groceries,0.34,79.8,0.15,0.27,0,Low,3,-0.6817000448914443,-1.7322792606160329,Budget-Conscious / New
CUST100804,30,Female,Tier 2,53272,4.1,92,8,79.76,587.77,Beauty,0.2,60.3,0.25,0.32,1,Medium,0,0.4617787085525773,-0.3655219496978765,At-Risk / Dormant
CUST100805,31,Female,Tier 2,52345,0.5,26,4,77.25,326.84,Home & Furniture,0.6,54.5,0.3,0.06,1,Medium,3,-1.1846878789450137,0.3294237971887323,Budget-Conscious / New
CUST100806,37,Female,Tier 1,88085,3.9,18,6,78.45,510.21,Fashion,0.39,59.8,0.31,0.13,0,Low,1,0.70485830652351,0.5592012593044053,Mainstream Regulars
CUST100807,29,Male,Tier 2,65924,1.8,6,5,59.08,272.27,Fashion,0.77,47.0,0.26,0.13,0,Medium,3,-1.06598570032866,0.0336983163504658,Budget-Conscious / New
CUST100808,48,Female,Tier 1,53971,3.2,26,5,58.81,272.61,Home & Furniture,0.79,47.1,0.41,0.11,1,Medium,3,-1.0559941330475242,-0.4835314367207123,Budget-Conscious / New
CUST100809,25,Male,Tier 2,59100,2.8,30,7,68.85,454.06,Home & Furniture,0.07,58.7,0.57,0.08,1,Low,3,-0.0756343852830111,-0.3683294104236033,Budget-Conscious / New
CUST100810,32,Female,Tier 1,80887,0.5,23,6,77.54,478.92,Groceries,0.48,63.0,0.23,0.17,0,Low,1,0.0011609061150813,0.8339525070482499,Mainstream Regulars
CUST100811,30,Male,Tier 2,85504,1.9,51,10,106.86,963.39,Fashion,0.23,76.3,0.71,0.11,1,Low,2,2.301278987480366,1.0601316251299495,Champions (High-Value Loyal)
CUST100812,50,Male,Tier 1,91975,4.5,24,16,101.86,1436.26,Sports,0.2,80.7,0.41,0.07,0,Low,2,4.556918321308937,0.0995460603237097,Champions (High-Value Loyal)
CUST100813,37,Male,Tier 3,69495,1.2,146,11,84.0,973.58,Groceries,0.26,73.6,0.18,0.19,0,Medium,0,1.510018280960878,0.4035010144701898,At-Risk / Dormant
CUST100814,46,Male,Tier 1,75481,7.5,41,18,63.9,1246.51,Beauty,0.19,100.0,0.15,0.09,1,Low,2,4.6961392891025975,-2.365986425831648,Champions (High-Value Loyal)
CUST100815,18,Male,Tier 1,70189,1.3,74,9,96.0,864.24,Electronics,0.25,70.1,0.57,0.36,0,Medium,1,1.315892193843212,0.7046986574907776,Mainstream Regulars
CUST100816,37,Female,Tier 2,83291,0.3,5,5,47.11,225.93,Fashion,0.26,74.2,0.1,0.08,1,Medium,3,-0.6499145194938887,-0.0838615489179285,Budget-Conscious / New
CUST100817,44,Male,Tier 2,39610,1.1,22,7,65.52,449.29,Beauty,0.88,49.9,0.31,0.02,0,Low,3,-0.918263699119414,-0.5830288571733152,Budget-Conscious / New
CUST100818,35,Male,Tier 2,53710,6.7,18,13,78.77,989.73,Electronics,0.75,60.4,0.3,0.13,0,Low,2,2.4225949324644462,-1.3873774019129703,Champions (High-Value Loyal)
CUST100819,46,Female,Tier 2,50493,0.8,37,2,55.59,126.52,Groceries,0.56,56.5,0.32,0.11,1,Medium,3,-2.0308121499640697,-0.2005242674553649,Budget-Conscious / New
CUST100820,29,Male,Tier 2,64424,4.5,88,7,92.78,701.69,Groceries,0.46,39.1,0.44,0.22,0,Medium,0,0.4413552704959223,0.7340736609148117,At-Risk / Dormant
CUST100821,50,Female,Tier 3,83143,4.7,3,10,88.34,806.04,Home & Furniture,0.3,66.2,0.18,0.36,1,Low,2,2.117611088073283,0.0827724099930403,Champions (High-Value Loyal)
CUST100822,60,Female,Tier 1,69254,0.9,3,5,78.65,379.59,Fashion,0.7,69.0,0.28,0.06,1,Medium,1,-0.2162713037732826,0.3474836437415493,Mainstream Regulars
CUST100823,31,Female,Tier 2,15374,0.2,85,3,37.9,115.2,Electronics,0.44,64.5,0.37,0.05,0,Medium,3,-2.721480024670825,-1.65321607096258,Budget-Conscious / New
CUST100824,30,Female,Tier 3,45580,2.8,10,5,105.78,546.83,Sports,0.4,55.9,0.36,0.1,0,Medium,1,0.0510286102776797,0.3653436943514213,Mainstream Regulars
CUST100825,50,Male,Tier 3,77442,0.8,49,9,104.7,933.31,Groceries,0.49,55.3,0.53,0.1,0,Low,1,1.2810979820844386,1.44510393843649,Mainstream Regulars
CUST100826,52,Female,Tier 3,71477,3.4,35,7,90.08,689.23,Electronics,0.68,64.3,0.17,0.05,0,Low,1,1.0086924773867108,0.3749102682769473,Mainstream Regulars
CUST100827,29,Male,Tier 1,75307,1.3,80,7,69.06,522.23,Electronics,0.37,43.1,0.42,0.13,1,Medium,0,-0.4386192642524327,0.8270799166431803,At-Risk / Dormant
CUST100828,30,Male,Tier 1,62960,1.5,6,6,74.62,448.41,Sports,0.17,59.3,0.26,0.1,1,Low,1,-0.2459917257348331,0.0973978540811596,Mainstream Regulars
CUST100829,31,Female,Tier 2,35377,3.3,6,9,37.28,371.2,Electronics,0.05,67.3,0.34,0.1,1,Low,3,-0.3855995425770573,-2.365027449410731,Budget-Conscious / New
CUST100830,20,Male,Tier 2,63275,1.1,36,6,85.06,548.8,Groceries,0.17,58.1,0.19,0.24,0,Low,1,-0.101838584300728,0.5749079280295633,Mainstream Regulars
CUST100831,24,Female,Tier 2,40582,1.3,131,4,55.93,242.42,Fashion,0.49,46.0,0.46,0.12,0,Medium,0,-2.0785740503520067,-0.1978072480037732,At-Risk / Dormant
CUST100832,23,Female,Tier 2,94513,1.0,24,6,81.89,558.61,Beauty,0.24,49.6,0.18,0.34,0,Low,1,0.1764862133688356,1.5372001066030372,Mainstream Regulars
CUST100833,26,Female,Tier 3,61669,1.0,17,5,72.61,337.61,Home & Furniture,0.51,49.6,0.43,0.13,0,Medium,1,-0.9499118702356628,0.3835330633406397,Mainstream Regulars
CUST100834,34,Female,Tier 1,59148,1.6,41,9,56.55,473.47,Groceries,0.57,54.9,0.42,0.1,0,Low,3,-0.2488335875954838,-0.5375801304011675,Budget-Conscious / New
CUST100835,37,Male,Tier 3,44795,3.6,119,5,59.6,332.77,Electronics,0.5,28.7,0.25,0.03,3,Medium,0,-1.6545054920341606,-0.1207564090865437,At-Risk / Dormant
CUST100836,52,Male,Tier 1,75127,1.0,81,1,69.72,75.41,Beauty,0.16,48.0,0.65,0.04,1,Medium,0,-1.9367197855816436,1.2162512623675263,At-Risk / Dormant
CUST100837,24,Female,Tier 1,61288,1.6,243,8,71.49,645.1,Fashion,0.23,52.4,0.4,0.1,1,Medium,0,-0.3749721552104028,0.7053799096943815,At-Risk / Dormant
CUST100838,45,Male,Tier 2,84103,2.4,1,5,101.34,440.29,Sports,0.78,69.5,0.23,0.29,0,Medium,1,0.6939766977122315,1.1016262077115029,Mainstream Regulars
CUST100839,32,Female,Tier 2,62155,0.7,5,4,71.0,294.88,Groceries,0.75,54.4,0.37,0.02,0,Medium,3,-1.0863349182412665,0.3475599245624867,Budget-Conscious / New
CUST100840,34,Female,Tier 1,56430,0.7,42,6,61.16,327.84,Home & Furniture,0.76,48.1,0.23,0.18,1,Low,3,-1.2026615893283967,0.0136375124973513,Budget-Conscious / New
CUST100841,42,Female,Tier 1,106827,6.0,77,11,112.07,1234.21,Electronics,0.61,73.2,0.42,0.03,2,Medium,2,3.871644759885998,1.238010135758124,Champions (High-Value Loyal)
CUST100842,22,Male,Tier 3,50687,2.8,15,6,72.7,391.15,Home & Furniture,0.72,68.2,0.49,0.24,0,Low,3,-0.1452548841607618,-0.6748433439292566,Budget-Conscious / New
CUST100843,39,Male,Tier 1,85439,1.9,12,5,74.59,331.34,Fashion,0.13,61.4,0.16,0.05,1,Medium,1,-0.1162054890293706,0.7145116685409809,Mainstream Regulars
CUST100844,36,Male,Tier 2,49451,2.3,69,11,65.12,611.49,Fashion,0.23,86.0,0.08,0.15,2,Medium,2,1.000090865213969,-1.3851991321650237,Champions (High-Value Loyal)
CUST100845,40,Male,Tier 2,68536,0.1,2,7,96.88,704.66,Electronics,0.49,63.5,0.1,0.11,0,Low,1,0.557556534851802,0.9203758568486,Mainstream Regulars
CUST100846,38,Female,Tier 2,66799,2.1,20,1,84.27,80.71,Electronics,0.2,46.9,0.55,0.07,2,Medium,1,-1.5688073974137349,1.000823214910374,Mainstream Regulars
CUST100847,62,Male,Tier 2,36786,1.6,31,5,51.52,227.09,Electronics,0.38,52.1,0.34,0.05,0,Medium,3,-1.6704883929348446,-0.9913206124724158,Budget-Conscious / New
CUST100848,27,Male,Tier 1,103074,1.7,36,10,115.49,1093.52,Fashion,0.27,47.7,0.33,0.21,1,Low,1,2.23696688153913,2.361904732581317,Mainstream Regulars
CUST100849,29,Male,Tier 2,80831,1.0,58,2,94.15,169.6,Beauty,0.71,56.1,0.29,0.05,2,Medium,1,-0.9918190993928834,1.7039578569378733,Mainstream Regulars
CUST100850,28,Female,Tier 1,60050,0.2,19,9,81.35,829.17,Fashion,0.36,64.8,0.2,0.03,0,Low,1,0.7101654480032803,0.1459828259703802,Mainstream Regulars
CUST100851,28,Female,Tier 2,37359,0.5,42,6,20.77,117.89,Home & Furniture,0.27,63.9,0.1,0.2,1,Low,3,-2.047426468628031,-1.884491790209448,Budget-Conscious / New
CUST100852,27,Male,Tier 1,73056,6.6,39,8,57.58,437.69,Electronics,0.78,84.2,0.63,0.17,0,Low,2,1.3427617877362774,-1.446839584966647,Champions (High-Value Loyal)
CUST100853,48,Male,Tier 2,66760,1.2,35,4,90.71,399.83,Groceries,0.2,49.8,0.14,0.19,0,Medium,1,-0.6673611915844149,1.106358830010398,Mainstream Regulars
CUST100854,50,Male,Tier 1,82402,1.4,46,10,66.09,690.2,Groceries,0.39,37.3,0.38,0.01,0,Low,1,0.2819154680478902,0.7253026010037585,Mainstream Regulars
CUST100855,28,Male,Tier 1,70648,0.1,13,3,84.9,270.76,Sports,0.64,60.5,0.41,0.07,2,Medium,1,-0.9262641010066084,1.0274606025771449,Mainstream Regulars
CUST100856,25,Female,Tier 1,75112,0.1,3,4,77.31,321.86,Beauty,0.17,59.7,0.23,0.02,0,Medium,1,-0.730441105160469,0.8707434141978347,Mainstream Regulars
CUST100857,40,Female,Tier 1,98051,2.8,5,10,86.77,983.85,Fashion,0.37,60.7,0.18,0.12,0,Low,2,2.1604303130578435,0.9265015674399872,Champions (High-Value Loyal)
CUST100858,28,Male,Tier 3,62425,1.7,11,9,77.27,634.3,Home & Furniture,0.15,71.7,0.34,0.12,0,Low,1,0.8140734002241016,-0.3321864544338828,Mainstream Regulars
CUST100859,41,Male,Tier 1,53506,1.6,31,4,67.6,310.07,Electronics,0.52,64.3,0.23,0.26,1,Medium,3,-0.912754357657816,-0.2474738411652541,Budget-Conscious / New
CUST100860,37,Female,Tier 3,80326,0.6,82,5,118.59,651.82,Groceries,0.61,40.4,0.18,0.08,2,Medium,1,0.0404154489693109,2.6022848189733114,Mainstream Regulars
CUST100861,18,Male,Tier 3,77731,3.0,54,7,75.4,541.89,Electronics,0.27,55.0,0.17,0.05,0,Low,1,0.3449558182332661,0.4640312254376762,Mainstream Regulars
CUST100862,52,Female,Tier 2,123537,0.4,70,2,144.55,303.18,Fashion,0.35,64.7,0.24,0.12,0,Medium,1,0.6374508470490542,4.204008831323192,Mainstream Regulars
CUST100863,54,Male,Tier 1,57377,0.5,19,6,73.1,458.18,Fashion,0.6,51.4,0.13,0.04,0,Low,1,-0.7244933259574778,0.2629333683248434,Mainstream Regulars
CUST100864,28,Male,Tier 1,71571,1.4,23,11,69.73,665.41,Home & Furniture,0.27,70.5,0.06,0.2,0,Low,1,1.081375751234834,-0.3134880278537531,Mainstream Regulars
CUST100865,30,Male,Tier 2,20522,0.7,22,3,49.09,134.81,Groceries,0.2,22.3,0.07,0.24,0,Medium,3,-3.2195223253281635,-0.6546660479039762,Budget-Conscious / New
CUST100866,38,Male,Tier 1,81156,0.6,9,5,96.12,547.13,Home & Furniture,0.51,41.3,0.32,0.09,1,Medium,1,-0.2343429162909995,1.7845356477770806,Mainstream Regulars
CUST100867,38,Female,Tier 1,61332,2.3,2,11,71.65,796.28,Groceries,0.42,73.7,0.07,0.13,1,Low,2,1.4355898494677557,-0.8128345325062427,Champions (High-Value Loyal)
CUST100868,42,Male,Tier 2,97422,2.3,40,6,105.18,608.05,Electronics,0.29,72.7,0.07,0.13,0,Low,1,1.3404001255273277,1.6018534647199152,Mainstream Regulars
CUST100869,57,Male,Tier 3,49856,3.8,203,4,52.59,226.9,Home & Furniture,0.57,21.4,0.52,0.05,0,Medium,0,-2.297864493037168,0.2875000653842656,At-Risk / Dormant
CUST100870,33,Male,Tier 2,28794,1.2,8,4,31.61,127.37,Beauty,0.45,58.1,0.19,0.15,0,Medium,3,-2.2412845653428866,-1.7904980385669422,Budget-Conscious / New
CUST100871,26,Male,Tier 1,57917,0.2,2,5,79.66,340.13,Beauty,0.48,55.3,0.31,0.03,0,Medium,1,-0.8852327338407681,0.4273088023779371,Mainstream Regulars
CUST100872,19,Male,Tier 2,18041,0.7,68,1,31.68,33.93,Groceries,0.57,56.6,0.49,0.1,1,Medium,3,-3.232485933201241,-1.5618792184829866,Budget-Conscious / New
CUST100873,26,Male,Tier 1,79919,8.6,13,14,85.4,1278.89,Home & Furniture,0.34,62.1,0.19,0.06,1,Low,2,3.9163244844226432,-0.8631795530466163,Champions (High-Value Loyal)
CUST100874,34,Female,Tier 1,32428,2.0,79,9,51.22,414.67,Home & Furniture,0.41,65.3,0.47,0.11,2,Medium,3,-0.6085402853731784,-1.6016790829025822,Budget-Conscious / New
CUST100875,54,Male,Tier 3,63112,2.7,54,6,76.57,522.36,Electronics,0.39,48.8,0.31,0.1,3,Low,1,-0.2380111308545077,0.3283631033460745,Mainstream Regulars
CUST100876,29,Male,Tier 1,30199,0.0,131,2,23.73,43.53,Electronics,0.33,43.6,0.37,0.17,0,High,0,-3.552897402050724,-0.926227993927932,At-Risk / Dormant
CUST100877,37,Female,Tier 1,65034,1.6,23,5,93.49,461.52,Electronics,0.34,58.5,0.53,0.09,2,Medium,1,-0.1196809412370725,0.7785573033687264,Mainstream Regulars
CUST100878,34,Male,Tier 1,99180,0.1,48,7,104.47,646.77,Fashion,0.58,56.2,0.24,0.34,1,Low,1,0.7768833028709389,2.2725551372043307,Mainstream Regulars
CUST100879,48,Female,Tier 3,66691,1.9,28,10,72.54,747.88,Groceries,0.38,72.9,0.41,0.15,0,Low,1,1.1691298444710447,-0.3983009853577584,Mainstream Regulars
CUST100880,62,Male,Tier 2,55257,5.6,44,11,72.51,767.81,Sports,0.19,68.1,0.03,0.6,1,Low,2,1.6554211050018817,-1.266120934321181,Champions (High-Value Loyal)
CUST100881,29,Female,Tier 2,57038,7.6,26,13,71.08,883.34,Fashion,0.12,71.8,0.05,0.18,1,Low,2,2.604218807663568,-1.8568279516015775,Champions (High-Value Loyal)
CUST100882,29,Female,Tier 2,57924,1.7,9,5,79.78,438.03,Home & Furniture,0.16,54.8,0.37,0.04,0,Medium,1,-0.4899518451378206,0.2332356047465204,Mainstream Regulars
CUST100883,46,Female,Tier 1,82907,1.3,31,9,97.16,745.78,Home & Furniture,0.14,65.8,0.21,0.15,0,Low,1,1.332135521636316,1.0284851829746409,Mainstream Regulars
CUST100884,42,Female,Tier 2,38196,6.4,33,20,62.6,1363.91,Electronics,0.75,89.4,0.35,0.17,1,Low,2,4.139016506541351,-3.245689219482626,Champions (High-Value Loyal)
CUST100885,55,Male,Tier 1,88666,2.5,74,9,114.15,1049.37,Electronics,0.52,48.7,0.17,0.01,0,Medium,1,1.859876532605653,1.9597270897847492,Mainstream Regulars
CUST100886,41,Female,Tier 1,23720,0.1,59,5,53.02,303.76,Groceries,0.36,49.9,0.38,0.11,2,Medium,3,-2.1046577752809696,-0.9356955166931972,Budget-Conscious / New
CUST100887,31,Male,Tier 2,47062,1.4,49,5,56.81,291.67,Home & Furniture,0.75,42.4,0.59,0.14,0,Medium,3,-1.6327761404044696,-0.2678294022910672,Budget-Conscious / New
CUST100888,41,Male,Tier 3,48611,0.6,5,3,43.67,113.54,Sports,0.54,55.0,0.29,0.05,0,Medium,3,-2.100259731231861,-0.6831600401227508,Budget-Conscious / New
CUST100889,47,Male,Tier 1,86199,1.4,57,2,116.85,202.2,Fashion,0.15,41.2,0.29,0.16,1,Medium,1,-0.8293218713448249,2.673117860632542,Mainstream Regulars
CUST100890,44,Female,Tier 1,74007,1.3,31,6,78.11,522.53,Beauty,0.15,68.1,0.29,0.19,1,Low,1,0.2116354554847904,0.4513989677530803,Mainstream Regulars
CUST100891,40,Male,Tier 1,46699,1.9,101,6,51.82,342.75,Fashion,0.33,60.0,0.17,0.05,0,Medium,0,-1.098427912708903,-0.749550605901803,At-Risk / Dormant
CUST100892,46,Female,Tier 1,56670,1.0,113,3,41.17,117.8,Home & Furniture,0.31,33.6,0.24,0.15,0,Medium,0,-2.6639870917007498,0.1861900208928346,At-Risk / Dormant
CUST100893,47,Female,Tier 3,63376,0.4,2,9,77.89,725.83,Groceries,0.44,67.8,0.11,0.06,0,Low,1,0.6898355767518316,-0.0111637356019515,Mainstream Regulars
CUST100894,50,Female,Tier 2,64576,1.5,77,6,76.05,454.88,Electronics,0.59,62.0,0.69,0.17,0,Medium,1,-0.2829553802153213,0.3514561344356235,Mainstream Regulars
CUST100895,42,Female,Tier 2,52375,3.9,1,14,40.92,653.17,Electronics,0.35,75.8,0.4,0.17,1,Low,2,1.3998395290978554,-2.436781168910603,Champions (High-Value Loyal)
CUST100896,33,Male,Tier 2,50544,2.4,20,6,68.92,469.34,Electronics,0.89,51.3,0.44,0.25,0,Low,3,-0.5439874884757198,-0.3440663263535949,Budget-Conscious / New
CUST100897,36,Male,Tier 1,82931,0.9,35,2,81.64,186.98,Fashion,0.52,37.4,0.34,0.04,0,Medium,1,-1.4986603392115454,1.7634370759520028,Mainstream Regulars
CUST100898,48,Male,Tier 2,55881,6.0,7,6,106.92,712.05,Home & Furniture,0.49,71.6,0.72,0.1,1,Low,2,1.56604898121001,-0.2132166030838375,Champions (High-Value Loyal)
CUST100899,26,Male,Tier 1,64814,5.4,61,11,65.47,808.65,Electronics,0.37,76.7,0.06,0.06,3,Medium,2,1.9087205349224816,-1.251352004769662,Champions (High-Value Loyal)
CUST100900,39,Male,Tier 2,100658,0.5,1,7,97.35,623.65,Groceries,0.64,61.4,0.15,0.21,0,Low,1,0.9615482187211424,1.8109620370454893,Mainstream Regulars
CUST100901,30,Male,Tier 3,27373,0.1,8,3,29.69,97.91,Fashion,0.43,64.4,0.49,0.2,0,Medium,3,-2.5204031640265216,-1.7476733601612109,Budget-Conscious / New
CUST100902,35,Male,Tier 2,26666,3.0,39,10,61.39,652.37,Beauty,0.24,30.5,0.51,0.24,0,Low,3,-0.5879128977896715,-1.144748651478466,Budget-Conscious / New
CUST100903,49,Female,Tier 1,89704,3.9,56,7,89.16,710.77,Beauty,0.42,74.3,0.28,0.06,0,Low,1,1.5937951513428743,0.6611969813635092,Mainstream Regulars
CUST100904,37,Female,Tier 3,43584,7.6,111,13,45.45,603.48,Home & Furniture,0.5,63.0,0.62,0.04,1,Medium,2,1.2049401472116568,-2.50171575355883,Champions (High-Value Loyal)
CUST100905,35,Male,Tier 1,64271,4.9,55,4,84.16,294.75,Groceries,0.3,54.2,0.37,0.13,1,Medium,1,-0.2634767954757267,0.218447369517633,Mainstream Regulars
CUST100906,20,Female,Tier 1,49939,2.0,50,8,40.91,336.84,Fashion,0.26,57.2,0.71,0.16,0,Low,3,-0.8598526167959307,-1.22476839266014,Budget-Conscious / New
CUST100907,43,Male,Tier 1,68523,1.7,22,3,86.48,273.96,Beauty,0.39,70.5,0.48,0.02,0,Medium,1,-0.4423903454726746,0.5742665669748394,Mainstream Regulars
CUST100908,42,Male,Tier 1,101573,0.1,1,3,131.37,361.04,Electronics,0.43,43.2,0.37,0.02,1,Medium,1,-0.052952671434608,3.4252023813782784,Mainstream Regulars
CUST100909,58,Female,Tier 2,83638,0.6,5,4,98.2,380.32,Fashion,0.5,75.2,0.27,0.09,2,Medium,1,0.2196875464022642,1.2747487734680336,Mainstream Regulars
CUST100910,31,Male,Tier 2,73920,1.4,34,14,91.17,1314.1,Electronics,0.6,79.4,0.48,0.15,0,Low,2,3.062328797359236,0.0202454692592147,Champions (High-Value Loyal)
CUST100911,37,Male,Tier 3,30307,2.2,50,6,58.31,336.65,Home & Furniture,0.41,64.5,0.14,0.11,1,Low,3,-1.0133137783619828,-1.3531373319634863,Budget-Conscious / New
CUST100912,37,Female,Tier 2,40079,1.8,24,5,79.04,380.37,Home & Furniture,0.33,53.6,0.2,0.2,0,Medium,3,-0.9192153922649005,-0.251100627982915,Budget-Conscious / New
CUST100913,52,Female,Tier 2,15696,3.0,59,7,51.23,319.14,Groceries,0.49,42.4,0.29,0.16,0,Low,3,-1.6232156077499846,-1.7002816269564776,Budget-Conscious / New
CUST100914,33,Female,Tier 1,54631,0.7,33,13,72.12,1061.53,Fashion,0.26,83.9,0.53,0.31,1,Low,2,1.9395614627634183,-0.9573283705319678,Champions (High-Value Loyal)
CUST100915,38,Female,Tier 1,88420,1.8,3,7,107.24,807.09,Electronics,0.16,67.4,0.38,0.14,2,Low,1,1.5600026298196394,1.4185656698796687,Mainstream Regulars
CUST100916,41,Female,Tier 2,71705,0.2,9,4,66.47,226.1,Beauty,0.29,73.4,0.45,0.19,0,Medium,1,-0.7604505519680358,0.2086373027948469,Mainstream Regulars
CUST100917,37,Male,Tier 1,66812,1.2,82,3,87.32,282.83,Groceries,0.34,45.5,0.46,0.07,1,Medium,0,-1.244277256258481,1.318379283501535,At-Risk / Dormant
CUST100918,30,Male,Tier 3,52598,3.1,58,9,48.75,470.31,Fashion,0.38,57.2,0.52,0.1,1,Low,3,-0.1835481978808346,-1.163474052228092,Budget-Conscious / New
CUST100919,37,Male,Tier 1,58400,2.6,101,5,63.16,269.35,Groceries,0.33,66.6,0.33,0.11,1,Medium,0,-0.7471688143116263,-0.3000596814496317,At-Risk / Dormant
CUST100920,46,Male,Tier 1,78085,10.3,5,14,38.83,522.35,Electronics,0.45,100.0,0.42,0.18,1,Low,2,3.2314450682763862,-3.2961298595676127,Champions (High-Value Loyal)
CUST100921,23,Female,Tier 1,78985,0.7,208,9,91.84,853.03,Electronics,0.41,47.3,0.38,0.1,0,Medium,0,0.4535507644849995,1.8238805256068693,At-Risk / Dormant
CUST100922,36,Male,Tier 1,41314,1.5,10,5,44.77,220.68,Fashion,0.31,50.0,0.52,0.02,0,Medium,3,-1.7191540262340268,-1.0437274816609945,Budget-Conscious / New
CUST100923,27,Female,Tier 1,72193,0.9,1,6,96.83,629.43,Fashion,0.14,71.6,0.25,0.1,0,Low,1,0.6826972222593262,0.7981583921483169,Mainstream Regulars
CUST100924,48,Female,Tier 2,81983,1.3,268,4,94.17,368.26,Fashion,0.1,28.2,0.18,0.25,0,Medium,0,-1.4271658500624564,2.774809455797688,At-Risk / Dormant
CUST100925,18,Female,Tier 1,55728,4.3,14,10,83.3,746.5,Beauty,0.15,75.8,0.07,0.04,1,Low,2,1.650868712758309,-0.9319782590817712,Champions (High-Value Loyal)
CUST100926,28,Female,Tier 2,69812,2.5,49,4,61.92,283.08,Groceries,0.29,50.0,0.27,0.13,1,Medium,3,-0.9906162564796792,0.2635599887128254,Budget-Conscious / New
CUST100927,39,Female,Tier 1,122263,4.7,8,16,137.46,2029.16,Groceries,0.22,100.0,0.19,0.05,0,Low,2,6.99447024827609,1.5095324988655303,Champions (High-Value Loyal)
CUST100928,52,Male,Tier 1,74921,0.5,39,7,114.02,850.26,Home & Furniture,0.35,51.7,0.32,0.23,0,Low,1,0.8366525045890415,1.8532384342099677,Mainstream Regulars
CUST100929,34,Female,Tier 1,76679,4.5,105,10,95.36,851.51,Sports,0.17,65.3,0.09,0.19,0,Medium,2,1.9043475624047177,0.4578373594207542,Champions (High-Value Loyal)
CUST100930,28,Male,Tier 3,38914,0.1,17,6,64.28,365.9,Electronics,0.28,54.4,0.09,0.04,0,Low,3,-1.2787572422881743,-0.5073702461144336,Budget-Conscious / New
CUST100931,55,Female,Tier 1,81262,4.8,49,8,90.26,709.52,Beauty,0.13,57.7,0.13,0.09,0,Low,1,1.3965261506895357,0.526232490256212,Mainstream Regulars
CUST100932,19,Male,Tier 2,61884,0.9,9,2,63.7,115.64,Groceries,0.17,48.2,0.62,0.02,0,Medium,3,-1.8764389160268813,0.3921862488632749,Budget-Conscious / New
CUST100933,18,Female,Tier 1,66707,0.8,44,6,87.01,514.22,Electronics,0.5,66.5,0.26,0.14,0,Low,1,0.0478785395964307,0.6240421935469136,Mainstream Regulars
CUST100934,39,Female,Tier 2,43245,1.6,18,3,33.45,90.03,Fashion,0.55,65.2,0.34,0.04,0,Medium,3,-1.9754888306925575,-1.4288829732820691,Budget-Conscious / New
CUST100935,29,Male,Tier 1,71314,6.2,10,18,73.16,1340.19,Groceries,0.2,91.7,0.5,0.14,0,Low,2,4.55420834907651,-1.9512979343798995,Champions (High-Value Loyal)
CUST100936,23,Male,Tier 2,81519,0.1,16,7,61.37,450.69,Home & Furniture,0.27,61.1,0.32,0.34,1,Low,1,-0.2082735422759033,0.4314291555711187,Mainstream Regulars
CUST100937,42,Female,Tier 2,70875,1.0,8,4,68.51,238.07,Fashion,0.38,58.9,0.33,0.11,0,Medium,1,-0.9238874917336404,0.394186467242817,Mainstream Regulars
CUST100938,37,Male,Tier 3,73115,4.3,104,14,90.56,1409.0,Groceries,0.72,78.4,0.2,0.01,0,Medium,2,3.5242703250998155,-0.2370435736979274,Champions (High-Value Loyal)
CUST100939,28,Female,Tier 1,62933,1.1,22,6,80.03,434.82,Home & Furniture,0.35,71.0,0.57,0.04,0,Low,1,-0.0287835849291087,0.1155266385587223,Mainstream Regulars
CUST100940,20,Female,Tier 1,77498,0.5,12,3,85.35,234.95,Fashion,0.18,22.5,0.18,0.05,1,Medium,1,-1.684696758418568,1.9184150437396283,Mainstream Regulars
CUST100941,44,Male,Tier 1,78626,1.2,26,9,88.08,831.09,Beauty,0.64,62.1,0.22,0.11,0,Low,1,1.191201063965583,0.7622010369864923,Mainstream Regulars
CUST100942,42,Male,Tier 3,40683,1.1,17,4,25.61,101.48,Beauty,0.13,53.6,0.35,0.2,1,Medium,3,-2.3169745112113698,-1.473850083080108,Budget-Conscious / New
CUST100943,33,Male,Tier 2,64933,5.4,61,7,68.52,479.55,Groceries,0.35,65.9,0.45,0.05,0,Medium,1,0.6055554532773383,-0.6776798222002751,Mainstream Regulars
CUST100944,55,Female,Tier 2,50149,3.2,159,6,51.57,274.9,Sports,0.71,45.3,0.3,0.05,0,Medium,0,-1.4015155873819996,-0.4055036341851243,At-Risk / Dormant
CUST100945,23,Male,Tier 1,53808,1.5,25,5,54.95,299.95,Electronics,0.15,66.1,0.14,0.03,0,Medium,3,-0.9151133515866142,-0.6860626078597887,Budget-Conscious / New
CUST100946,18,Male,Tier 1,66607,9.8,88,11,84.5,962.14,Electronics,0.35,50.3,0.2,0.12,0,Medium,2,2.529360197841912,-0.7960508243280323,Champions (High-Value Loyal)
CUST100947,27,Male,Tier 1,72150,1.4,37,7,67.22,419.07,Fashion,0.34,63.4,0.27,0.04,1,Low,1,-0.0970647355663741,0.1151795819888077,Mainstream Regulars
CUST100948,34,Female,Tier 3,33193,0.1,7,2,38.59,74.26,Groceries,0.85,64.1,0.42,0.15,1,Medium,3,-2.493219824864777,-1.2713049577733004,Budget-Conscious / New
CUST100949,37,Female,Tier 2,79771,0.7,52,2,55.17,120.62,Groceries,0.52,31.1,0.21,0.02,1,Medium,0,-2.225597660151751,1.19587034020033,At-Risk / Dormant
CUST100950,32,Female,Tier 3,64096,1.3,32,7,69.0,492.9,Groceries,0.6,91.0,0.9,0.12,1,Low,1,0.5567439872846055,-0.6072904527168413,Mainstream Regulars
CUST100951,38,Male,Tier 1,58514,0.4,47,2,52.44,92.57,Electronics,0.5,63.6,0.63,0.03,0,Medium,3,-1.9270139544535476,-0.1020042952549431,Budget-Conscious / New
CUST100952,21,Female,Tier 2,26723,6.5,99,9,43.46,376.21,Electronics,0.59,58.1,0.32,0.0,2,Medium,3,-0.2940197449662728,-2.5010713787899217,Budget-Conscious / New
CUST100953,50,Female,Tier 2,63391,3.2,26,6,58.56,324.24,Beauty,0.34,49.5,0.16,0.05,0,Low,3,-0.6312149934594057,-0.3426370839724669,Budget-Conscious / New
CUST100954,34,Female,Tier 1,61573,0.7,104,3,72.88,219.79,Beauty,0.51,43.5,0.16,0.43,1,Medium,0,-1.8023986591012544,0.9792272843273782,At-Risk / Dormant
CUST100955,47,Female,Tier 3,61836,2.0,62,6,69.36,459.03,Home & Furniture,0.17,56.8,0.59,0.19,1,Medium,1,-0.4095331775329349,0.0768540926786128,Mainstream Regulars
CUST100956,38,Male,Tier 3,49663,2.8,30,20,86.47,1696.33,Groceries,0.08,92.3,0.38,0.19,1,Low,2,4.627886208438075,-1.7273695462317746,Champions (High-Value Loyal)
CUST100957,40,Male,Tier 3,20865,6.2,41,11,44.85,483.48,Groceries,0.86,85.9,0.16,0.05,0,Low,3,0.8074263026181506,-3.469494867676482,Budget-Conscious / New
CUST100958,41,Female,Tier 2,55409,4.7,17,7,38.58,302.9,Electronics,0.75,56.6,0.48,0.17,0,Low,3,-0.4717145637466353,-1.585387262892655,Budget-Conscious / New
CUST100959,39,Male,Tier 1,66098,1.6,184,6,56.11,344.35,Fashion,0.69,50.4,0.18,0.05,0,Medium,0,-1.189584840731451,0.4181731808326976,At-Risk / Dormant
CUST100960,42,Female,Tier 1,84205,3.3,49,4,91.0,371.23,Home & Furniture,0.5,37.6,0.2,0.06,0,Medium,1,-0.3848608469360192,1.5514196231819837,Mainstream Regulars
CUST100961,49,Female,Tier 3,48032,1.8,2,3,46.08,128.37,Groceries,0.86,50.8,0.48,0.17,1,Medium,3,-1.936254584205821,-0.7578606228397972,Budget-Conscious / New
CUST100962,37,Male,Tier 1,101016,1.8,17,12,59.65,738.93,Electronics,0.41,76.8,0.26,0.17,0,Low,2,1.901814789601604,-0.0101320914951275,Champions (High-Value Loyal)
CUST100963,42,Female,Tier 2,28390,0.3,43,4,63.9,261.42,Sports,0.83,62.0,0.63,0.15,0,Medium,3,-1.743527463267508,-0.7721673044078746,Budget-Conscious / New
CUST100964,34,Male,Tier 2,83201,0.3,2,4,100.14,388.16,Beauty,0.58,48.8,0.49,0.07,1,Medium,1,-0.4096631746406723,1.8797278372197617,Mainstream Regulars
CUST100965,50,Male,Tier 2,61962,1.7,1,8,79.45,729.17,Fashion,0.62,60.6,0.36,0.46,3,Low,1,0.6147686598329607,-0.0006777089403536,Mainstream Regulars
CUST100966,27,Female,Tier 3,67272,0.7,26,5,66.95,373.1,Groceries,0.42,74.9,0.11,0.12,1,Medium,1,-0.3602408670944872,-0.0224227829766814,Mainstream Regulars
CUST100967,54,Female,Tier 1,79036,0.0,18,7,92.28,694.33,Sports,0.63,76.1,0.28,0.09,1,Low,1,0.8871631202804839,0.9166604949848476,Mainstream Regulars
CUST100968,34,Male,Tier 1,90111,2.8,25,10,84.53,854.77,Electronics,0.18,70.0,0.16,0.03,1,Low,2,1.9675623151478576,0.4977595196279578,Champions (High-Value Loyal)
CUST100969,19,Male,Tier 1,56627,0.1,13,6,70.26,416.76,Groceries,0.62,33.9,0.28,0.07,0,Low,3,-1.3058550730049,0.5575626407475941,Budget-Conscious / New
CUST100970,36,Female,Tier 1,50624,2.0,8,8,48.38,350.45,Fashion,0.58,95.3,0.47,0.06,0,Low,3,0.2516440792702925,-1.9042025620826724,Budget-Conscious / New
CUST100971,27,Female,Tier 1,92369,1.7,52,2,119.72,225.49,Fashion,0.73,48.6,0.36,0.02,0,Medium,1,-0.4203522256385392,2.7144845647319777,Mainstream Regulars
CUST100972,44,Female,Tier 1,71557,7.6,32,12,56.08,728.27,Beauty,0.62,67.0,0.24,0.04,2,Low,2,2.1179674353546325,-1.6541009071924702,Champions (High-Value Loyal)
CUST100973,27,Male,Tier 3,55788,1.5,10,4,84.97,335.16,Fashion,0.46,50.7,0.23,0.18,0,Medium,1,-0.8946402972423281,0.4885210096933137,Mainstream Regulars
CUST100974,30,Male,Tier 3,75225,0.1,17,5,83.27,464.1,Electronics,0.57,62.8,0.17,0.11,0,Medium,1,-0.2367530457267655,0.9499018226700138,Mainstream Regulars
CUST100975,18,Male,Tier 1,44624,1.8,40,6,49.84,267.45,Electronics,0.4,62.6,0.19,0.11,0,Low,3,-1.1041242430997336,-1.1002276000821665,Budget-Conscious / New
CUST100976,30,Female,Tier 1,78718,4.0,3,10,88.1,883.21,Electronics,0.29,81.1,0.34,0.33,0,Low,2,2.39637615371191,-0.2195326850467368,Champions (High-Value Loyal)
CUST100977,18,Male,Tier 3,37581,12.0,7,16,62.32,1041.08,Fashion,0.37,70.2,0.43,0.02,1,Low,2,3.623997092489087,-3.609656378530669,Champions (High-Value Loyal)
CUST100978,18,Male,Tier 1,60820,1.2,3,9,91.18,824.77,Home & Furniture,0.22,64.0,0.2,0.09,2,Low,1,1.0350128823998734,0.2206604303566994,Mainstream Regulars
CUST100979,43,Female,Tier 1,74501,0.8,75,6,86.78,581.48,Electronics,0.43,78.9,0.44,0.27,1,Medium,1,0.4992853846252727,0.7028356778027006,Mainstream Regulars
CUST100980,43,Male,Tier 1,46196,5.2,62,10,45.14,517.7,Groceries,0.56,66.5,0.3,0.26,0,Medium,3,0.4567473844771655,-2.031328457690685,Budget-Conscious / New
CUST100981,39,Female,Tier 2,47580,0.5,62,6,60.48,321.06,Home & Furniture,0.13,53.7,0.52,0.08,1,Medium,3,-1.3103865509031716,-0.2739797585793646,Budget-Conscious / New
CUST100982,24,Female,Tier 1,89919,2.1,56,8,122.18,868.93,Fashion,0.54,49.1,0.41,0.31,0,Low,1,1.531102535264606,2.254729631035733,Mainstream Regulars
CUST100983,34,Female,Tier 3,70551,1.1,49,5,99.01,440.15,Groceries,0.27,61.2,0.33,0.22,0,Medium,1,-0.075110394340824,1.1843193266617766,Mainstream Regulars
CUST100984,34,Male,Tier 1,68472,0.1,29,8,90.69,764.95,Home & Furniture,0.56,75.5,0.39,0.05,1,Low,1,0.9329960330737048,0.5328502697478908,Mainstream Regulars
CUST100985,22,Male,Tier 2,59176,0.9,46,5,81.25,390.73,Fashion,0.43,65.9,0.45,0.31,1,Medium,1,-0.4889826014720612,0.3251347948159303,Mainstream Regulars
CUST100986,51,Female,Tier 1,71103,0.7,1,4,89.74,384.09,Fashion,0.48,54.8,0.24,0.18,1,Medium,1,-0.5334109873269445,1.078055757506266,Mainstream Regulars
CUST100987,44,Female,Tier 2,88018,2.5,43,14,110.73,1506.26,Groceries,0.08,78.0,0.6,0.09,1,Low,2,3.9964285205153023,0.8330262900079582,Champions (High-Value Loyal)
CUST100988,32,Female,Tier 2,55193,6.5,67,9,59.14,552.64,Sports,0.33,81.4,0.16,0.25,2,Medium,2,1.2642671835821695,-1.821006803505291,Champions (High-Value Loyal)
CUST100989,35,Male,Tier 2,64173,0.7,31,11,53.15,631.98,Fashion,0.45,81.8,0.39,0.14,0,Low,3,0.8150635164798119,-1.0409961568865125,Budget-Conscious / New
CUST100990,37,Female,Tier 2,81428,3.7,19,12,88.89,1082.11,Fashion,0.56,62.7,0.41,0.29,0,Low,2,2.5366966080921065,0.212476704344139,Champions (High-Value Loyal)
CUST100991,18,Female,Tier 2,39207,0.1,14,4,40.41,163.56,Fashion,0.42,26.0,0.46,0.07,0,Medium,3,-2.8536475560487258,-0.4213319100735031,Budget-Conscious / New
CUST100992,32,Female,Tier 3,81858,1.7,46,10,72.39,634.48,Electronics,0.52,69.0,0.14,0.15,0,Low,1,1.0565189712553789,0.180075773572027,Mainstream Regulars
CUST100993,27,Female,Tier 3,24251,0.2,53,6,29.4,171.68,Groceries,0.07,66.3,0.68,0.1,1,Low,3,-2.0726854418640266,-1.9933826419561949,Budget-Conscious / New
CUST100994,23,Female,Tier 2,84533,6.0,92,12,127.72,1553.69,Fashion,0.35,51.7,0.18,0.03,1,Medium,2,3.853520717091663,1.448168527427244,Champions (High-Value Loyal)
CUST100995,31,Female,Tier 1,61691,3.2,18,12,73.45,871.35,Electronics,0.75,72.1,0.46,0.07,0,Low,2,1.810792682067164,-0.8919592585522096,Champions (High-Value Loyal)
CUST100996,54,Male,Tier 1,73231,2.4,66,8,86.45,774.75,Fashion,0.46,56.2,0.38,0.07,4,Medium,1,0.8370217547572907,0.6868158904809457,Mainstream Regulars
CUST100997,42,Male,Tier 1,38779,3.8,37,6,33.98,228.75,Electronics,0.28,59.6,0.43,0.17,3,Low,3,-1.1853888392322494,-1.9577175504547957,Budget-Conscious / New
CUST100998,28,Male,Tier 2,49013,2.3,96,7,33.19,254.77,Fashion,0.44,47.9,0.3,0.05,1,Medium,0,-1.5146280227159197,-1.0983421594845426,At-Risk / Dormant
CUST100999,41,Male,Tier 1,53683,7.6,33,17,52.45,858.29,Electronics,0.34,96.2,0.12,0.02,0,Low,2,3.3732525798030712,-3.2310943451451446,Champions (High-Value Loyal)
CUST101000,50,Male,Tier 1,65062,2.8,32,6,95.79,612.21,Electronics,0.52,60.6,0.46,0.02,0,Low,1,0.5341042620042661,0.5704167225417716,Mainstream Regulars
CUST101001,45,Male,Tier 3,56528,5.7,38,11,72.12,768.4,Beauty,0.6,57.7,0.33,0.37,1,Low,2,1.4593583116974596,-1.0674616398234809,Champions (High-Value Loyal)
CUST101002,35,Male,Tier 3,72240,1.6,62,4,89.18,328.1,Beauty,0.48,62.8,0.34,0.05,1,Medium,1,-0.4046652138288972,0.9720909024019132,Mainstream Regulars
CUST101003,27,Male,Tier 3,55536,0.3,150,6,77.36,442.28,Electronics,0.47,31.8,0.09,0.15,0,Medium,0,-1.5006427273842888,1.153823281574547,At-Risk / Dormant
CUST101004,42,Female,Tier 1,78338,1.7,3,7,76.41,466.03,Groceries,0.3,79.1,0.68,0.14,0,Low,1,0.6911457622006848,0.065860645385797,Mainstream Regulars
CUST101005,39,Female,Tier 2,41880,0.3,2,5,75.72,359.49,Fashion,0.29,71.7,0.15,0.13,0,Medium,3,-0.7594013340635111,-0.4727984451340282,Budget-Conscious / New
CUST101006,44,Male,Tier 1,57746,2.0,124,3,58.63,173.82,Groceries,0.49,60.3,0.2,0.06,1,Medium,0,-1.5526244327010177,0.01173193224028,At-Risk / Dormant
CUST101007,41,Female,Tier 1,104777,1.4,33,10,128.41,1459.56,Fashion,0.18,64.8,0.32,0.12,0,Low,2,3.3858941502488737,2.501746999975801,Champions (High-Value Loyal)
CUST101008,46,Female,Tier 1,61166,2.1,42,6,77.61,439.59,Fashion,0.36,51.8,0.39,0.08,0,Low,1,-0.3983767948008014,0.2860396967271035,Mainstream Regulars
CUST101009,29,Male,Tier 1,97411,0.0,29,5,74.34,416.58,Home & Furniture,0.6,58.1,0.5,0.12,0,Medium,1,-0.2350559334563587,1.4958984622438445,Mainstream Regulars
CUST101010,49,Male,Tier 1,71224,0.5,4,4,68.13,250.35,Electronics,0.81,56.6,0.2,0.11,1,Medium,1,-1.0350479286419911,0.5117381415633556,Mainstream Regulars
CUST101011,37,Male,Tier 3,55841,1.5,65,6,39.76,216.44,Electronics,0.65,47.7,0.73,0.26,0,Medium,3,-1.5974677727486977,-0.6207891545521724,Budget-Conscious / New
CUST101012,57,Female,Tier 1,98066,6.6,61,13,119.17,1558.04,Home & Furniture,0.65,63.3,0.28,0.5,0,Medium,2,4.542571993755013,1.1064387138870628,Champions (High-Value Loyal)
CUST101013,27,Female,Tier 2,79694,1.1,16,3,86.04,271.48,Groceries,0.09,50.0,0.39,0.04,1,Medium,1,-0.8447181098174832,1.3706338480627005,Mainstream Regulars
CUST101014,54,Male,Tier 2,65605,1.2,16,11,41.25,391.72,Groceries,0.55,56.4,0.24,0.14,0,Low,3,-0.1847458784504762,-0.967804089153428,Budget-Conscious / New
CUST101015,37,Male,Tier 1,63811,2.8,81,8,78.81,577.72,Fashion,0.52,66.0,0.59,0.16,2,Medium,1,0.5303744343415296,-0.0253613092052505,Mainstream Regulars
CUST101016,27,Male,Tier 2,55793,2.0,3,6,58.44,345.98,Groceries,0.28,61.1,0.21,0.24,0,Low,3,-0.6051566836748189,-0.6667270754227859,Budget-Conscious / New
CUST101017,29,Male,Tier 1,73683,0.8,95,8,59.15,449.21,Fashion,0.4,52.8,0.26,0.05,0,Medium,0,-0.4691331119300075,0.3671829753961535,At-Risk / Dormant
CUST101018,31,Male,Tier 2,74443,1.2,13,3,107.21,342.15,Fashion,0.49,41.4,0.51,0.08,1,Medium,1,-0.7088834571501698,1.9203650898717717,Mainstream Regulars
CUST101019,39,Male,Tier 1,71676,0.5,40,1,81.34,81.61,Groceries,0.25,34.1,0.54,0.1,0,Medium,1,-2.1488831499008496,1.646207554401593,Mainstream Regulars
CUST101020,40,Female,Tier 1,83139,7.4,123,11,84.88,838.55,Groceries,0.69,82.9,0.46,0.09,0,Medium,2,2.8602551817430637,-0.4807719684848439,Champions (High-Value Loyal)
CUST101021,28,Female,Tier 1,96690,0.3,51,7,94.58,740.41,Home & Furniture,0.56,51.4,0.32,0.13,2,Low,1,0.676159327979289,2.036170393858112,Mainstream Regulars
CUST101022,34,Male,Tier 2,66463,1.0,24,7,52.69,345.92,Home & Furniture,0.38,68.9,0.31,0.23,0,Low,3,-0.4114336651980128,-0.5172441571385938,Budget-Conscious / New
CUST101023,58,Female,Tier 3,69809,0.1,52,5,58.61,313.37,Fashion,0.65,56.8,0.54,0.31,1,Medium,3,-1.1108354319459306,0.3679694844027744,Budget-Conscious / New
CUST101024,54,Male,Tier 1,50259,0.6,18,8,81.16,703.8,Fashion,0.34,30.9,0.55,0.19,0,Low,1,-0.5093730633647887,0.5305744868849431,Mainstream Regulars
CUST101025,39,Male,Tier 2,15000,3.3,14,10,25.39,289.18,Fashion,0.45,90.1,0.19,0.18,1,Low,3,-0.345806710255212,-3.779106439267888,Budget-Conscious / New
CUST101026,35,Male,Tier 2,66990,0.5,256,4,76.16,304.5,Groceries,0.17,40.6,0.08,0.1,0,Medium,0,-1.8300297532049383,1.719623774693402,At-Risk / Dormant
CUST101027,36,Female,Tier 3,53693,0.2,62,5,34.08,176.32,Fashion,0.62,44.6,0.15,0.1,1,Medium,3,-2.2024853769850115,-0.4860052703857777,Budget-Conscious / New
CUST101028,41,Female,Tier 3,48133,1.4,46,5,40.34,191.71,Beauty,0.06,55.1,0.5,0.12,1,Medium,3,-1.694365960028576,-0.9388020133748248,Budget-Conscious / New
CUST101029,23,Female,Tier 2,59583,0.0,19,4,78.8,332.05,Home & Furniture,0.58,42.3,0.31,0.12,2,Medium,1,-1.397266947891863,0.8803885278098487,Mainstream Regulars
CUST101030,32,Male,Tier 2,57712,0.2,2,6,73.76,437.7,Beauty,0.28,83.7,0.22,0.2,0,Low,1,-0.0060930619125802,-0.362943197952672,Mainstream Regulars
CUST101031,18,Female,Tier 3,68500,3.6,1,3,103.38,304.34,Home & Furniture,0.36,45.0,0.21,0.06,0,Medium,1,-0.3882808253607689,1.1427554673323632,Mainstream Regulars
CUST101032,39,Male,Tier 1,73149,3.2,36,4,101.1,447.53,Sports,0.05,48.1,0.6,0.07,1,Medium,1,-0.0455864174783623,1.2725725897775195,Mainstream Regulars
CUST101033,42,Female,Tier 1,59355,5.4,64,10,66.0,570.93,Groceries,0.16,54.8,0.52,0.07,1,Medium,2,0.7850293730777199,-0.9045334297093136,Champions (High-Value Loyal)
CUST101034,29,Male,Tier 1,85422,4.2,34,6,98.28,657.25,Sports,0.56,59.6,0.35,0.25,0,Low,1,1.1777517155242971,1.0210519225666932,Mainstream Regulars
CUST101035,52,Male,Tier 3,57891,2.5,82,10,63.49,701.96,Electronics,0.25,78.2,0.44,0.02,0,Medium,2,0.9453575254147656,-0.9233948105973993,Champions (High-Value Loyal)
CUST101036,21,Female,Tier 3,58877,0.1,1,4,99.89,400.32,Electronics,0.44,79.4,0.4,0.27,0,Medium,1,-0.0966811066050284,0.5985434002176423,Mainstream Regulars
CUST101037,18,Female,Tier 1,54606,3.4,20,10,82.74,824.97,Groceries,0.21,63.2,0.22,0.06,2,Low,2,1.2908986230045838,-0.5473539011767061,Champions (High-Value Loyal)
CUST101038,37,Male,Tier 2,49103,4.1,12,5,63.46,304.15,Sports,0.6,63.3,0.41,0.17,1,Medium,3,-0.4554371885225863,-1.0133002978305947,Budget-Conscious / New
CUST101039,46,Female,Tier 2,65915,3.5,26,12,77.94,1073.94,Fashion,0.7,72.4,0.31,0.21,2,Low,2,2.3096100368723627,-0.6519121224471638,Champions (High-Value Loyal)
CUST101040,53,Male,Tier 1,77430,1.6,3,7,106.2,656.68,Electronics,0.7,51.9,0.58,0.17,0,Low,1,0.7307995623562304,1.3942336159305448,Mainstream Regulars
CUST101041,29,Female,Tier 3,61236,0.6,138,5,79.72,409.39,Groceries,0.22,75.3,0.33,0.14,2,Medium,0,-0.4798878971000041,0.4998592481270472,At-Risk / Dormant
CUST101042,46,Female,Tier 1,69564,4.1,11,16,101.35,1709.98,Groceries,0.6,97.3,0.42,0.24,2,Low,2,4.989279538584862,-0.8152736631442673,Champions (High-Value Loyal)
CUST101043,34,Female,Tier 1,36545,2.9,114,5,17.55,99.18,Fashion,0.76,50.9,0.33,0.07,1,Medium,3,-2.315649399994447,-1.8173115125061337,Budget-Conscious / New
CUST101044,33,Female,Tier 2,51410,8.7,24,16,69.76,1209.99,Home & Furniture,0.19,98.6,0.33,0.05,0,Low,2,4.268613643331954,-2.967062395571097,Champions (High-Value Loyal)
CUST101045,44,Female,Tier 2,77888,0.4,190,4,77.18,322.04,Sports,0.29,53.5,0.44,0.03,1,Medium,0,-1.1884045941184511,1.611298086088194,At-Risk / Dormant
CUST101046,42,Male,Tier 1,67447,0.6,36,4,102.55,363.04,Beauty,0.38,55.4,0.34,0.11,0,Medium,1,-0.5359851818728028,1.412909707305194,Mainstream Regulars
CUST101047,18,Female,Tier 2,48765,0.5,120,3,83.83,241.96,Fashion,0.41,47.9,0.51,0.21,1,Medium,0,-1.7908518958490875,0.8925053914348194,At-Risk / Dormant
CUST101048,51,Male,Tier 2,84154,3.5,1,10,90.62,808.02,Fashion,0.21,88.0,0.42,0.15,2,Low,2,2.471037919144327,-0.0741299397514636,Champions (High-Value Loyal)
CUST101049,50,Male,Tier 1,63184,0.5,62,7,95.69,746.43,Fashion,0.36,46.4,0.39,0.25,0,Medium,1,0.0655284440966718,1.2086969009082973,Mainstream Regulars
CUST101050,28,Male,Tier 1,39429,0.2,105,8,79.6,684.49,Fashion,0.34,75.6,0.31,0.07,1,Medium,0,0.0499656971013492,-0.3743509632300507,At-Risk / Dormant
CUST101051,39,Male,Tier 2,58708,12.0,6,13,70.04,980.87,Electronics,0.19,72.7,0.35,0.18,0,Low,2,3.6050298365077458,-2.62158698508386,Champions (High-Value Loyal)
CUST101052,40,Female,Tier 1,63284,0.1,4,5,109.82,574.18,Home & Furniture,0.56,77.9,0.44,0.04,2,Medium,1,0.4857782574168552,0.9646596444886668,Mainstream Regulars
CUST101053,37,Male,Tier 3,38407,4.0,24,9,51.54,464.84,Fashion,0.2,65.5,0.15,0.23,1,Low,3,0.0441469261669957,-1.9193168442712247,Budget-Conscious / New
CUST101054,28,Female,Tier 3,49043,1.0,122,1,57.65,51.6,Beauty,0.31,43.9,0.23,0.09,0,High,0,-2.7322769099069006,0.3679204252475722,At-Risk / Dormant
CUST101055,27,Male,Tier 3,60647,4.1,35,4,83.53,317.05,Sports,0.34,54.1,0.12,0.11,1,Medium,1,-0.3902482720396227,0.1724224242254831,Mainstream Regulars
CUST101056,34,Male,Tier 1,69432,1.8,33,6,72.55,387.88,Electronics,0.43,52.3,0.4,0.21,0,Low,1,-0.439996808987421,0.395007911888255,Mainstream Regulars
CUST101057,47,Male,Tier 3,65325,5.1,6,16,75.72,1293.27,Sports,0.22,78.2,0.23,0.05,2,Low,2,3.641879640785108,-1.4618796955976834,Champions (High-Value Loyal)
CUST101058,40,Male,Tier 1,104641,5.7,1,4,128.34,461.03,Home & Furniture,0.36,74.4,0.19,0.02,1,Medium,1,1.9576298395723657,1.828682148583773,Mainstream Regulars
CUST101059,30,Male,Tier 1,61828,0.0,74,3,71.81,228.49,Groceries,0.44,20.8,0.3,0.03,0,Medium,0,-2.3835206088912657,1.4336107196374277,At-Risk / Dormant
CUST101060,43,Female,Tier 1,78210,0.2,4,3,59.75,189.59,Fashion,0.45,40.7,0.15,0.16,0,Medium,1,-1.6964068435397175,0.9361361632086505,Mainstream Regulars
CUST101061,18,Male,Tier 1,54034,0.6,45,4,70.54,278.72,Groceries,0.17,44.8,0.12,0.26,0,Medium,3,-1.575522289872503,0.4348355674425808,Budget-Conscious / New
CUST101062,47,Female,Tier 2,49565,2.4,110,8,50.86,362.35,Fashion,0.17,42.1,0.2,0.06,0,Medium,0,-1.1059395374744858,-0.551287429740142,At-Risk / Dormant
CUST101063,18,Male,Tier 2,42671,4.8,10,7,68.54,453.12,Groceries,0.37,81.1,0.21,0.15,1,Low,3,0.5722793479578115,-1.6843379381395445,Budget-Conscious / New
CUST101064,31,Male,Tier 1,59782,1.4,49,5,80.26,379.64,Electronics,0.6,70.2,0.39,0.16,0,Medium,1,-0.3301005234670135,0.1569495570441252,Mainstream Regulars
CUST101065,22,Female,Tier 2,61270,2.1,3,7,93.13,691.1,Groceries,0.24,70.8,0.1,0.16,1,Low,1,0.8863567166717392,0.1438007396093568,Mainstream Regulars
CUST101066,20,Male,Tier 1,106283,0.5,41,7,122.18,756.15,Fashion,0.17,52.2,0.3,0.09,1,Low,1,1.2934657359379755,2.9400332084493868,Mainstream Regulars
CUST101067,47,Male,Tier 2,51911,3.6,8,6,79.61,524.81,Electronics,0.47,77.2,0.12,0.1,0,Low,1,0.5478522277411928,-0.7731017669541667,Mainstream Regulars
CUST101068,29,Male,Tier 1,60100,7.5,59,10,60.05,647.52,Groceries,0.52,45.0,0.56,0.23,1,Low,2,0.9905218821844636,-1.1872289747475036,Champions (High-Value Loyal)
CUST101069,38,Male,Tier 3,55063,0.7,16,11,77.95,776.76,Groceries,0.57,96.1,0.24,0.09,0,Low,2,1.6016140718612752,-0.9745810922305952,Champions (High-Value Loyal)
CUST101070,34,Female,Tier 3,61724,1.5,28,8,100.96,860.78,Fashion,0.34,55.0,0.22,0.12,0,Low,1,0.886259718327964,0.7953987530656625,Mainstream Regulars
CUST101071,40,Male,Tier 2,66743,0.2,41,5,65.29,342.95,Electronics,0.09,52.8,0.5,0.01,0,Medium,1,-1.0744981430726432,0.4850758182049539,Mainstream Regulars
CUST101072,35,Female,Tier 1,93113,1.8,8,5,124.59,669.32,Beauty,0.28,54.0,0.12,0.06,1,Medium,1,1.0371934461848056,2.4232692088771763,Mainstream Regulars
CUST101073,20,Female,Tier 1,20324,1.5,60,7,28.7,182.15,Groceries,0.09,45.1,0.36,0.08,1,Low,3,-2.2715586239960093,-1.972936172557652,Budget-Conscious / New
CUST101074,45,Male,Tier 3,16035,0.3,16,1,20.58,18.47,Electronics,0.35,73.5,0.6,0.07,0,Medium,3,-2.9982737419477905,-2.3418986241747963,Budget-Conscious / New
CUST101075,29,Female,Tier 1,58674,1.3,48,4,73.34,270.17,Groceries,0.38,62.7,0.29,0.2,2,Medium,3,-0.9469292601529812,0.1754407501147707,Budget-Conscious / New
CUST101076,18,Male,Tier 1,82951,0.9,7,5,99.86,479.21,Groceries,0.48,73.9,0.19,0.13,0,Medium,1,0.5487759022338219,1.2143255272451878,Mainstream Regulars
CUST101077,30,Female,Tier 1,39818,1.6,52,6,66.86,436.5,Electronics,0.32,42.1,0.15,0.41,0,Low,3,-1.2175340833942483,-0.2935867253410554,Budget-Conscious / New
CUST101078,51,Male,Tier 2,15000,1.9,6,7,18.07,135.52,Groceries,0.65,65.6,0.4,0.13,0,Low,3,-1.9072791918593528,-3.050366874075225,Budget-Conscious / New
CUST101079,44,Female,Tier 2,73881,0.0,24,3,88.09,298.0,Beauty,0.74,59.9,0.32,0.27,0,Medium,1,-0.8438547134022487,1.2693264787656475,Mainstream Regulars
CUST101080,31,Male,Tier 3,57785,3.1,12,6,57.87,301.24,Home & Furniture,0.56,64.0,0.09,0.08,0,Low,3,-0.4153383107589731,-0.8416567514263631,Budget-Conscious / New
CUST101081,31,Male,Tier 1,48776,2.7,62,6,38.31,196.18,Electronics,0.43,41.9,0.33,0.16,1,Medium,3,-1.6815947232720485,-0.9539203052595304,Budget-Conscious / New
CUST101082,31,Female,Tier 1,50660,1.0,13,5,48.29,255.87,Beauty,0.45,71.6,0.35,0.23,1,Medium,3,-1.0573809307875055,-1.019793581664687,Budget-Conscious / New
CUST101083,57,Female,Tier 3,46344,0.1,96,4,47.36,176.9,Fashion,0.44,49.9,0.22,0.05,2,Medium,0,-2.249052592342396,-0.2550479038919208,At-Risk / Dormant
CUST101084,39,Male,Tier 3,58589,3.1,100,7,76.65,509.84,Sports,0.36,42.5,0.46,0.04,1,Medium,0,-0.3676593905536834,0.3211349293053469,At-Risk / Dormant
CUST101085,39,Male,Tier 1,60326,6.8,9,9,87.55,799.01,Electronics,0.45,44.8,0.06,0.0,2,Low,2,1.4490896789783394,-0.4067545861591584,Champions (High-Value Loyal)
CUST101086,46,Female,Tier 2,73293,0.6,42,3,58.98,155.84,Groceries,0.34,59.1,0.38,0.18,1,Medium,3,-1.423980741358264,0.4572302449950171,Budget-Conscious / New
CUST101087,37,Female,Tier 1,19416,0.9,4,9,41.46,389.11,Groceries,0.62,97.0,0.49,0.02,0,Low,3,-0.2734223878422108,-2.917058575446132,Budget-Conscious / New
CUST101088,32,Female,Tier 3,38376,0.4,22,4,34.33,130.12,Fashion,0.4,43.6,0.53,0.25,0,Medium,3,-2.5569159545500546,-0.9815990042361282,Budget-Conscious / New
CUST101089,32,Female,Tier 1,48531,1.9,56,2,69.88,145.32,Home & Furniture,0.38,50.4,0.39,0.43,0,Medium,3,-1.834783722756478,0.1139184965846187,Budget-Conscious / New
CUST101090,34,Female,Tier 3,49985,0.4,48,6,52.31,345.31,Groceries,0.38,70.5,0.25,0.1,1,Low,3,-0.9359943399870048,-0.7733648276375904,Budget-Conscious / New
CUST101091,34,Female,Tier 2,49915,1.0,44,14,45.83,578.31,Electronics,0.12,58.4,0.29,0.19,1,Low,3,0.3004940148050748,-1.4357783370840136,Budget-Conscious / New
CUST101092,43,Male,Tier 2,77561,2.6,14,10,96.63,1091.21,Groceries,0.18,62.8,0.15,0.04,1,Low,2,2.1370956882962435,0.6302243743535957,Champions (High-Value Loyal)
CUST101093,35,Male,Tier 1,36531,1.8,21,5,41.64,210.12,Groceries,0.17,47.6,0.2,0.15,0,Medium,3,-1.8811862922638256,-1.2291200671384097,Budget-Conscious / New
CUST101094,43,Female,Tier 2,64018,1.1,4,3,68.61,231.95,Electronics,0.46,67.4,0.24,0.15,2,Medium,3,-0.9556235228564982,0.0839425353383159,Budget-Conscious / New
CUST101095,34,Female,Tier 1,79650,1.2,57,3,53.08,145.28,Sports,0.1,66.2,0.35,0.17,0,Medium,3,-1.1818291796825713,0.2934810315231677,Budget-Conscious / New
CUST101096,35,Male,Tier 1,103419,1.8,31,9,120.38,1117.41,Beauty,0.49,66.8,0.1,0.05,0,Low,1,2.68062438349645,2.1708170474260275,Mainstream Regulars
CUST101097,18,Male,Tier 2,44528,0.0,55,4,69.42,269.67,Fashion,0.44,42.4,0.35,0.11,0,Medium,3,-1.9372581241814588,0.3104412000336694,Budget-Conscious / New
CUST101098,45,Female,Tier 3,64840,0.2,12,4,74.12,320.87,Groceries,0.46,51.5,0.22,0.15,0,Medium,1,-1.1299038582169698,0.6705861518716122,Mainstream Regulars
CUST101099,38,Male,Tier 2,28730,4.7,17,5,21.03,108.49,Fashion,0.41,50.7,0.57,0.02,0,Medium,3,-1.8583153947570352,-2.5472451689558664,Budget-Conscious / New
CUST101100,45,Male,Tier 2,20944,0.2,18,5,55.59,277.49,Home & Furniture,0.53,46.5,0.39,0.18,0,Medium,3,-2.1299057370450205,-1.031591277583534,Budget-Conscious / New
CUST101101,18,Male,Tier 1,78405,2.7,1,8,75.34,677.39,Sports,0.57,64.7,0.12,0.06,1,Low,1,1.0048263938431252,0.1100194294427277,Mainstream Regulars
CUST101102,57,Male,Tier 1,78699,5.6,18,9,78.78,682.88,Fashion,0.37,73.1,0.37,0.2,1,Low,2,1.8652196628563344,-0.4648827869956858,Champions (High-Value Loyal)
CUST101103,33,Male,Tier 1,90413,0.7,73,2,130.02,238.2,Beauty,0.52,52.6,0.49,0.04,1,Medium,1,-0.4205877712553918,3.0748854003366364,Mainstream Regulars
CUST101104,47,Male,Tier 2,40078,1.0,102,3,42.84,132.69,Groceries,0.07,45.7,0.31,0.08,0,Medium,0,-2.573668456434951,-0.5193436997218537,At-Risk / Dormant
CUST101105,23,Male,Tier 3,59558,1.9,32,2,80.76,167.53,Fashion,0.63,51.5,0.26,0.01,1,Medium,3,-1.4024604385931376,0.6142020216254254,Budget-Conscious / New
CUST101106,41,Female,Tier 2,96038,4.7,27,12,108.46,1277.74,Sports,0.12,70.3,0.34,0.18,1,Low,2,3.679279701745516,0.8744099532340138,Champions (High-Value Loyal)
CUST101107,23,Male,Tier 1,72754,6.3,1,12,86.48,1033.59,Groceries,0.41,58.3,0.46,0.26,1,Low,2,2.676777965403266,-0.500782786351468,Champions (High-Value Loyal)
CUST101108,28,Female,Tier 1,72178,3.0,95,7,84.38,672.09,Fashion,0.45,56.4,0.77,0.03,1,Medium,1,0.5318977439846253,0.6585285578120117,Mainstream Regulars
CUST101109,56,Female,Tier 2,68554,0.2,1,7,82.77,619.83,Home & Furniture,0.45,56.9,0.54,0.09,0,Low,1,0.0984023204646159,0.6572848748259551,Mainstream Regulars
CUST101110,32,Male,Tier 1,40524,2.4,130,10,57.85,510.92,Fashion,0.36,40.8,0.43,0.06,0,Medium,0,-0.7096113179480811,-0.6828628964472864,At-Risk / Dormant
CUST101111,37,Female,Tier 3,80200,1.2,30,7,86.05,550.33,Fashion,0.28,65.4,0.32,0.06,0,Low,1,0.5206884644877009,0.820764289075298,Mainstream Regulars
CUST101112,44,Male,Tier 3,47604,1.4,18,8,82.34,752.7,Sports,0.5,56.9,0.14,0.05,0,Low,1,0.2891608889450649,-0.1568321088004597,Mainstream Regulars
CUST101113,40,Female,Tier 2,71080,0.1,116,6,59.54,381.51,Home & Furniture,0.39,53.1,0.37,0.08,1,Medium,0,-1.0540290878315657,0.632333900064516,At-Risk / Dormant
CUST101114,36,Male,Tier 1,42265,0.5,1,4,70.54,317.29,Beauty,0.11,68.1,0.21,0.02,1,Medium,3,-1.0766976537519442,-0.4826867486178907,Budget-Conscious / New
CUST101115,39,Female,Tier 1,50369,3.4,39,6,74.31,419.62,Fashion,0.55,46.7,0.53,0.16,1,Low,3,-0.5317594937357695,-0.2315667278961367,Budget-Conscious / New
CUST101116,61,Female,Tier 1,106231,1.3,35,5,119.0,638.17,Groceries,0.62,57.6,0.21,0.02,1,Medium,1,1.0578010023266593,2.7454317029398863,Mainstream Regulars
CUST101117,34,Male,Tier 1,63348,0.8,11,5,89.54,476.44,Sports,0.26,37.2,0.34,0.19,0,Medium,1,-0.7833778788613809,1.1499176012349177,Mainstream Regulars
CUST101118,37,Male,Tier 1,96958,1.1,25,7,99.41,653.01,Fashion,0.46,79.9,0.58,0.03,1,Low,1,1.4613601092749973,1.3710519352601884,Mainstream Regulars
CUST101119,46,Female,Tier 2,62991,4.2,47,12,44.46,541.65,Electronics,0.31,53.0,0.33,0.02,1,Low,3,0.5745065905043438,-1.3442697050511594,Budget-Conscious / New
CUST101120,47,Female,Tier 2,31645,3.0,58,6,45.29,282.13,Groceries,0.45,50.0,0.51,0.31,0,Low,3,-1.469871452281008,-1.4741672480874672,Budget-Conscious / New
CUST101121,48,Male,Tier 1,91257,0.7,1,9,81.18,726.48,Fashion,0.61,84.0,0.46,0.13,0,Low,1,1.6067399528446689,0.4953347731753587,Mainstream Regulars
CUST101122,42,Female,Tier 1,62181,0.3,124,5,60.84,334.06,Electronics,0.3,44.8,0.72,0.17,2,Medium,0,-1.5701060596634222,0.6441200908514696,At-Risk / Dormant
CUST101123,22,Male,Tier 1,77376,0.6,8,3,65.84,217.24,Beauty,0.48,40.8,0.28,0.18,0,Medium,1,-1.520819459805098,1.017995913894123,Mainstream Regulars
CUST101124,52,Female,Tier 1,77253,5.6,11,19,77.22,1621.5,Sports,0.08,95.5,0.09,0.28,0,Low,2,5.28257776518459,-1.6873453016875484,Champions (High-Value Loyal)
CUST101125,22,Male,Tier 3,22023,1.9,13,8,29.4,256.61,Groceries,0.26,73.0,0.13,0.29,1,Low,3,-1.1525085183423984,-2.747385304350477,Budget-Conscious / New
CUST101126,38,Female,Tier 1,74157,1.7,1,5,46.13,229.83,Home & Furniture,0.18,52.3,0.1,0.33,2,Medium,3,-1.0593819468195895,-0.1747808743836329,Budget-Conscious / New
CUST101127,26,Male,Tier 1,105932,2.0,5,5,118.78,572.78,Beauty,0.8,53.2,0.28,0.06,0,Medium,1,1.0277688720148346,2.598642698991509,Mainstream Regulars
CUST101128,34,Male,Tier 1,78473,1.0,193,7,118.7,913.5,Home & Furniture,0.44,39.5,0.36,0.33,0,Medium,0,0.5244693572173221,2.732661199433708,At-Risk / Dormant
CUST101129,38,Male,Tier 3,55164,3.6,17,10,75.06,748.39,Electronics,0.24,65.8,0.36,0.12,1,Low,2,1.174923388983994,-0.835150209996713,Champions (High-Value Loyal)
CUST101130,38,Male,Tier 2,80556,1.6,5,6,84.09,466.15,Electronics,0.53,38.8,0.37,0.07,1,Low,1,-0.2721111559811613,1.2358859089216343,Mainstream Regulars
CUST101131,39,Male,Tier 1,75392,0.3,5,4,82.01,328.76,Electronics,0.15,55.3,0.27,0.09,0,Medium,1,-0.7248001422518718,1.0616354600234443,Mainstream Regulars
CUST101132,52,Male,Tier 2,70571,0.3,57,9,72.49,582.31,Electronics,0.51,83.7,0.77,0.05,0,Low,1,0.7308121257118402,-0.0951639824629183,Mainstream Regulars
CUST101133,39,Female,Tier 2,41950,1.7,86,4,56.31,238.19,Fashion,0.3,38.6,0.34,0.13,2,Medium,0,-2.0636876615416324,-0.2095215914646486,At-Risk / Dormant
CUST101134,32,Male,Tier 3,58009,6.1,13,11,67.79,708.98,Fashion,0.54,63.7,0.47,0.07,1,Low,2,1.5922737933703468,-1.4101671104227949,Champions (High-Value Loyal)
CUST101135,45,Male,Tier 1,92637,0.8,1,8,84.58,628.06,Fashion,0.12,51.7,0.22,0.07,0,Low,1,0.6381917561602726,1.316438727197317,Mainstream Regulars
CUST101136,48,Male,Tier 3,45150,4.5,11,7,82.87,659.53,Electronics,0.03,70.2,0.35,0.06,0,Low,1,0.8298531988218979,-0.9417509175141244,Mainstream Regulars
CUST101137,21,Male,Tier 3,75040,3.2,2,6,60.23,391.4,Groceries,0.55,76.2,0.2,0.01,1,Low,1,0.3593538037881742,-0.5637198388064762,Mainstream Regulars
CUST101138,41,Male,Tier 3,55749,0.6,4,4,77.23,335.52,Fashion,0.32,71.8,0.09,0.03,1,Medium,3,-0.6483853078236821,-0.003213294656372,Budget-Conscious / New
CUST101139,42,Male,Tier 2,46820,0.1,25,5,57.5,298.17,Beauty,0.58,42.5,0.3,0.02,0,Medium,3,-1.78794037042469,-0.1205870008906142,Budget-Conscious / New
CUST101140,31,Male,Tier 2,76357,0.2,11,9,112.14,1111.95,Electronics,0.5,72.9,0.23,0.13,0,Low,1,2.0431865550342745,1.2620425878600687,Mainstream Regulars
CUST101141,50,Male,Tier 1,70837,2.9,32,13,84.14,1178.86,Beauty,0.59,90.0,0.29,0.18,2,Low,2,3.0726753443722385,-0.6514986088989805,Champions (High-Value Loyal)
CUST101142,33,Female,Tier 2,72871,0.5,13,5,75.33,387.81,Sports,0.58,64.8,0.28,0.15,0,Medium,1,-0.3787639879710192,0.548214165963868,Mainstream Regulars
CUST101143,36,Female,Tier 2,55148,1.0,127,7,62.24,495.95,Home & Furniture,0.37,57.0,0.15,0.24,0,Medium,0,-0.7208499156554707,-0.0087031311689519,At-Risk / Dormant
CUST101144,33,Male,Tier 2,58123,1.5,106,6,69.03,375.86,Home & Furniture,0.63,45.7,0.2,0.17,0,Medium,0,-1.050037996987058,0.3904092490055175,At-Risk / Dormant
CUST101145,35,Male,Tier 1,78884,2.8,37,8,68.59,621.71,Sports,0.49,64.9,0.18,0.15,0,Low,1,0.7756575289693907,0.0346124415333632,Mainstream Regulars
CUST101146,22,Female,Tier 2,60036,0.3,19,3,58.53,170.4,Electronics,0.71,68.9,0.3,0.08,0,Medium,3,-1.3890690113658164,-0.150041649713954,Budget-Conscious / New
CUST101147,19,Male,Tier 3,15000,1.1,21,3,8.0,24.2,Sports,0.15,57.8,0.03,0.01,1,Medium,3,-3.131572868113998,-2.660947266043039,Budget-Conscious / New
CUST101148,52,Female,Tier 1,56617,1.5,23,6,53.34,283.82,Home & Furniture,0.24,44.7,0.19,0.16,2,Low,3,-1.2738744743326569,-0.3119900597290654,Budget-Conscious / New
CUST101149,25,Male,Tier 3,67729,1.7,58,6,77.85,472.72,Home & Furniture,0.35,50.7,0.34,0.17,1,Low,1,-0.367393351046388,0.623521459053521,Mainstream Regulars
CUST101150,24,Female,Tier 2,53221,3.8,27,5,68.85,355.73,Fashion,0.47,71.8,0.43,0.07,1,Medium,3,-0.1215405447114028,-0.8218245963238673,Budget-Conscious / New
CUST101151,18,Female,Tier 3,38772,0.4,87,5,22.62,129.99,Groceries,0.65,55.2,0.27,0.17,0,Medium,3,-2.4381494089720928,-1.3796900568356545,Budget-Conscious / New
CUST101152,27,Female,Tier 1,42345,3.6,129,9,53.23,547.37,Groceries,0.28,56.5,0.29,0.1,1,Medium,0,-0.2447506825307998,-1.1730921521717603,At-Risk / Dormant
CUST101153,20,Female,Tier 1,44564,2.6,18,5,65.59,373.84,Groceries,0.48,51.6,0.38,0.17,0,Medium,3,-0.9314083259035624,-0.5786050949566326,Budget-Conscious / New
CUST101154,53,Male,Tier 3,25807,1.8,37,4,39.06,149.13,Home & Furniture,0.33,68.6,0.46,0.17,0,Medium,3,-1.8687587601131277,-1.8978145498608607,Budget-Conscious / New
CUST101155,46,Male,Tier 1,72576,2.6,4,6,70.97,488.58,Electronics,0.38,81.5,0.09,0.04,0,Low,1,0.6361825208597057,-0.3438069775212019,Mainstream Regulars
CUST101156,27,Female,Tier 3,41028,1.2,10,3,48.01,142.11,Fashion,0.73,70.2,0.26,0.04,1,Medium,3,-1.668410542673148,-1.1699795891373894,Budget-Conscious / New
CUST101157,59,Female,Tier 2,52201,0.3,24,7,55.39,428.66,Fashion,0.49,78.9,0.36,0.1,0,Low,3,-0.3543221592142171,-0.9269623410176072,Budget-Conscious / New
CUST101158,45,Male,Tier 2,62773,2.4,10,10,62.76,574.19,Fashion,0.64,64.7,0.29,0.21,0,Low,1,0.6290715818222691,-0.7653055697640918,Mainstream Regulars
CUST101159,31,Male,Tier 1,74951,1.6,94,4,85.07,340.88,Electronics,0.65,42.6,0.17,0.17,0,Medium,0,-0.935926786701772,1.4505039637989765,At-Risk / Dormant
CUST101160,18,Male,Tier 2,90877,2.2,7,9,130.35,1337.16,Electronics,0.18,65.4,0.27,0.26,1,Low,2,3.062609404883787,1.991046616732024,Champions (High-Value Loyal)
CUST101161,60,Male,Tier 1,52786,0.9,27,3,52.83,179.75,Fashion,0.3,53.8,0.42,0.42,1,Medium,3,-1.8288793944909445,-0.2737431643303797,Budget-Conscious / New
CUST101162,19,Female,Tier 1,84468,5.2,41,6,85.62,542.04,Groceries,0.49,75.1,0.79,0.01,0,Low,1,1.326731461859694,0.1989360653313948,Mainstream Regulars
CUST101163,18,Male,Tier 1,80715,1.9,52,6,86.49,565.3,Electronics,0.53,70.8,0.53,0.09,1,Low,1,0.6196018129753335,0.7792101454734687,Mainstream Regulars
CUST101164,46,Male,Tier 1,60376,0.2,21,7,60.0,379.23,Sports,0.86,68.4,0.41,0.03,0,Low,3,-0.5005803667881019,-0.3668677057928063,Budget-Conscious / New
CUST101165,61,Male,Tier 3,69058,1.3,91,6,94.02,601.63,Home & Furniture,0.75,35.7,0.33,0.07,0,Medium,0,-0.4130720125424426,1.5664429706396448,At-Risk / Dormant
CUST101166,50,Male,Tier 3,52762,3.1,37,8,28.41,235.33,Home & Furniture,0.48,42.0,0.5,0.02,0,Low,3,-1.281269335802173,-1.3993572582358556,Budget-Conscious / New
CUST101167,41,Male,Tier 1,75742,3.5,26,8,75.15,527.53,Electronics,0.07,66.3,0.26,0.07,0,Low,1,0.8370178466240855,-0.0804603019297514,Mainstream Regulars
CUST101168,41,Female,Tier 2,89564,1.5,3,5,106.91,472.51,Groceries,0.15,70.3,0.42,0.15,0,Medium,1,0.7645111503796566,1.5438574048608236,Mainstream Regulars
CUST101169,44,Female,Tier 1,84500,5.0,28,12,86.01,910.88,Groceries,0.61,70.2,0.21,0.03,1,Low,2,2.648273746742937,-0.1365901121892667,Champions (High-Value Loyal)
CUST101170,43,Female,Tier 2,72354,0.7,77,5,67.98,362.78,Sports,0.49,75.3,0.17,0.12,2,Medium,1,-0.3851503097610551,0.300523595271797,Mainstream Regulars
CUST101171,38,Male,Tier 3,48454,1.2,42,4,66.99,239.16,Home & Furniture,0.7,40.8,0.31,0.09,2,Medium,3,-1.7577392836538135,0.1495832048197591,Budget-Conscious / New
CUST101172,36,Female,Tier 3,28686,5.0,80,7,57.5,398.6,Groceries,0.1,41.5,0.09,0.09,0,Medium,3,-0.9246994829057074,-1.3982843403927547,Budget-Conscious / New
CUST101173,34,Female,Tier 1,65847,5.0,30,6,78.03,448.09,Beauty,0.45,51.0,0.24,0.04,0,Low,1,0.2062089810053629,-0.0651180594043485,Mainstream Regulars
CUST101174,26,Female,Tier 2,78118,2.5,5,10,73.08,741.87,Electronics,0.3,61.1,0.31,0.14,0,Low,1,1.2263154202233786,0.0059778042376362,Mainstream Regulars
CUST101175,31,Male,Tier 1,40910,4.3,1,8,60.93,517.63,Electronics,0.22,72.2,0.32,0.04,0,Low,3,0.413591445964095,-1.770673720056702,Budget-Conscious / New
CUST101176,18,Male,Tier 3,29208,0.2,16,3,38.31,121.3,Home & Furniture,0.04,49.3,0.28,0.12,0,Medium,3,-2.691289438265576,-1.1602823384809016,Budget-Conscious / New
CUST101177,33,Male,Tier 1,71472,4.4,53,10,90.74,911.62,Electronics,0.21,46.1,0.04,0.35,0,Low,2,1.5078126432290082,0.4360754513592744,Champions (High-Value Loyal)
CUST101178,24,Male,Tier 2,37876,0.9,70,3,73.81,219.06,Electronics,0.7,59.7,0.32,0.22,3,Medium,3,-1.6791558012323766,-0.1383114720165798,Budget-Conscious / New
CUST101179,22,Male,Tier 2,40534,0.4,15,3,14.69,42.72,Home & Furniture,0.43,33.4,0.63,0.04,3,Medium,3,-3.286693462939859,-1.1732592410018756,Budget-Conscious / New
CUST101180,36,Male,Tier 2,52775,0.6,30,2,65.65,145.56,Fashion,0.4,38.1,0.4,0.07,0,Medium,3,-2.2790059253827546,0.5035150309078216,Budget-Conscious / New
CUST101181,50,Male,Tier 1,51418,1.2,24,5,36.81,174.71,Groceries,0.69,38.1,0.16,0.35,0,Medium,3,-2.099896007288453,-0.6355318707762813,Budget-Conscious / New
CUST101182,45,Female,Tier 3,41465,0.6,23,3,91.18,253.79,Beauty,0.47,56.2,0.71,0.16,1,Medium,3,-1.367232010963972,0.3859432440945052,Budget-Conscious / New
CUST101183,18,Male,Tier 1,75861,0.9,11,7,76.2,572.34,Fashion,0.19,65.1,0.24,0.14,0,Low,1,0.3402665689697067,0.4432216407025721,Mainstream Regulars
CUST101184,24,Male,Tier 2,32067,0.3,6,2,57.92,110.97,Electronics,0.28,76.4,0.41,0.11,0,Medium,3,-1.8718872030457363,-1.083504905800358,Budget-Conscious / New
CUST101185,45,Female,Tier 1,45238,0.8,9,3,57.17,189.36,Electronics,0.49,66.1,0.33,0.12,0,Medium,3,-1.566451027214122,-0.6626988376843677,Budget-Conscious / New
CUST101186,24,Female,Tier 1,54259,1.9,2,7,53.17,352.97,Electronics,0.4,81.1,0.3,0.53,1,Low,3,-0.0976981447893872,-1.3132693907559276,Budget-Conscious / New
CUST101187,32,Female,Tier 2,71975,1.3,9,10,66.15,701.58,Electronics,0.57,72.6,0.17,0.26,0,Low,1,1.0227285395806922,-0.3742148946904288,Mainstream Regulars
CUST101188,41,Female,Tier 1,68855,0.9,1,5,101.16,436.77,Electronics,0.59,48.2,0.16,0.29,1,Medium,1,-0.3120315479805243,1.3310562368851413,Mainstream Regulars
CUST101189,24,Female,Tier 1,57237,3.0,44,4,82.04,316.89,Fashion,0.15,55.1,0.15,0.13,1,Medium,1,-0.6514466121177186,0.2254196439111651,Mainstream Regulars
CUST101190,36,Female,Tier 1,71198,4.9,17,9,108.49,930.49,Fashion,0.2,73.4,0.16,0.05,1,Low,2,2.431711029591225,0.2289055792299373,Champions (High-Value Loyal)
CUST101191,20,Male,Tier 1,32577,3.1,162,6,47.98,315.23,Home & Furniture,0.25,54.2,0.23,0.06,0,Medium,0,-1.4771311541116918,-1.1451376499625174,At-Risk / Dormant
CUST101192,28,Male,Tier 2,66104,0.9,9,7,79.41,633.76,Beauty,0.41,57.4,0.26,0.13,0,Low,1,0.1538211253937426,0.4039735235471028,Mainstream Regulars
CUST101193,38,Male,Tier 3,63101,3.0,19,7,68.58,474.43,Home & Furniture,0.18,68.0,0.55,0.36,1,Low,1,0.2927998558700751,-0.5103940081361862,Mainstream Regulars
CUST101194,18,Male,Tier 1,55832,0.4,19,6,62.22,409.7,Groceries,0.15,48.9,0.53,0.2,0,Low,3,-1.0475889568732464,-0.0018771759819943,Budget-Conscious / New
CUST101195,39,Male,Tier 1,89706,0.3,1,3,79.13,251.61,Electronics,0.44,43.4,0.36,0.04,1,Medium,1,-1.070410426489069,1.6922195795959347,Mainstream Regulars
CUST101196,34,Female,Tier 1,49305,0.9,82,7,62.35,497.65,Home & Furniture,0.35,42.4,0.63,0.09,1,Medium,0,-1.0684212208039885,-0.0070208713065421,At-Risk / Dormant
CUST101197,41,Female,Tier 1,92702,3.6,1,15,85.41,1400.72,Fashion,0.68,80.2,0.67,0.34,0,Low,2,4.036149202381007,-0.1390872969251813,Champions (High-Value Loyal)
CUST101198,37,Female,Tier 2,63580,0.6,126,4,79.61,278.08,Electronics,0.12,31.3,0.22,0.08,0,Medium,0,-1.7972528833545005,1.4650718215189338,At-Risk / Dormant
CUST101199,50,Male,Tier 2,59942,0.1,100,0,72.5,0.0,Beauty,0.79,34.9,0.22,0.13,1,Medium,0,-2.9051586171522104,1.3921926759041416,At-Risk / Dormant
